# task_id	mode	env_name	seed	steps	params	extra_args
# Extended online goal tasks generated from the requested environment, algorithm, capacity, and seed filters.
# Assignment partition: local_2x.
# Default protocol: horizon <=100 uses M/100k; horizon 101--999 uses M/200k; horizon >=1000 uses L/500k. Total steps are rounded up to a complete episode.
# GCSL uses independent per-action 3-bin heads when action_dim >= 7; task IDs mark those runs as factorized.
extended_v1_QRL-M_100k_20kckpt_val200_test200_handreach_v2_online_s1000	online	HandReach-v2	1000	100000	4.3m	env.kind=gymnasium_robotics env.init_num_transitions=100000 env.increment_num_transitions=100000 +qrl_model_size=m batch_size=256 agent.training_schedule=joint agent.actor.losses.min_dist.adaptive_entropy_regularizer=true agent.actor.losses.min_dist.entropy_mc_samples=100 agent.actor.losses.min_dist.add_goal_as_future_state=true agent.actor.losses.behavior_cloning.weight=0 agent.goal_set_distance.enabled=false interaction.exploration_eps=0 interaction.validation_seed=1000 interaction.test_seed=2000000 interaction.num_eval_episodes=200 interaction.num_test_episodes=200 save_steps=20000 eval_steps=null keep_only_latest_checkpoint=true keep_only_best_and_final_checkpoints=true save_replay_buffer=true save_final_replay_buffer=true resume_if_possible=true
extended_v1_QRL-M_100k_20kckpt_val200_test200_handreach_v2_online_s1001	online	HandReach-v2	1001	100000	4.3m	env.kind=gymnasium_robotics env.init_num_transitions=100000 env.increment_num_transitions=100000 +qrl_model_size=m batch_size=256 agent.training_schedule=joint agent.actor.losses.min_dist.adaptive_entropy_regularizer=true agent.actor.losses.min_dist.entropy_mc_samples=100 agent.actor.losses.min_dist.add_goal_as_future_state=true agent.actor.losses.behavior_cloning.weight=0 agent.goal_set_distance.enabled=false interaction.exploration_eps=0 interaction.validation_seed=1000 interaction.test_seed=2000000 interaction.num_eval_episodes=200 interaction.num_test_episodes=200 save_steps=20000 eval_steps=null keep_only_latest_checkpoint=true keep_only_best_and_final_checkpoints=true save_replay_buffer=true save_final_replay_buffer=true resume_if_possible=true
extended_v1_QRL-M_100k_20kckpt_val200_test200_handreach_v2_online_s1003	online	HandReach-v2	1003	100000	4.3m	env.kind=gymnasium_robotics env.init_num_transitions=100000 env.increment_num_transitions=100000 +qrl_model_size=m batch_size=256 agent.training_schedule=joint agent.actor.losses.min_dist.adaptive_entropy_regularizer=true agent.actor.losses.min_dist.entropy_mc_samples=100 agent.actor.losses.min_dist.add_goal_as_future_state=true agent.actor.losses.behavior_cloning.weight=0 agent.goal_set_distance.enabled=false interaction.exploration_eps=0 interaction.validation_seed=1000 interaction.test_seed=2000000 interaction.num_eval_episodes=200 interaction.num_test_episodes=200 save_steps=20000 eval_steps=null keep_only_latest_checkpoint=true keep_only_best_and_final_checkpoints=true save_replay_buffer=true save_final_replay_buffer=true resume_if_possible=true
extended_v1_QRL-M_100k_20kckpt_val200_test200_handreach_v2_online_s1004	online	HandReach-v2	1004	100000	4.3m	env.kind=gymnasium_robotics env.init_num_transitions=100000 env.increment_num_transitions=100000 +qrl_model_size=m batch_size=256 agent.training_schedule=joint agent.actor.losses.min_dist.adaptive_entropy_regularizer=true agent.actor.losses.min_dist.entropy_mc_samples=100 agent.actor.losses.min_dist.add_goal_as_future_state=true agent.actor.losses.behavior_cloning.weight=0 agent.goal_set_distance.enabled=false interaction.exploration_eps=0 interaction.validation_seed=1000 interaction.test_seed=2000000 interaction.num_eval_episodes=200 interaction.num_test_episodes=200 save_steps=20000 eval_steps=null keep_only_latest_checkpoint=true keep_only_best_and_final_checkpoints=true save_replay_buffer=true save_final_replay_buffer=true resume_if_possible=true
extended_v1_TD-InfoNCE-M_100k_20kckpt_val200_test200_handreach_v2_online_s1001	online	HandReach-v2	1001	100000	4.2m	env.kind=gymnasium_robotics env.init_num_transitions=100000 env.increment_num_transitions=100000 agent.algorithm=td_infonce +td_infonce_model_size=m batch_size=256 interaction.exploration_eps=0 interaction.validation_seed=1000 interaction.test_seed=2000000 interaction.num_eval_episodes=200 interaction.num_test_episodes=200 save_steps=20000 eval_steps=null keep_only_latest_checkpoint=true keep_only_best_and_final_checkpoints=true save_replay_buffer=true save_final_replay_buffer=true resume_if_possible=true
extended_v1_TD-InfoNCE-M_100k_20kckpt_val200_test200_handreach_v2_online_s1002	online	HandReach-v2	1002	100000	4.2m	env.kind=gymnasium_robotics env.init_num_transitions=100000 env.increment_num_transitions=100000 agent.algorithm=td_infonce +td_infonce_model_size=m batch_size=256 interaction.exploration_eps=0 interaction.validation_seed=1000 interaction.test_seed=2000000 interaction.num_eval_episodes=200 interaction.num_test_episodes=200 save_steps=20000 eval_steps=null keep_only_latest_checkpoint=true keep_only_best_and_final_checkpoints=true save_replay_buffer=true save_final_replay_buffer=true resume_if_possible=true
extended_v1_TD-InfoNCE-M_100k_20kckpt_val200_test200_handreach_v2_online_s1004	online	HandReach-v2	1004	100000	4.2m	env.kind=gymnasium_robotics env.init_num_transitions=100000 env.increment_num_transitions=100000 agent.algorithm=td_infonce +td_infonce_model_size=m batch_size=256 interaction.exploration_eps=0 interaction.validation_seed=1000 interaction.test_seed=2000000 interaction.num_eval_episodes=200 interaction.num_test_episodes=200 save_steps=20000 eval_steps=null keep_only_latest_checkpoint=true keep_only_best_and_final_checkpoints=true save_replay_buffer=true save_final_replay_buffer=true resume_if_possible=true
extended_v1_GCSL-M_100k_20kckpt_val200_test200_factorized_handreach_v2_online_s1000	online	HandReach-v2	1000	100000	4.3m	env.kind=gymnasium_robotics env.init_num_transitions=100000 env.increment_num_transitions=100000 agent.algorithm=gcsl +gcsl_model_size=m batch_size=256 interaction.exploration_eps=0 agent.baselines.gcbc.action_discretization=factorized interaction.validation_seed=1000 interaction.test_seed=2000000 interaction.num_eval_episodes=200 interaction.num_test_episodes=200 save_steps=20000 eval_steps=null keep_only_latest_checkpoint=true keep_only_best_and_final_checkpoints=true save_replay_buffer=true save_final_replay_buffer=true resume_if_possible=true
extended_v1_GCSL-M_100k_20kckpt_val200_test200_factorized_handreach_v2_online_s1002	online	HandReach-v2	1002	100000	4.3m	env.kind=gymnasium_robotics env.init_num_transitions=100000 env.increment_num_transitions=100000 agent.algorithm=gcsl +gcsl_model_size=m batch_size=256 interaction.exploration_eps=0 agent.baselines.gcbc.action_discretization=factorized interaction.validation_seed=1000 interaction.test_seed=2000000 interaction.num_eval_episodes=200 interaction.num_test_episodes=200 save_steps=20000 eval_steps=null keep_only_latest_checkpoint=true keep_only_best_and_final_checkpoints=true save_replay_buffer=true save_final_replay_buffer=true resume_if_possible=true
extended_v1_GCSL-M_100k_20kckpt_val200_test200_factorized_handreach_v2_online_s1003	online	HandReach-v2	1003	100000	4.3m	env.kind=gymnasium_robotics env.init_num_transitions=100000 env.increment_num_transitions=100000 agent.algorithm=gcsl +gcsl_model_size=m batch_size=256 interaction.exploration_eps=0 agent.baselines.gcbc.action_discretization=factorized interaction.validation_seed=1000 interaction.test_seed=2000000 interaction.num_eval_episodes=200 interaction.num_test_episodes=200 save_steps=20000 eval_steps=null keep_only_latest_checkpoint=true keep_only_best_and_final_checkpoints=true save_replay_buffer=true save_final_replay_buffer=true resume_if_possible=true
extended_v1_C-Learning-M_100k_20kckpt_val200_test200_handreach_v2_online_s1000	online	HandReach-v2	1000	100000	4.6m	env.kind=gymnasium_robotics env.init_num_transitions=100000 env.increment_num_transitions=100000 agent.algorithm=c_learning +c_learning_model_size=m batch_size=256 interaction.exploration_eps=0 interaction.validation_seed=1000 interaction.test_seed=2000000 interaction.num_eval_episodes=200 interaction.num_test_episodes=200 save_steps=20000 eval_steps=null keep_only_latest_checkpoint=true keep_only_best_and_final_checkpoints=true save_replay_buffer=true save_final_replay_buffer=true resume_if_possible=true
extended_v1_C-Learning-M_100k_20kckpt_val200_test200_handreach_v2_online_s1001	online	HandReach-v2	1001	100000	4.6m	env.kind=gymnasium_robotics env.init_num_transitions=100000 env.increment_num_transitions=100000 agent.algorithm=c_learning +c_learning_model_size=m batch_size=256 interaction.exploration_eps=0 interaction.validation_seed=1000 interaction.test_seed=2000000 interaction.num_eval_episodes=200 interaction.num_test_episodes=200 save_steps=20000 eval_steps=null keep_only_latest_checkpoint=true keep_only_best_and_final_checkpoints=true save_replay_buffer=true save_final_replay_buffer=true resume_if_possible=true
extended_v1_C-Learning-M_100k_20kckpt_val200_test200_handreach_v2_online_s1003	online	HandReach-v2	1003	100000	4.6m	env.kind=gymnasium_robotics env.init_num_transitions=100000 env.increment_num_transitions=100000 agent.algorithm=c_learning +c_learning_model_size=m batch_size=256 interaction.exploration_eps=0 interaction.validation_seed=1000 interaction.test_seed=2000000 interaction.num_eval_episodes=200 interaction.num_test_episodes=200 save_steps=20000 eval_steps=null keep_only_latest_checkpoint=true keep_only_best_and_final_checkpoints=true save_replay_buffer=true save_final_replay_buffer=true resume_if_possible=true
extended_v1_C-Learning-M_100k_20kckpt_val200_test200_handreach_v2_online_s1004	online	HandReach-v2	1004	100000	4.6m	env.kind=gymnasium_robotics env.init_num_transitions=100000 env.increment_num_transitions=100000 agent.algorithm=c_learning +c_learning_model_size=m batch_size=256 interaction.exploration_eps=0 interaction.validation_seed=1000 interaction.test_seed=2000000 interaction.num_eval_episodes=200 interaction.num_test_episodes=200 save_steps=20000 eval_steps=null keep_only_latest_checkpoint=true keep_only_best_and_final_checkpoints=true save_replay_buffer=true save_final_replay_buffer=true resume_if_possible=true
extended_v1_CRL-M_100k_20kckpt_val200_test200_handreach_v2_online_s1001	online	HandReach-v2	1001	100000	4.5m	env.kind=gymnasium_robotics env.init_num_transitions=100000 env.increment_num_transitions=100000 agent.algorithm=crl +crl_model_size=m batch_size=256 interaction.exploration_eps=0 interaction.validation_seed=1000 interaction.test_seed=2000000 interaction.num_eval_episodes=200 interaction.num_test_episodes=200 save_steps=20000 eval_steps=null keep_only_latest_checkpoint=true keep_only_best_and_final_checkpoints=true save_replay_buffer=true save_final_replay_buffer=true resume_if_possible=true
extended_v1_CRL-M_100k_20kckpt_val200_test200_handreach_v2_online_s1002	online	HandReach-v2	1002	100000	4.5m	env.kind=gymnasium_robotics env.init_num_transitions=100000 env.increment_num_transitions=100000 agent.algorithm=crl +crl_model_size=m batch_size=256 interaction.exploration_eps=0 interaction.validation_seed=1000 interaction.test_seed=2000000 interaction.num_eval_episodes=200 interaction.num_test_episodes=200 save_steps=20000 eval_steps=null keep_only_latest_checkpoint=true keep_only_best_and_final_checkpoints=true save_replay_buffer=true save_final_replay_buffer=true resume_if_possible=true
extended_v1_CRL-M_100k_20kckpt_val200_test200_handreach_v2_online_s1004	online	HandReach-v2	1004	100000	4.5m	env.kind=gymnasium_robotics env.init_num_transitions=100000 env.increment_num_transitions=100000 agent.algorithm=crl +crl_model_size=m batch_size=256 interaction.exploration_eps=0 interaction.validation_seed=1000 interaction.test_seed=2000000 interaction.num_eval_episodes=200 interaction.num_test_episodes=200 save_steps=20000 eval_steps=null keep_only_latest_checkpoint=true keep_only_best_and_final_checkpoints=true save_replay_buffer=true save_final_replay_buffer=true resume_if_possible=true
extended_v1_CQRL-Inner1-M_100k_20kckpt_val200_test200_handreach_v2_online_s1000	online	HandReach-v2	1000	100000	4.5m	env.kind=gymnasium_robotics env.init_num_transitions=100000 env.increment_num_transitions=100000 +cqrl_model_size=m batch_size=256 agent.training_schedule=joint agent.actor.losses.min_dist.adaptive_entropy_regularizer=true agent.actor.losses.min_dist.entropy_mc_samples=100 agent.actor.losses.min_dist.add_goal_as_future_state=true agent.actor.losses.behavior_cloning.weight=0 agent.goal_set_distance.enabled=false interaction.exploration_eps=0 agent.quasimetric_critic.losses.separate_latent_dynamics=false agent.quasimetric_critic.losses.latent_dynamics.distance=iqe_mse agent.quasimetric_critic.losses.latent_dynamics.mse_weight=1.0 agent.quasimetric_critic.losses.latent_dynamics.iqe_weight=1.0 agent.quasimetric_critic.model.encoder.branch_normalization=none agent.actor.losses.min_dist.latent_goal_mode=max agent.actor.losses.min_dist.latent_goal_keep_best=true agent.actor.losses.min_dist.latent_goal_lr=0.01 agent.actor.losses.min_dist.latent_goal_search=direct agent.actor.losses.min_dist.latent_goal_optim=sgd agent.actor.losses.min_dist.latent_goal_steps=1 interaction.validation_seed=1000 interaction.test_seed=2000000 interaction.num_eval_episodes=200 interaction.num_test_episodes=200 save_steps=20000 eval_steps=null keep_only_latest_checkpoint=true keep_only_best_and_final_checkpoints=true save_replay_buffer=true save_final_replay_buffer=true resume_if_possible=true
extended_v1_CQRL-Inner1-M_100k_20kckpt_val200_test200_handreach_v2_online_s1002	online	HandReach-v2	1002	100000	4.5m	env.kind=gymnasium_robotics env.init_num_transitions=100000 env.increment_num_transitions=100000 +cqrl_model_size=m batch_size=256 agent.training_schedule=joint agent.actor.losses.min_dist.adaptive_entropy_regularizer=true agent.actor.losses.min_dist.entropy_mc_samples=100 agent.actor.losses.min_dist.add_goal_as_future_state=true agent.actor.losses.behavior_cloning.weight=0 agent.goal_set_distance.enabled=false interaction.exploration_eps=0 agent.quasimetric_critic.losses.separate_latent_dynamics=false agent.quasimetric_critic.losses.latent_dynamics.distance=iqe_mse agent.quasimetric_critic.losses.latent_dynamics.mse_weight=1.0 agent.quasimetric_critic.losses.latent_dynamics.iqe_weight=1.0 agent.quasimetric_critic.model.encoder.branch_normalization=none agent.actor.losses.min_dist.latent_goal_mode=max agent.actor.losses.min_dist.latent_goal_keep_best=true agent.actor.losses.min_dist.latent_goal_lr=0.01 agent.actor.losses.min_dist.latent_goal_search=direct agent.actor.losses.min_dist.latent_goal_optim=sgd agent.actor.losses.min_dist.latent_goal_steps=1 interaction.validation_seed=1000 interaction.test_seed=2000000 interaction.num_eval_episodes=200 interaction.num_test_episodes=200 save_steps=20000 eval_steps=null keep_only_latest_checkpoint=true keep_only_best_and_final_checkpoints=true save_replay_buffer=true save_final_replay_buffer=true resume_if_possible=true
extended_v1_CQRL-Inner1-M_100k_20kckpt_val200_test200_handreach_v2_online_s1003	online	HandReach-v2	1003	100000	4.5m	env.kind=gymnasium_robotics env.init_num_transitions=100000 env.increment_num_transitions=100000 +cqrl_model_size=m batch_size=256 agent.training_schedule=joint agent.actor.losses.min_dist.adaptive_entropy_regularizer=true agent.actor.losses.min_dist.entropy_mc_samples=100 agent.actor.losses.min_dist.add_goal_as_future_state=true agent.actor.losses.behavior_cloning.weight=0 agent.goal_set_distance.enabled=false interaction.exploration_eps=0 agent.quasimetric_critic.losses.separate_latent_dynamics=false agent.quasimetric_critic.losses.latent_dynamics.distance=iqe_mse agent.quasimetric_critic.losses.latent_dynamics.mse_weight=1.0 agent.quasimetric_critic.losses.latent_dynamics.iqe_weight=1.0 agent.quasimetric_critic.model.encoder.branch_normalization=none agent.actor.losses.min_dist.latent_goal_mode=max agent.actor.losses.min_dist.latent_goal_keep_best=true agent.actor.losses.min_dist.latent_goal_lr=0.01 agent.actor.losses.min_dist.latent_goal_search=direct agent.actor.losses.min_dist.latent_goal_optim=sgd agent.actor.losses.min_dist.latent_goal_steps=1 interaction.validation_seed=1000 interaction.test_seed=2000000 interaction.num_eval_episodes=200 interaction.num_test_episodes=200 save_steps=20000 eval_steps=null keep_only_latest_checkpoint=true keep_only_best_and_final_checkpoints=true save_replay_buffer=true save_final_replay_buffer=true resume_if_possible=true
extended_v1_QRL-M_100k_20kckpt_val200_test200_handmanipulateblockrotatez_v1_online_s1000	online	HandManipulateBlockRotateZ-v1	1000	100000	4.3m	env.kind=gymnasium_robotics env.init_num_transitions=100000 env.increment_num_transitions=100000 +qrl_model_size=m batch_size=256 agent.training_schedule=joint agent.actor.losses.min_dist.adaptive_entropy_regularizer=true agent.actor.losses.min_dist.entropy_mc_samples=100 agent.actor.losses.min_dist.add_goal_as_future_state=true agent.actor.losses.behavior_cloning.weight=0 agent.goal_set_distance.enabled=false interaction.exploration_eps=0 interaction.validation_seed=1000 interaction.test_seed=2000000 interaction.num_eval_episodes=200 interaction.num_test_episodes=200 save_steps=20000 eval_steps=null keep_only_latest_checkpoint=true keep_only_best_and_final_checkpoints=true save_replay_buffer=true save_final_replay_buffer=true resume_if_possible=true
extended_v1_QRL-M_100k_20kckpt_val200_test200_handmanipulateblockrotatez_v1_online_s1002	online	HandManipulateBlockRotateZ-v1	1002	100000	4.3m	env.kind=gymnasium_robotics env.init_num_transitions=100000 env.increment_num_transitions=100000 +qrl_model_size=m batch_size=256 agent.training_schedule=joint agent.actor.losses.min_dist.adaptive_entropy_regularizer=true agent.actor.losses.min_dist.entropy_mc_samples=100 agent.actor.losses.min_dist.add_goal_as_future_state=true agent.actor.losses.behavior_cloning.weight=0 agent.goal_set_distance.enabled=false interaction.exploration_eps=0 interaction.validation_seed=1000 interaction.test_seed=2000000 interaction.num_eval_episodes=200 interaction.num_test_episodes=200 save_steps=20000 eval_steps=null keep_only_latest_checkpoint=true keep_only_best_and_final_checkpoints=true save_replay_buffer=true save_final_replay_buffer=true resume_if_possible=true
extended_v1_QRL-M_100k_20kckpt_val200_test200_handmanipulateblockrotatez_v1_online_s1003	online	HandManipulateBlockRotateZ-v1	1003	100000	4.3m	env.kind=gymnasium_robotics env.init_num_transitions=100000 env.increment_num_transitions=100000 +qrl_model_size=m batch_size=256 agent.training_schedule=joint agent.actor.losses.min_dist.adaptive_entropy_regularizer=true agent.actor.losses.min_dist.entropy_mc_samples=100 agent.actor.losses.min_dist.add_goal_as_future_state=true agent.actor.losses.behavior_cloning.weight=0 agent.goal_set_distance.enabled=false interaction.exploration_eps=0 interaction.validation_seed=1000 interaction.test_seed=2000000 interaction.num_eval_episodes=200 interaction.num_test_episodes=200 save_steps=20000 eval_steps=null keep_only_latest_checkpoint=true keep_only_best_and_final_checkpoints=true save_replay_buffer=true save_final_replay_buffer=true resume_if_possible=true
extended_v1_TD-InfoNCE-M_100k_20kckpt_val200_test200_handmanipulateblockrotatez_v1_online_s1000	online	HandManipulateBlockRotateZ-v1	1000	100000	4.1m	env.kind=gymnasium_robotics env.init_num_transitions=100000 env.increment_num_transitions=100000 agent.algorithm=td_infonce +td_infonce_model_size=m batch_size=256 interaction.exploration_eps=0 interaction.validation_seed=1000 interaction.test_seed=2000000 interaction.num_eval_episodes=200 interaction.num_test_episodes=200 save_steps=20000 eval_steps=null keep_only_latest_checkpoint=true keep_only_best_and_final_checkpoints=true save_replay_buffer=true save_final_replay_buffer=true resume_if_possible=true
extended_v1_TD-InfoNCE-M_100k_20kckpt_val200_test200_handmanipulateblockrotatez_v1_online_s1001	online	HandManipulateBlockRotateZ-v1	1001	100000	4.1m	env.kind=gymnasium_robotics env.init_num_transitions=100000 env.increment_num_transitions=100000 agent.algorithm=td_infonce +td_infonce_model_size=m batch_size=256 interaction.exploration_eps=0 interaction.validation_seed=1000 interaction.test_seed=2000000 interaction.num_eval_episodes=200 interaction.num_test_episodes=200 save_steps=20000 eval_steps=null keep_only_latest_checkpoint=true keep_only_best_and_final_checkpoints=true save_replay_buffer=true save_final_replay_buffer=true resume_if_possible=true
extended_v1_TD-InfoNCE-M_100k_20kckpt_val200_test200_handmanipulateblockrotatez_v1_online_s1003	online	HandManipulateBlockRotateZ-v1	1003	100000	4.1m	env.kind=gymnasium_robotics env.init_num_transitions=100000 env.increment_num_transitions=100000 agent.algorithm=td_infonce +td_infonce_model_size=m batch_size=256 interaction.exploration_eps=0 interaction.validation_seed=1000 interaction.test_seed=2000000 interaction.num_eval_episodes=200 interaction.num_test_episodes=200 save_steps=20000 eval_steps=null keep_only_latest_checkpoint=true keep_only_best_and_final_checkpoints=true save_replay_buffer=true save_final_replay_buffer=true resume_if_possible=true
extended_v1_TD-InfoNCE-M_100k_20kckpt_val200_test200_handmanipulateblockrotatez_v1_online_s1004	online	HandManipulateBlockRotateZ-v1	1004	100000	4.1m	env.kind=gymnasium_robotics env.init_num_transitions=100000 env.increment_num_transitions=100000 agent.algorithm=td_infonce +td_infonce_model_size=m batch_size=256 interaction.exploration_eps=0 interaction.validation_seed=1000 interaction.test_seed=2000000 interaction.num_eval_episodes=200 interaction.num_test_episodes=200 save_steps=20000 eval_steps=null keep_only_latest_checkpoint=true keep_only_best_and_final_checkpoints=true save_replay_buffer=true save_final_replay_buffer=true resume_if_possible=true
extended_v1_GCSL-M_100k_20kckpt_val200_test200_factorized_handmanipulateblockrotatez_v1_online_s1001	online	HandManipulateBlockRotateZ-v1	1001	100000	4.3m	env.kind=gymnasium_robotics env.init_num_transitions=100000 env.increment_num_transitions=100000 agent.algorithm=gcsl +gcsl_model_size=m batch_size=256 interaction.exploration_eps=0 agent.baselines.gcbc.action_discretization=factorized interaction.validation_seed=1000 interaction.test_seed=2000000 interaction.num_eval_episodes=200 interaction.num_test_episodes=200 save_steps=20000 eval_steps=null keep_only_latest_checkpoint=true keep_only_best_and_final_checkpoints=true save_replay_buffer=true save_final_replay_buffer=true resume_if_possible=true
extended_v1_GCSL-M_100k_20kckpt_val200_test200_factorized_handmanipulateblockrotatez_v1_online_s1002	online	HandManipulateBlockRotateZ-v1	1002	100000	4.3m	env.kind=gymnasium_robotics env.init_num_transitions=100000 env.increment_num_transitions=100000 agent.algorithm=gcsl +gcsl_model_size=m batch_size=256 interaction.exploration_eps=0 agent.baselines.gcbc.action_discretization=factorized interaction.validation_seed=1000 interaction.test_seed=2000000 interaction.num_eval_episodes=200 interaction.num_test_episodes=200 save_steps=20000 eval_steps=null keep_only_latest_checkpoint=true keep_only_best_and_final_checkpoints=true save_replay_buffer=true save_final_replay_buffer=true resume_if_possible=true
extended_v1_GCSL-M_100k_20kckpt_val200_test200_factorized_handmanipulateblockrotatez_v1_online_s1004	online	HandManipulateBlockRotateZ-v1	1004	100000	4.3m	env.kind=gymnasium_robotics env.init_num_transitions=100000 env.increment_num_transitions=100000 agent.algorithm=gcsl +gcsl_model_size=m batch_size=256 interaction.exploration_eps=0 agent.baselines.gcbc.action_discretization=factorized interaction.validation_seed=1000 interaction.test_seed=2000000 interaction.num_eval_episodes=200 interaction.num_test_episodes=200 save_steps=20000 eval_steps=null keep_only_latest_checkpoint=true keep_only_best_and_final_checkpoints=true save_replay_buffer=true save_final_replay_buffer=true resume_if_possible=true
extended_v1_C-Learning-M_100k_20kckpt_val200_test200_handmanipulateblockrotatez_v1_online_s1000	online	HandManipulateBlockRotateZ-v1	1000	100000	4.6m	env.kind=gymnasium_robotics env.init_num_transitions=100000 env.increment_num_transitions=100000 agent.algorithm=c_learning +c_learning_model_size=m batch_size=256 interaction.exploration_eps=0 interaction.validation_seed=1000 interaction.test_seed=2000000 interaction.num_eval_episodes=200 interaction.num_test_episodes=200 save_steps=20000 eval_steps=null keep_only_latest_checkpoint=true keep_only_best_and_final_checkpoints=true save_replay_buffer=true save_final_replay_buffer=true resume_if_possible=true
extended_v1_C-Learning-M_100k_20kckpt_val200_test200_handmanipulateblockrotatez_v1_online_s1002	online	HandManipulateBlockRotateZ-v1	1002	100000	4.6m	env.kind=gymnasium_robotics env.init_num_transitions=100000 env.increment_num_transitions=100000 agent.algorithm=c_learning +c_learning_model_size=m batch_size=256 interaction.exploration_eps=0 interaction.validation_seed=1000 interaction.test_seed=2000000 interaction.num_eval_episodes=200 interaction.num_test_episodes=200 save_steps=20000 eval_steps=null keep_only_latest_checkpoint=true keep_only_best_and_final_checkpoints=true save_replay_buffer=true save_final_replay_buffer=true resume_if_possible=true
extended_v1_C-Learning-M_100k_20kckpt_val200_test200_handmanipulateblockrotatez_v1_online_s1003	online	HandManipulateBlockRotateZ-v1	1003	100000	4.6m	env.kind=gymnasium_robotics env.init_num_transitions=100000 env.increment_num_transitions=100000 agent.algorithm=c_learning +c_learning_model_size=m batch_size=256 interaction.exploration_eps=0 interaction.validation_seed=1000 interaction.test_seed=2000000 interaction.num_eval_episodes=200 interaction.num_test_episodes=200 save_steps=20000 eval_steps=null keep_only_latest_checkpoint=true keep_only_best_and_final_checkpoints=true save_replay_buffer=true save_final_replay_buffer=true resume_if_possible=true
extended_v1_CRL-M_100k_20kckpt_val200_test200_handmanipulateblockrotatez_v1_online_s1000	online	HandManipulateBlockRotateZ-v1	1000	100000	4.5m	env.kind=gymnasium_robotics env.init_num_transitions=100000 env.increment_num_transitions=100000 agent.algorithm=crl +crl_model_size=m batch_size=256 interaction.exploration_eps=0 interaction.validation_seed=1000 interaction.test_seed=2000000 interaction.num_eval_episodes=200 interaction.num_test_episodes=200 save_steps=20000 eval_steps=null keep_only_latest_checkpoint=true keep_only_best_and_final_checkpoints=true save_replay_buffer=true save_final_replay_buffer=true resume_if_possible=true
extended_v1_CRL-M_100k_20kckpt_val200_test200_handmanipulateblockrotatez_v1_online_s1001	online	HandManipulateBlockRotateZ-v1	1001	100000	4.5m	env.kind=gymnasium_robotics env.init_num_transitions=100000 env.increment_num_transitions=100000 agent.algorithm=crl +crl_model_size=m batch_size=256 interaction.exploration_eps=0 interaction.validation_seed=1000 interaction.test_seed=2000000 interaction.num_eval_episodes=200 interaction.num_test_episodes=200 save_steps=20000 eval_steps=null keep_only_latest_checkpoint=true keep_only_best_and_final_checkpoints=true save_replay_buffer=true save_final_replay_buffer=true resume_if_possible=true
extended_v1_CRL-M_100k_20kckpt_val200_test200_handmanipulateblockrotatez_v1_online_s1003	online	HandManipulateBlockRotateZ-v1	1003	100000	4.5m	env.kind=gymnasium_robotics env.init_num_transitions=100000 env.increment_num_transitions=100000 agent.algorithm=crl +crl_model_size=m batch_size=256 interaction.exploration_eps=0 interaction.validation_seed=1000 interaction.test_seed=2000000 interaction.num_eval_episodes=200 interaction.num_test_episodes=200 save_steps=20000 eval_steps=null keep_only_latest_checkpoint=true keep_only_best_and_final_checkpoints=true save_replay_buffer=true save_final_replay_buffer=true resume_if_possible=true
extended_v1_CRL-M_100k_20kckpt_val200_test200_handmanipulateblockrotatez_v1_online_s1004	online	HandManipulateBlockRotateZ-v1	1004	100000	4.5m	env.kind=gymnasium_robotics env.init_num_transitions=100000 env.increment_num_transitions=100000 agent.algorithm=crl +crl_model_size=m batch_size=256 interaction.exploration_eps=0 interaction.validation_seed=1000 interaction.test_seed=2000000 interaction.num_eval_episodes=200 interaction.num_test_episodes=200 save_steps=20000 eval_steps=null keep_only_latest_checkpoint=true keep_only_best_and_final_checkpoints=true save_replay_buffer=true save_final_replay_buffer=true resume_if_possible=true
extended_v1_CQRL-Inner1-M_100k_20kckpt_val200_test200_handmanipulateblockrotatez_v1_online_s1001	online	HandManipulateBlockRotateZ-v1	1001	100000	4.5m	env.kind=gymnasium_robotics env.init_num_transitions=100000 env.increment_num_transitions=100000 +cqrl_model_size=m batch_size=256 agent.training_schedule=joint agent.actor.losses.min_dist.adaptive_entropy_regularizer=true agent.actor.losses.min_dist.entropy_mc_samples=100 agent.actor.losses.min_dist.add_goal_as_future_state=true agent.actor.losses.behavior_cloning.weight=0 agent.goal_set_distance.enabled=false interaction.exploration_eps=0 agent.quasimetric_critic.losses.separate_latent_dynamics=false agent.quasimetric_critic.losses.latent_dynamics.distance=iqe_mse agent.quasimetric_critic.losses.latent_dynamics.mse_weight=1.0 agent.quasimetric_critic.losses.latent_dynamics.iqe_weight=1.0 agent.quasimetric_critic.model.encoder.branch_normalization=none agent.actor.losses.min_dist.latent_goal_mode=max agent.actor.losses.min_dist.latent_goal_keep_best=true agent.actor.losses.min_dist.latent_goal_lr=0.01 agent.actor.losses.min_dist.latent_goal_search=direct agent.actor.losses.min_dist.latent_goal_optim=sgd agent.actor.losses.min_dist.latent_goal_steps=1 interaction.validation_seed=1000 interaction.test_seed=2000000 interaction.num_eval_episodes=200 interaction.num_test_episodes=200 save_steps=20000 eval_steps=null keep_only_latest_checkpoint=true keep_only_best_and_final_checkpoints=true save_replay_buffer=true save_final_replay_buffer=true resume_if_possible=true
extended_v1_CQRL-Inner1-M_100k_20kckpt_val200_test200_handmanipulateblockrotatez_v1_online_s1002	online	HandManipulateBlockRotateZ-v1	1002	100000	4.5m	env.kind=gymnasium_robotics env.init_num_transitions=100000 env.increment_num_transitions=100000 +cqrl_model_size=m batch_size=256 agent.training_schedule=joint agent.actor.losses.min_dist.adaptive_entropy_regularizer=true agent.actor.losses.min_dist.entropy_mc_samples=100 agent.actor.losses.min_dist.add_goal_as_future_state=true agent.actor.losses.behavior_cloning.weight=0 agent.goal_set_distance.enabled=false interaction.exploration_eps=0 agent.quasimetric_critic.losses.separate_latent_dynamics=false agent.quasimetric_critic.losses.latent_dynamics.distance=iqe_mse agent.quasimetric_critic.losses.latent_dynamics.mse_weight=1.0 agent.quasimetric_critic.losses.latent_dynamics.iqe_weight=1.0 agent.quasimetric_critic.model.encoder.branch_normalization=none agent.actor.losses.min_dist.latent_goal_mode=max agent.actor.losses.min_dist.latent_goal_keep_best=true agent.actor.losses.min_dist.latent_goal_lr=0.01 agent.actor.losses.min_dist.latent_goal_search=direct agent.actor.losses.min_dist.latent_goal_optim=sgd agent.actor.losses.min_dist.latent_goal_steps=1 interaction.validation_seed=1000 interaction.test_seed=2000000 interaction.num_eval_episodes=200 interaction.num_test_episodes=200 save_steps=20000 eval_steps=null keep_only_latest_checkpoint=true keep_only_best_and_final_checkpoints=true save_replay_buffer=true save_final_replay_buffer=true resume_if_possible=true
extended_v1_CQRL-Inner1-M_100k_20kckpt_val200_test200_handmanipulateblockrotatez_v1_online_s1004	online	HandManipulateBlockRotateZ-v1	1004	100000	4.5m	env.kind=gymnasium_robotics env.init_num_transitions=100000 env.increment_num_transitions=100000 +cqrl_model_size=m batch_size=256 agent.training_schedule=joint agent.actor.losses.min_dist.adaptive_entropy_regularizer=true agent.actor.losses.min_dist.entropy_mc_samples=100 agent.actor.losses.min_dist.add_goal_as_future_state=true agent.actor.losses.behavior_cloning.weight=0 agent.goal_set_distance.enabled=false interaction.exploration_eps=0 agent.quasimetric_critic.losses.separate_latent_dynamics=false agent.quasimetric_critic.losses.latent_dynamics.distance=iqe_mse agent.quasimetric_critic.losses.latent_dynamics.mse_weight=1.0 agent.quasimetric_critic.losses.latent_dynamics.iqe_weight=1.0 agent.quasimetric_critic.model.encoder.branch_normalization=none agent.actor.losses.min_dist.latent_goal_mode=max agent.actor.losses.min_dist.latent_goal_keep_best=true agent.actor.losses.min_dist.latent_goal_lr=0.01 agent.actor.losses.min_dist.latent_goal_search=direct agent.actor.losses.min_dist.latent_goal_optim=sgd agent.actor.losses.min_dist.latent_goal_steps=1 interaction.validation_seed=1000 interaction.test_seed=2000000 interaction.num_eval_episodes=200 interaction.num_test_episodes=200 save_steps=20000 eval_steps=null keep_only_latest_checkpoint=true keep_only_best_and_final_checkpoints=true save_replay_buffer=true save_final_replay_buffer=true resume_if_possible=true
extended_v1_QRL-M_100k_20kckpt_val200_test200_handmanipulateeggrotate_v1_online_s1001	online	HandManipulateEggRotate-v1	1001	100000	4.3m	env.kind=gymnasium_robotics env.init_num_transitions=100000 env.increment_num_transitions=100000 +qrl_model_size=m batch_size=256 agent.training_schedule=joint agent.actor.losses.min_dist.adaptive_entropy_regularizer=true agent.actor.losses.min_dist.entropy_mc_samples=100 agent.actor.losses.min_dist.add_goal_as_future_state=true agent.actor.losses.behavior_cloning.weight=0 agent.goal_set_distance.enabled=false interaction.exploration_eps=0 interaction.validation_seed=1000 interaction.test_seed=2000000 interaction.num_eval_episodes=200 interaction.num_test_episodes=200 save_steps=20000 eval_steps=null keep_only_latest_checkpoint=true keep_only_best_and_final_checkpoints=true save_replay_buffer=true save_final_replay_buffer=true resume_if_possible=true
extended_v1_QRL-M_100k_20kckpt_val200_test200_handmanipulateeggrotate_v1_online_s1002	online	HandManipulateEggRotate-v1	1002	100000	4.3m	env.kind=gymnasium_robotics env.init_num_transitions=100000 env.increment_num_transitions=100000 +qrl_model_size=m batch_size=256 agent.training_schedule=joint agent.actor.losses.min_dist.adaptive_entropy_regularizer=true agent.actor.losses.min_dist.entropy_mc_samples=100 agent.actor.losses.min_dist.add_goal_as_future_state=true agent.actor.losses.behavior_cloning.weight=0 agent.goal_set_distance.enabled=false interaction.exploration_eps=0 interaction.validation_seed=1000 interaction.test_seed=2000000 interaction.num_eval_episodes=200 interaction.num_test_episodes=200 save_steps=20000 eval_steps=null keep_only_latest_checkpoint=true keep_only_best_and_final_checkpoints=true save_replay_buffer=true save_final_replay_buffer=true resume_if_possible=true
extended_v1_QRL-M_100k_20kckpt_val200_test200_handmanipulateeggrotate_v1_online_s1004	online	HandManipulateEggRotate-v1	1004	100000	4.3m	env.kind=gymnasium_robotics env.init_num_transitions=100000 env.increment_num_transitions=100000 +qrl_model_size=m batch_size=256 agent.training_schedule=joint agent.actor.losses.min_dist.adaptive_entropy_regularizer=true agent.actor.losses.min_dist.entropy_mc_samples=100 agent.actor.losses.min_dist.add_goal_as_future_state=true agent.actor.losses.behavior_cloning.weight=0 agent.goal_set_distance.enabled=false interaction.exploration_eps=0 interaction.validation_seed=1000 interaction.test_seed=2000000 interaction.num_eval_episodes=200 interaction.num_test_episodes=200 save_steps=20000 eval_steps=null keep_only_latest_checkpoint=true keep_only_best_and_final_checkpoints=true save_replay_buffer=true save_final_replay_buffer=true resume_if_possible=true
extended_v1_TD-InfoNCE-M_100k_20kckpt_val200_test200_handmanipulateeggrotate_v1_online_s1000	online	HandManipulateEggRotate-v1	1000	100000	4.1m	env.kind=gymnasium_robotics env.init_num_transitions=100000 env.increment_num_transitions=100000 agent.algorithm=td_infonce +td_infonce_model_size=m batch_size=256 interaction.exploration_eps=0 interaction.validation_seed=1000 interaction.test_seed=2000000 interaction.num_eval_episodes=200 interaction.num_test_episodes=200 save_steps=20000 eval_steps=null keep_only_latest_checkpoint=true keep_only_best_and_final_checkpoints=true save_replay_buffer=true save_final_replay_buffer=true resume_if_possible=true
extended_v1_TD-InfoNCE-M_100k_20kckpt_val200_test200_handmanipulateeggrotate_v1_online_s1002	online	HandManipulateEggRotate-v1	1002	100000	4.1m	env.kind=gymnasium_robotics env.init_num_transitions=100000 env.increment_num_transitions=100000 agent.algorithm=td_infonce +td_infonce_model_size=m batch_size=256 interaction.exploration_eps=0 interaction.validation_seed=1000 interaction.test_seed=2000000 interaction.num_eval_episodes=200 interaction.num_test_episodes=200 save_steps=20000 eval_steps=null keep_only_latest_checkpoint=true keep_only_best_and_final_checkpoints=true save_replay_buffer=true save_final_replay_buffer=true resume_if_possible=true
extended_v1_TD-InfoNCE-M_100k_20kckpt_val200_test200_handmanipulateeggrotate_v1_online_s1003	online	HandManipulateEggRotate-v1	1003	100000	4.1m	env.kind=gymnasium_robotics env.init_num_transitions=100000 env.increment_num_transitions=100000 agent.algorithm=td_infonce +td_infonce_model_size=m batch_size=256 interaction.exploration_eps=0 interaction.validation_seed=1000 interaction.test_seed=2000000 interaction.num_eval_episodes=200 interaction.num_test_episodes=200 save_steps=20000 eval_steps=null keep_only_latest_checkpoint=true keep_only_best_and_final_checkpoints=true save_replay_buffer=true save_final_replay_buffer=true resume_if_possible=true
extended_v1_GCSL-M_100k_20kckpt_val200_test200_factorized_handmanipulateeggrotate_v1_online_s1000	online	HandManipulateEggRotate-v1	1000	100000	4.3m	env.kind=gymnasium_robotics env.init_num_transitions=100000 env.increment_num_transitions=100000 agent.algorithm=gcsl +gcsl_model_size=m batch_size=256 interaction.exploration_eps=0 agent.baselines.gcbc.action_discretization=factorized interaction.validation_seed=1000 interaction.test_seed=2000000 interaction.num_eval_episodes=200 interaction.num_test_episodes=200 save_steps=20000 eval_steps=null keep_only_latest_checkpoint=true keep_only_best_and_final_checkpoints=true save_replay_buffer=true save_final_replay_buffer=true resume_if_possible=true
extended_v1_GCSL-M_100k_20kckpt_val200_test200_factorized_handmanipulateeggrotate_v1_online_s1001	online	HandManipulateEggRotate-v1	1001	100000	4.3m	env.kind=gymnasium_robotics env.init_num_transitions=100000 env.increment_num_transitions=100000 agent.algorithm=gcsl +gcsl_model_size=m batch_size=256 interaction.exploration_eps=0 agent.baselines.gcbc.action_discretization=factorized interaction.validation_seed=1000 interaction.test_seed=2000000 interaction.num_eval_episodes=200 interaction.num_test_episodes=200 save_steps=20000 eval_steps=null keep_only_latest_checkpoint=true keep_only_best_and_final_checkpoints=true save_replay_buffer=true save_final_replay_buffer=true resume_if_possible=true
extended_v1_GCSL-M_100k_20kckpt_val200_test200_factorized_handmanipulateeggrotate_v1_online_s1003	online	HandManipulateEggRotate-v1	1003	100000	4.3m	env.kind=gymnasium_robotics env.init_num_transitions=100000 env.increment_num_transitions=100000 agent.algorithm=gcsl +gcsl_model_size=m batch_size=256 interaction.exploration_eps=0 agent.baselines.gcbc.action_discretization=factorized interaction.validation_seed=1000 interaction.test_seed=2000000 interaction.num_eval_episodes=200 interaction.num_test_episodes=200 save_steps=20000 eval_steps=null keep_only_latest_checkpoint=true keep_only_best_and_final_checkpoints=true save_replay_buffer=true save_final_replay_buffer=true resume_if_possible=true
extended_v1_GCSL-M_100k_20kckpt_val200_test200_factorized_handmanipulateeggrotate_v1_online_s1004	online	HandManipulateEggRotate-v1	1004	100000	4.3m	env.kind=gymnasium_robotics env.init_num_transitions=100000 env.increment_num_transitions=100000 agent.algorithm=gcsl +gcsl_model_size=m batch_size=256 interaction.exploration_eps=0 agent.baselines.gcbc.action_discretization=factorized interaction.validation_seed=1000 interaction.test_seed=2000000 interaction.num_eval_episodes=200 interaction.num_test_episodes=200 save_steps=20000 eval_steps=null keep_only_latest_checkpoint=true keep_only_best_and_final_checkpoints=true save_replay_buffer=true save_final_replay_buffer=true resume_if_possible=true
extended_v1_C-Learning-M_100k_20kckpt_val200_test200_handmanipulateeggrotate_v1_online_s1001	online	HandManipulateEggRotate-v1	1001	100000	4.6m	env.kind=gymnasium_robotics env.init_num_transitions=100000 env.increment_num_transitions=100000 agent.algorithm=c_learning +c_learning_model_size=m batch_size=256 interaction.exploration_eps=0 interaction.validation_seed=1000 interaction.test_seed=2000000 interaction.num_eval_episodes=200 interaction.num_test_episodes=200 save_steps=20000 eval_steps=null keep_only_latest_checkpoint=true keep_only_best_and_final_checkpoints=true save_replay_buffer=true save_final_replay_buffer=true resume_if_possible=true
extended_v1_C-Learning-M_100k_20kckpt_val200_test200_handmanipulateeggrotate_v1_online_s1002	online	HandManipulateEggRotate-v1	1002	100000	4.6m	env.kind=gymnasium_robotics env.init_num_transitions=100000 env.increment_num_transitions=100000 agent.algorithm=c_learning +c_learning_model_size=m batch_size=256 interaction.exploration_eps=0 interaction.validation_seed=1000 interaction.test_seed=2000000 interaction.num_eval_episodes=200 interaction.num_test_episodes=200 save_steps=20000 eval_steps=null keep_only_latest_checkpoint=true keep_only_best_and_final_checkpoints=true save_replay_buffer=true save_final_replay_buffer=true resume_if_possible=true
extended_v1_C-Learning-M_100k_20kckpt_val200_test200_handmanipulateeggrotate_v1_online_s1004	online	HandManipulateEggRotate-v1	1004	100000	4.6m	env.kind=gymnasium_robotics env.init_num_transitions=100000 env.increment_num_transitions=100000 agent.algorithm=c_learning +c_learning_model_size=m batch_size=256 interaction.exploration_eps=0 interaction.validation_seed=1000 interaction.test_seed=2000000 interaction.num_eval_episodes=200 interaction.num_test_episodes=200 save_steps=20000 eval_steps=null keep_only_latest_checkpoint=true keep_only_best_and_final_checkpoints=true save_replay_buffer=true save_final_replay_buffer=true resume_if_possible=true
extended_v1_CRL-M_100k_20kckpt_val200_test200_handmanipulateeggrotate_v1_online_s1000	online	HandManipulateEggRotate-v1	1000	100000	4.5m	env.kind=gymnasium_robotics env.init_num_transitions=100000 env.increment_num_transitions=100000 agent.algorithm=crl +crl_model_size=m batch_size=256 interaction.exploration_eps=0 interaction.validation_seed=1000 interaction.test_seed=2000000 interaction.num_eval_episodes=200 interaction.num_test_episodes=200 save_steps=20000 eval_steps=null keep_only_latest_checkpoint=true keep_only_best_and_final_checkpoints=true save_replay_buffer=true save_final_replay_buffer=true resume_if_possible=true
extended_v1_CRL-M_100k_20kckpt_val200_test200_handmanipulateeggrotate_v1_online_s1002	online	HandManipulateEggRotate-v1	1002	100000	4.5m	env.kind=gymnasium_robotics env.init_num_transitions=100000 env.increment_num_transitions=100000 agent.algorithm=crl +crl_model_size=m batch_size=256 interaction.exploration_eps=0 interaction.validation_seed=1000 interaction.test_seed=2000000 interaction.num_eval_episodes=200 interaction.num_test_episodes=200 save_steps=20000 eval_steps=null keep_only_latest_checkpoint=true keep_only_best_and_final_checkpoints=true save_replay_buffer=true save_final_replay_buffer=true resume_if_possible=true
extended_v1_CRL-M_100k_20kckpt_val200_test200_handmanipulateeggrotate_v1_online_s1003	online	HandManipulateEggRotate-v1	1003	100000	4.5m	env.kind=gymnasium_robotics env.init_num_transitions=100000 env.increment_num_transitions=100000 agent.algorithm=crl +crl_model_size=m batch_size=256 interaction.exploration_eps=0 interaction.validation_seed=1000 interaction.test_seed=2000000 interaction.num_eval_episodes=200 interaction.num_test_episodes=200 save_steps=20000 eval_steps=null keep_only_latest_checkpoint=true keep_only_best_and_final_checkpoints=true save_replay_buffer=true save_final_replay_buffer=true resume_if_possible=true
extended_v1_CQRL-Inner1-M_100k_20kckpt_val200_test200_handmanipulateeggrotate_v1_online_s1000	online	HandManipulateEggRotate-v1	1000	100000	4.5m	env.kind=gymnasium_robotics env.init_num_transitions=100000 env.increment_num_transitions=100000 +cqrl_model_size=m batch_size=256 agent.training_schedule=joint agent.actor.losses.min_dist.adaptive_entropy_regularizer=true agent.actor.losses.min_dist.entropy_mc_samples=100 agent.actor.losses.min_dist.add_goal_as_future_state=true agent.actor.losses.behavior_cloning.weight=0 agent.goal_set_distance.enabled=false interaction.exploration_eps=0 agent.quasimetric_critic.losses.separate_latent_dynamics=false agent.quasimetric_critic.losses.latent_dynamics.distance=iqe_mse agent.quasimetric_critic.losses.latent_dynamics.mse_weight=1.0 agent.quasimetric_critic.losses.latent_dynamics.iqe_weight=1.0 agent.quasimetric_critic.model.encoder.branch_normalization=none agent.actor.losses.min_dist.latent_goal_mode=max agent.actor.losses.min_dist.latent_goal_keep_best=true agent.actor.losses.min_dist.latent_goal_lr=0.01 agent.actor.losses.min_dist.latent_goal_search=direct agent.actor.losses.min_dist.latent_goal_optim=sgd agent.actor.losses.min_dist.latent_goal_steps=1 interaction.validation_seed=1000 interaction.test_seed=2000000 interaction.num_eval_episodes=200 interaction.num_test_episodes=200 save_steps=20000 eval_steps=null keep_only_latest_checkpoint=true keep_only_best_and_final_checkpoints=true save_replay_buffer=true save_final_replay_buffer=true resume_if_possible=true
extended_v1_CQRL-Inner1-M_100k_20kckpt_val200_test200_handmanipulateeggrotate_v1_online_s1001	online	HandManipulateEggRotate-v1	1001	100000	4.5m	env.kind=gymnasium_robotics env.init_num_transitions=100000 env.increment_num_transitions=100000 +cqrl_model_size=m batch_size=256 agent.training_schedule=joint agent.actor.losses.min_dist.adaptive_entropy_regularizer=true agent.actor.losses.min_dist.entropy_mc_samples=100 agent.actor.losses.min_dist.add_goal_as_future_state=true agent.actor.losses.behavior_cloning.weight=0 agent.goal_set_distance.enabled=false interaction.exploration_eps=0 agent.quasimetric_critic.losses.separate_latent_dynamics=false agent.quasimetric_critic.losses.latent_dynamics.distance=iqe_mse agent.quasimetric_critic.losses.latent_dynamics.mse_weight=1.0 agent.quasimetric_critic.losses.latent_dynamics.iqe_weight=1.0 agent.quasimetric_critic.model.encoder.branch_normalization=none agent.actor.losses.min_dist.latent_goal_mode=max agent.actor.losses.min_dist.latent_goal_keep_best=true agent.actor.losses.min_dist.latent_goal_lr=0.01 agent.actor.losses.min_dist.latent_goal_search=direct agent.actor.losses.min_dist.latent_goal_optim=sgd agent.actor.losses.min_dist.latent_goal_steps=1 interaction.validation_seed=1000 interaction.test_seed=2000000 interaction.num_eval_episodes=200 interaction.num_test_episodes=200 save_steps=20000 eval_steps=null keep_only_latest_checkpoint=true keep_only_best_and_final_checkpoints=true save_replay_buffer=true save_final_replay_buffer=true resume_if_possible=true
extended_v1_CQRL-Inner1-M_100k_20kckpt_val200_test200_handmanipulateeggrotate_v1_online_s1003	online	HandManipulateEggRotate-v1	1003	100000	4.5m	env.kind=gymnasium_robotics env.init_num_transitions=100000 env.increment_num_transitions=100000 +cqrl_model_size=m batch_size=256 agent.training_schedule=joint agent.actor.losses.min_dist.adaptive_entropy_regularizer=true agent.actor.losses.min_dist.entropy_mc_samples=100 agent.actor.losses.min_dist.add_goal_as_future_state=true agent.actor.losses.behavior_cloning.weight=0 agent.goal_set_distance.enabled=false interaction.exploration_eps=0 agent.quasimetric_critic.losses.separate_latent_dynamics=false agent.quasimetric_critic.losses.latent_dynamics.distance=iqe_mse agent.quasimetric_critic.losses.latent_dynamics.mse_weight=1.0 agent.quasimetric_critic.losses.latent_dynamics.iqe_weight=1.0 agent.quasimetric_critic.model.encoder.branch_normalization=none agent.actor.losses.min_dist.latent_goal_mode=max agent.actor.losses.min_dist.latent_goal_keep_best=true agent.actor.losses.min_dist.latent_goal_lr=0.01 agent.actor.losses.min_dist.latent_goal_search=direct agent.actor.losses.min_dist.latent_goal_optim=sgd agent.actor.losses.min_dist.latent_goal_steps=1 interaction.validation_seed=1000 interaction.test_seed=2000000 interaction.num_eval_episodes=200 interaction.num_test_episodes=200 save_steps=20000 eval_steps=null keep_only_latest_checkpoint=true keep_only_best_and_final_checkpoints=true save_replay_buffer=true save_final_replay_buffer=true resume_if_possible=true
extended_v1_CQRL-Inner1-M_100k_20kckpt_val200_test200_handmanipulateeggrotate_v1_online_s1004	online	HandManipulateEggRotate-v1	1004	100000	4.5m	env.kind=gymnasium_robotics env.init_num_transitions=100000 env.increment_num_transitions=100000 +cqrl_model_size=m batch_size=256 agent.training_schedule=joint agent.actor.losses.min_dist.adaptive_entropy_regularizer=true agent.actor.losses.min_dist.entropy_mc_samples=100 agent.actor.losses.min_dist.add_goal_as_future_state=true agent.actor.losses.behavior_cloning.weight=0 agent.goal_set_distance.enabled=false interaction.exploration_eps=0 agent.quasimetric_critic.losses.separate_latent_dynamics=false agent.quasimetric_critic.losses.latent_dynamics.distance=iqe_mse agent.quasimetric_critic.losses.latent_dynamics.mse_weight=1.0 agent.quasimetric_critic.losses.latent_dynamics.iqe_weight=1.0 agent.quasimetric_critic.model.encoder.branch_normalization=none agent.actor.losses.min_dist.latent_goal_mode=max agent.actor.losses.min_dist.latent_goal_keep_best=true agent.actor.losses.min_dist.latent_goal_lr=0.01 agent.actor.losses.min_dist.latent_goal_search=direct agent.actor.losses.min_dist.latent_goal_optim=sgd agent.actor.losses.min_dist.latent_goal_steps=1 interaction.validation_seed=1000 interaction.test_seed=2000000 interaction.num_eval_episodes=200 interaction.num_test_episodes=200 save_steps=20000 eval_steps=null keep_only_latest_checkpoint=true keep_only_best_and_final_checkpoints=true save_replay_buffer=true save_final_replay_buffer=true resume_if_possible=true
extended_v1_QRL-M_100k_20kckpt_val200_test200_handmanipulatepenrotate_v1_online_s1000	online	HandManipulatePenRotate-v1	1000	100000	4.3m	env.kind=gymnasium_robotics env.init_num_transitions=100000 env.increment_num_transitions=100000 +qrl_model_size=m batch_size=256 agent.training_schedule=joint agent.actor.losses.min_dist.adaptive_entropy_regularizer=true agent.actor.losses.min_dist.entropy_mc_samples=100 agent.actor.losses.min_dist.add_goal_as_future_state=true agent.actor.losses.behavior_cloning.weight=0 agent.goal_set_distance.enabled=false interaction.exploration_eps=0 interaction.validation_seed=1000 interaction.test_seed=2000000 interaction.num_eval_episodes=200 interaction.num_test_episodes=200 save_steps=20000 eval_steps=null keep_only_latest_checkpoint=true keep_only_best_and_final_checkpoints=true save_replay_buffer=true save_final_replay_buffer=true resume_if_possible=true
extended_v1_QRL-M_100k_20kckpt_val200_test200_handmanipulatepenrotate_v1_online_s1001	online	HandManipulatePenRotate-v1	1001	100000	4.3m	env.kind=gymnasium_robotics env.init_num_transitions=100000 env.increment_num_transitions=100000 +qrl_model_size=m batch_size=256 agent.training_schedule=joint agent.actor.losses.min_dist.adaptive_entropy_regularizer=true agent.actor.losses.min_dist.entropy_mc_samples=100 agent.actor.losses.min_dist.add_goal_as_future_state=true agent.actor.losses.behavior_cloning.weight=0 agent.goal_set_distance.enabled=false interaction.exploration_eps=0 interaction.validation_seed=1000 interaction.test_seed=2000000 interaction.num_eval_episodes=200 interaction.num_test_episodes=200 save_steps=20000 eval_steps=null keep_only_latest_checkpoint=true keep_only_best_and_final_checkpoints=true save_replay_buffer=true save_final_replay_buffer=true resume_if_possible=true
extended_v1_QRL-M_100k_20kckpt_val200_test200_handmanipulatepenrotate_v1_online_s1003	online	HandManipulatePenRotate-v1	1003	100000	4.3m	env.kind=gymnasium_robotics env.init_num_transitions=100000 env.increment_num_transitions=100000 +qrl_model_size=m batch_size=256 agent.training_schedule=joint agent.actor.losses.min_dist.adaptive_entropy_regularizer=true agent.actor.losses.min_dist.entropy_mc_samples=100 agent.actor.losses.min_dist.add_goal_as_future_state=true agent.actor.losses.behavior_cloning.weight=0 agent.goal_set_distance.enabled=false interaction.exploration_eps=0 interaction.validation_seed=1000 interaction.test_seed=2000000 interaction.num_eval_episodes=200 interaction.num_test_episodes=200 save_steps=20000 eval_steps=null keep_only_latest_checkpoint=true keep_only_best_and_final_checkpoints=true save_replay_buffer=true save_final_replay_buffer=true resume_if_possible=true
extended_v1_QRL-M_100k_20kckpt_val200_test200_handmanipulatepenrotate_v1_online_s1004	online	HandManipulatePenRotate-v1	1004	100000	4.3m	env.kind=gymnasium_robotics env.init_num_transitions=100000 env.increment_num_transitions=100000 +qrl_model_size=m batch_size=256 agent.training_schedule=joint agent.actor.losses.min_dist.adaptive_entropy_regularizer=true agent.actor.losses.min_dist.entropy_mc_samples=100 agent.actor.losses.min_dist.add_goal_as_future_state=true agent.actor.losses.behavior_cloning.weight=0 agent.goal_set_distance.enabled=false interaction.exploration_eps=0 interaction.validation_seed=1000 interaction.test_seed=2000000 interaction.num_eval_episodes=200 interaction.num_test_episodes=200 save_steps=20000 eval_steps=null keep_only_latest_checkpoint=true keep_only_best_and_final_checkpoints=true save_replay_buffer=true save_final_replay_buffer=true resume_if_possible=true
extended_v1_TD-InfoNCE-M_100k_20kckpt_val200_test200_handmanipulatepenrotate_v1_online_s1001	online	HandManipulatePenRotate-v1	1001	100000	4.1m	env.kind=gymnasium_robotics env.init_num_transitions=100000 env.increment_num_transitions=100000 agent.algorithm=td_infonce +td_infonce_model_size=m batch_size=256 interaction.exploration_eps=0 interaction.validation_seed=1000 interaction.test_seed=2000000 interaction.num_eval_episodes=200 interaction.num_test_episodes=200 save_steps=20000 eval_steps=null keep_only_latest_checkpoint=true keep_only_best_and_final_checkpoints=true save_replay_buffer=true save_final_replay_buffer=true resume_if_possible=true
extended_v1_TD-InfoNCE-M_100k_20kckpt_val200_test200_handmanipulatepenrotate_v1_online_s1002	online	HandManipulatePenRotate-v1	1002	100000	4.1m	env.kind=gymnasium_robotics env.init_num_transitions=100000 env.increment_num_transitions=100000 agent.algorithm=td_infonce +td_infonce_model_size=m batch_size=256 interaction.exploration_eps=0 interaction.validation_seed=1000 interaction.test_seed=2000000 interaction.num_eval_episodes=200 interaction.num_test_episodes=200 save_steps=20000 eval_steps=null keep_only_latest_checkpoint=true keep_only_best_and_final_checkpoints=true save_replay_buffer=true save_final_replay_buffer=true resume_if_possible=true
extended_v1_TD-InfoNCE-M_100k_20kckpt_val200_test200_handmanipulatepenrotate_v1_online_s1004	online	HandManipulatePenRotate-v1	1004	100000	4.1m	env.kind=gymnasium_robotics env.init_num_transitions=100000 env.increment_num_transitions=100000 agent.algorithm=td_infonce +td_infonce_model_size=m batch_size=256 interaction.exploration_eps=0 interaction.validation_seed=1000 interaction.test_seed=2000000 interaction.num_eval_episodes=200 interaction.num_test_episodes=200 save_steps=20000 eval_steps=null keep_only_latest_checkpoint=true keep_only_best_and_final_checkpoints=true save_replay_buffer=true save_final_replay_buffer=true resume_if_possible=true
extended_v1_GCSL-M_100k_20kckpt_val200_test200_factorized_handmanipulatepenrotate_v1_online_s1000	online	HandManipulatePenRotate-v1	1000	100000	4.3m	env.kind=gymnasium_robotics env.init_num_transitions=100000 env.increment_num_transitions=100000 agent.algorithm=gcsl +gcsl_model_size=m batch_size=256 interaction.exploration_eps=0 agent.baselines.gcbc.action_discretization=factorized interaction.validation_seed=1000 interaction.test_seed=2000000 interaction.num_eval_episodes=200 interaction.num_test_episodes=200 save_steps=20000 eval_steps=null keep_only_latest_checkpoint=true keep_only_best_and_final_checkpoints=true save_replay_buffer=true save_final_replay_buffer=true resume_if_possible=true
extended_v1_GCSL-M_100k_20kckpt_val200_test200_factorized_handmanipulatepenrotate_v1_online_s1002	online	HandManipulatePenRotate-v1	1002	100000	4.3m	env.kind=gymnasium_robotics env.init_num_transitions=100000 env.increment_num_transitions=100000 agent.algorithm=gcsl +gcsl_model_size=m batch_size=256 interaction.exploration_eps=0 agent.baselines.gcbc.action_discretization=factorized interaction.validation_seed=1000 interaction.test_seed=2000000 interaction.num_eval_episodes=200 interaction.num_test_episodes=200 save_steps=20000 eval_steps=null keep_only_latest_checkpoint=true keep_only_best_and_final_checkpoints=true save_replay_buffer=true save_final_replay_buffer=true resume_if_possible=true
extended_v1_GCSL-M_100k_20kckpt_val200_test200_factorized_handmanipulatepenrotate_v1_online_s1003	online	HandManipulatePenRotate-v1	1003	100000	4.3m	env.kind=gymnasium_robotics env.init_num_transitions=100000 env.increment_num_transitions=100000 agent.algorithm=gcsl +gcsl_model_size=m batch_size=256 interaction.exploration_eps=0 agent.baselines.gcbc.action_discretization=factorized interaction.validation_seed=1000 interaction.test_seed=2000000 interaction.num_eval_episodes=200 interaction.num_test_episodes=200 save_steps=20000 eval_steps=null keep_only_latest_checkpoint=true keep_only_best_and_final_checkpoints=true save_replay_buffer=true save_final_replay_buffer=true resume_if_possible=true
extended_v1_C-Learning-M_100k_20kckpt_val200_test200_handmanipulatepenrotate_v1_online_s1000	online	HandManipulatePenRotate-v1	1000	100000	4.6m	env.kind=gymnasium_robotics env.init_num_transitions=100000 env.increment_num_transitions=100000 agent.algorithm=c_learning +c_learning_model_size=m batch_size=256 interaction.exploration_eps=0 interaction.validation_seed=1000 interaction.test_seed=2000000 interaction.num_eval_episodes=200 interaction.num_test_episodes=200 save_steps=20000 eval_steps=null keep_only_latest_checkpoint=true keep_only_best_and_final_checkpoints=true save_replay_buffer=true save_final_replay_buffer=true resume_if_possible=true
extended_v1_C-Learning-M_100k_20kckpt_val200_test200_handmanipulatepenrotate_v1_online_s1001	online	HandManipulatePenRotate-v1	1001	100000	4.6m	env.kind=gymnasium_robotics env.init_num_transitions=100000 env.increment_num_transitions=100000 agent.algorithm=c_learning +c_learning_model_size=m batch_size=256 interaction.exploration_eps=0 interaction.validation_seed=1000 interaction.test_seed=2000000 interaction.num_eval_episodes=200 interaction.num_test_episodes=200 save_steps=20000 eval_steps=null keep_only_latest_checkpoint=true keep_only_best_and_final_checkpoints=true save_replay_buffer=true save_final_replay_buffer=true resume_if_possible=true
extended_v1_C-Learning-M_100k_20kckpt_val200_test200_handmanipulatepenrotate_v1_online_s1003	online	HandManipulatePenRotate-v1	1003	100000	4.6m	env.kind=gymnasium_robotics env.init_num_transitions=100000 env.increment_num_transitions=100000 agent.algorithm=c_learning +c_learning_model_size=m batch_size=256 interaction.exploration_eps=0 interaction.validation_seed=1000 interaction.test_seed=2000000 interaction.num_eval_episodes=200 interaction.num_test_episodes=200 save_steps=20000 eval_steps=null keep_only_latest_checkpoint=true keep_only_best_and_final_checkpoints=true save_replay_buffer=true save_final_replay_buffer=true resume_if_possible=true
extended_v1_C-Learning-M_100k_20kckpt_val200_test200_handmanipulatepenrotate_v1_online_s1004	online	HandManipulatePenRotate-v1	1004	100000	4.6m	env.kind=gymnasium_robotics env.init_num_transitions=100000 env.increment_num_transitions=100000 agent.algorithm=c_learning +c_learning_model_size=m batch_size=256 interaction.exploration_eps=0 interaction.validation_seed=1000 interaction.test_seed=2000000 interaction.num_eval_episodes=200 interaction.num_test_episodes=200 save_steps=20000 eval_steps=null keep_only_latest_checkpoint=true keep_only_best_and_final_checkpoints=true save_replay_buffer=true save_final_replay_buffer=true resume_if_possible=true
extended_v1_CRL-M_100k_20kckpt_val200_test200_handmanipulatepenrotate_v1_online_s1001	online	HandManipulatePenRotate-v1	1001	100000	4.5m	env.kind=gymnasium_robotics env.init_num_transitions=100000 env.increment_num_transitions=100000 agent.algorithm=crl +crl_model_size=m batch_size=256 interaction.exploration_eps=0 interaction.validation_seed=1000 interaction.test_seed=2000000 interaction.num_eval_episodes=200 interaction.num_test_episodes=200 save_steps=20000 eval_steps=null keep_only_latest_checkpoint=true keep_only_best_and_final_checkpoints=true save_replay_buffer=true save_final_replay_buffer=true resume_if_possible=true
extended_v1_CRL-M_100k_20kckpt_val200_test200_handmanipulatepenrotate_v1_online_s1002	online	HandManipulatePenRotate-v1	1002	100000	4.5m	env.kind=gymnasium_robotics env.init_num_transitions=100000 env.increment_num_transitions=100000 agent.algorithm=crl +crl_model_size=m batch_size=256 interaction.exploration_eps=0 interaction.validation_seed=1000 interaction.test_seed=2000000 interaction.num_eval_episodes=200 interaction.num_test_episodes=200 save_steps=20000 eval_steps=null keep_only_latest_checkpoint=true keep_only_best_and_final_checkpoints=true save_replay_buffer=true save_final_replay_buffer=true resume_if_possible=true
extended_v1_CRL-M_100k_20kckpt_val200_test200_handmanipulatepenrotate_v1_online_s1004	online	HandManipulatePenRotate-v1	1004	100000	4.5m	env.kind=gymnasium_robotics env.init_num_transitions=100000 env.increment_num_transitions=100000 agent.algorithm=crl +crl_model_size=m batch_size=256 interaction.exploration_eps=0 interaction.validation_seed=1000 interaction.test_seed=2000000 interaction.num_eval_episodes=200 interaction.num_test_episodes=200 save_steps=20000 eval_steps=null keep_only_latest_checkpoint=true keep_only_best_and_final_checkpoints=true save_replay_buffer=true save_final_replay_buffer=true resume_if_possible=true
extended_v1_CQRL-Inner1-M_100k_20kckpt_val200_test200_handmanipulatepenrotate_v1_online_s1000	online	HandManipulatePenRotate-v1	1000	100000	4.5m	env.kind=gymnasium_robotics env.init_num_transitions=100000 env.increment_num_transitions=100000 +cqrl_model_size=m batch_size=256 agent.training_schedule=joint agent.actor.losses.min_dist.adaptive_entropy_regularizer=true agent.actor.losses.min_dist.entropy_mc_samples=100 agent.actor.losses.min_dist.add_goal_as_future_state=true agent.actor.losses.behavior_cloning.weight=0 agent.goal_set_distance.enabled=false interaction.exploration_eps=0 agent.quasimetric_critic.losses.separate_latent_dynamics=false agent.quasimetric_critic.losses.latent_dynamics.distance=iqe_mse agent.quasimetric_critic.losses.latent_dynamics.mse_weight=1.0 agent.quasimetric_critic.losses.latent_dynamics.iqe_weight=1.0 agent.quasimetric_critic.model.encoder.branch_normalization=none agent.actor.losses.min_dist.latent_goal_mode=max agent.actor.losses.min_dist.latent_goal_keep_best=true agent.actor.losses.min_dist.latent_goal_lr=0.01 agent.actor.losses.min_dist.latent_goal_search=direct agent.actor.losses.min_dist.latent_goal_optim=sgd agent.actor.losses.min_dist.latent_goal_steps=1 interaction.validation_seed=1000 interaction.test_seed=2000000 interaction.num_eval_episodes=200 interaction.num_test_episodes=200 save_steps=20000 eval_steps=null keep_only_latest_checkpoint=true keep_only_best_and_final_checkpoints=true save_replay_buffer=true save_final_replay_buffer=true resume_if_possible=true
extended_v1_CQRL-Inner1-M_100k_20kckpt_val200_test200_handmanipulatepenrotate_v1_online_s1002	online	HandManipulatePenRotate-v1	1002	100000	4.5m	env.kind=gymnasium_robotics env.init_num_transitions=100000 env.increment_num_transitions=100000 +cqrl_model_size=m batch_size=256 agent.training_schedule=joint agent.actor.losses.min_dist.adaptive_entropy_regularizer=true agent.actor.losses.min_dist.entropy_mc_samples=100 agent.actor.losses.min_dist.add_goal_as_future_state=true agent.actor.losses.behavior_cloning.weight=0 agent.goal_set_distance.enabled=false interaction.exploration_eps=0 agent.quasimetric_critic.losses.separate_latent_dynamics=false agent.quasimetric_critic.losses.latent_dynamics.distance=iqe_mse agent.quasimetric_critic.losses.latent_dynamics.mse_weight=1.0 agent.quasimetric_critic.losses.latent_dynamics.iqe_weight=1.0 agent.quasimetric_critic.model.encoder.branch_normalization=none agent.actor.losses.min_dist.latent_goal_mode=max agent.actor.losses.min_dist.latent_goal_keep_best=true agent.actor.losses.min_dist.latent_goal_lr=0.01 agent.actor.losses.min_dist.latent_goal_search=direct agent.actor.losses.min_dist.latent_goal_optim=sgd agent.actor.losses.min_dist.latent_goal_steps=1 interaction.validation_seed=1000 interaction.test_seed=2000000 interaction.num_eval_episodes=200 interaction.num_test_episodes=200 save_steps=20000 eval_steps=null keep_only_latest_checkpoint=true keep_only_best_and_final_checkpoints=true save_replay_buffer=true save_final_replay_buffer=true resume_if_possible=true
extended_v1_CQRL-Inner1-M_100k_20kckpt_val200_test200_handmanipulatepenrotate_v1_online_s1003	online	HandManipulatePenRotate-v1	1003	100000	4.5m	env.kind=gymnasium_robotics env.init_num_transitions=100000 env.increment_num_transitions=100000 +cqrl_model_size=m batch_size=256 agent.training_schedule=joint agent.actor.losses.min_dist.adaptive_entropy_regularizer=true agent.actor.losses.min_dist.entropy_mc_samples=100 agent.actor.losses.min_dist.add_goal_as_future_state=true agent.actor.losses.behavior_cloning.weight=0 agent.goal_set_distance.enabled=false interaction.exploration_eps=0 agent.quasimetric_critic.losses.separate_latent_dynamics=false agent.quasimetric_critic.losses.latent_dynamics.distance=iqe_mse agent.quasimetric_critic.losses.latent_dynamics.mse_weight=1.0 agent.quasimetric_critic.losses.latent_dynamics.iqe_weight=1.0 agent.quasimetric_critic.model.encoder.branch_normalization=none agent.actor.losses.min_dist.latent_goal_mode=max agent.actor.losses.min_dist.latent_goal_keep_best=true agent.actor.losses.min_dist.latent_goal_lr=0.01 agent.actor.losses.min_dist.latent_goal_search=direct agent.actor.losses.min_dist.latent_goal_optim=sgd agent.actor.losses.min_dist.latent_goal_steps=1 interaction.validation_seed=1000 interaction.test_seed=2000000 interaction.num_eval_episodes=200 interaction.num_test_episodes=200 save_steps=20000 eval_steps=null keep_only_latest_checkpoint=true keep_only_best_and_final_checkpoints=true save_replay_buffer=true save_final_replay_buffer=true resume_if_possible=true
extended_v1_QRL-M_100k_20kckpt_val200_test200_handmanipulateblockrotatez_booleantouchsensors_v1_online_s1000	online	HandManipulateBlockRotateZ_BooleanTouchSensors-v1	1000	100000	4.5m	env.kind=gymnasium_robotics env.init_num_transitions=100000 env.increment_num_transitions=100000 +qrl_model_size=m batch_size=256 agent.training_schedule=joint agent.actor.losses.min_dist.adaptive_entropy_regularizer=true agent.actor.losses.min_dist.entropy_mc_samples=100 agent.actor.losses.min_dist.add_goal_as_future_state=true agent.actor.losses.behavior_cloning.weight=0 agent.goal_set_distance.enabled=false interaction.exploration_eps=0 interaction.validation_seed=1000 interaction.test_seed=2000000 interaction.num_eval_episodes=200 interaction.num_test_episodes=200 save_steps=20000 eval_steps=null keep_only_latest_checkpoint=true keep_only_best_and_final_checkpoints=true save_replay_buffer=true save_final_replay_buffer=true resume_if_possible=true
extended_v1_QRL-M_100k_20kckpt_val200_test200_handmanipulateblockrotatez_booleantouchsensors_v1_online_s1002	online	HandManipulateBlockRotateZ_BooleanTouchSensors-v1	1002	100000	4.5m	env.kind=gymnasium_robotics env.init_num_transitions=100000 env.increment_num_transitions=100000 +qrl_model_size=m batch_size=256 agent.training_schedule=joint agent.actor.losses.min_dist.adaptive_entropy_regularizer=true agent.actor.losses.min_dist.entropy_mc_samples=100 agent.actor.losses.min_dist.add_goal_as_future_state=true agent.actor.losses.behavior_cloning.weight=0 agent.goal_set_distance.enabled=false interaction.exploration_eps=0 interaction.validation_seed=1000 interaction.test_seed=2000000 interaction.num_eval_episodes=200 interaction.num_test_episodes=200 save_steps=20000 eval_steps=null keep_only_latest_checkpoint=true keep_only_best_and_final_checkpoints=true save_replay_buffer=true save_final_replay_buffer=true resume_if_possible=true
extended_v1_QRL-M_100k_20kckpt_val200_test200_handmanipulateblockrotatez_booleantouchsensors_v1_online_s1003	online	HandManipulateBlockRotateZ_BooleanTouchSensors-v1	1003	100000	4.5m	env.kind=gymnasium_robotics env.init_num_transitions=100000 env.increment_num_transitions=100000 +qrl_model_size=m batch_size=256 agent.training_schedule=joint agent.actor.losses.min_dist.adaptive_entropy_regularizer=true agent.actor.losses.min_dist.entropy_mc_samples=100 agent.actor.losses.min_dist.add_goal_as_future_state=true agent.actor.losses.behavior_cloning.weight=0 agent.goal_set_distance.enabled=false interaction.exploration_eps=0 interaction.validation_seed=1000 interaction.test_seed=2000000 interaction.num_eval_episodes=200 interaction.num_test_episodes=200 save_steps=20000 eval_steps=null keep_only_latest_checkpoint=true keep_only_best_and_final_checkpoints=true save_replay_buffer=true save_final_replay_buffer=true resume_if_possible=true
extended_v1_TD-InfoNCE-M_100k_20kckpt_val200_test200_handmanipulateblockrotatez_booleantouchsensors_v1_online_s1000	online	HandManipulateBlockRotateZ_BooleanTouchSensors-v1	1000	100000	4.3m	env.kind=gymnasium_robotics env.init_num_transitions=100000 env.increment_num_transitions=100000 agent.algorithm=td_infonce +td_infonce_model_size=m batch_size=256 interaction.exploration_eps=0 interaction.validation_seed=1000 interaction.test_seed=2000000 interaction.num_eval_episodes=200 interaction.num_test_episodes=200 save_steps=20000 eval_steps=null keep_only_latest_checkpoint=true keep_only_best_and_final_checkpoints=true save_replay_buffer=true save_final_replay_buffer=true resume_if_possible=true
extended_v1_TD-InfoNCE-M_100k_20kckpt_val200_test200_handmanipulateblockrotatez_booleantouchsensors_v1_online_s1001	online	HandManipulateBlockRotateZ_BooleanTouchSensors-v1	1001	100000	4.3m	env.kind=gymnasium_robotics env.init_num_transitions=100000 env.increment_num_transitions=100000 agent.algorithm=td_infonce +td_infonce_model_size=m batch_size=256 interaction.exploration_eps=0 interaction.validation_seed=1000 interaction.test_seed=2000000 interaction.num_eval_episodes=200 interaction.num_test_episodes=200 save_steps=20000 eval_steps=null keep_only_latest_checkpoint=true keep_only_best_and_final_checkpoints=true save_replay_buffer=true save_final_replay_buffer=true resume_if_possible=true
extended_v1_TD-InfoNCE-M_100k_20kckpt_val200_test200_handmanipulateblockrotatez_booleantouchsensors_v1_online_s1003	online	HandManipulateBlockRotateZ_BooleanTouchSensors-v1	1003	100000	4.3m	env.kind=gymnasium_robotics env.init_num_transitions=100000 env.increment_num_transitions=100000 agent.algorithm=td_infonce +td_infonce_model_size=m batch_size=256 interaction.exploration_eps=0 interaction.validation_seed=1000 interaction.test_seed=2000000 interaction.num_eval_episodes=200 interaction.num_test_episodes=200 save_steps=20000 eval_steps=null keep_only_latest_checkpoint=true keep_only_best_and_final_checkpoints=true save_replay_buffer=true save_final_replay_buffer=true resume_if_possible=true
extended_v1_TD-InfoNCE-M_100k_20kckpt_val200_test200_handmanipulateblockrotatez_booleantouchsensors_v1_online_s1004	online	HandManipulateBlockRotateZ_BooleanTouchSensors-v1	1004	100000	4.3m	env.kind=gymnasium_robotics env.init_num_transitions=100000 env.increment_num_transitions=100000 agent.algorithm=td_infonce +td_infonce_model_size=m batch_size=256 interaction.exploration_eps=0 interaction.validation_seed=1000 interaction.test_seed=2000000 interaction.num_eval_episodes=200 interaction.num_test_episodes=200 save_steps=20000 eval_steps=null keep_only_latest_checkpoint=true keep_only_best_and_final_checkpoints=true save_replay_buffer=true save_final_replay_buffer=true resume_if_possible=true
extended_v1_GCSL-M_100k_20kckpt_val200_test200_factorized_handmanipulateblockrotatez_booleantouchsensors_v1_online_s1001	online	HandManipulateBlockRotateZ_BooleanTouchSensors-v1	1001	100000	4.5m	env.kind=gymnasium_robotics env.init_num_transitions=100000 env.increment_num_transitions=100000 agent.algorithm=gcsl +gcsl_model_size=m batch_size=256 interaction.exploration_eps=0 agent.baselines.gcbc.action_discretization=factorized interaction.validation_seed=1000 interaction.test_seed=2000000 interaction.num_eval_episodes=200 interaction.num_test_episodes=200 save_steps=20000 eval_steps=null keep_only_latest_checkpoint=true keep_only_best_and_final_checkpoints=true save_replay_buffer=true save_final_replay_buffer=true resume_if_possible=true
extended_v1_GCSL-M_100k_20kckpt_val200_test200_factorized_handmanipulateblockrotatez_booleantouchsensors_v1_online_s1002	online	HandManipulateBlockRotateZ_BooleanTouchSensors-v1	1002	100000	4.5m	env.kind=gymnasium_robotics env.init_num_transitions=100000 env.increment_num_transitions=100000 agent.algorithm=gcsl +gcsl_model_size=m batch_size=256 interaction.exploration_eps=0 agent.baselines.gcbc.action_discretization=factorized interaction.validation_seed=1000 interaction.test_seed=2000000 interaction.num_eval_episodes=200 interaction.num_test_episodes=200 save_steps=20000 eval_steps=null keep_only_latest_checkpoint=true keep_only_best_and_final_checkpoints=true save_replay_buffer=true save_final_replay_buffer=true resume_if_possible=true
extended_v1_GCSL-M_100k_20kckpt_val200_test200_factorized_handmanipulateblockrotatez_booleantouchsensors_v1_online_s1004	online	HandManipulateBlockRotateZ_BooleanTouchSensors-v1	1004	100000	4.5m	env.kind=gymnasium_robotics env.init_num_transitions=100000 env.increment_num_transitions=100000 agent.algorithm=gcsl +gcsl_model_size=m batch_size=256 interaction.exploration_eps=0 agent.baselines.gcbc.action_discretization=factorized interaction.validation_seed=1000 interaction.test_seed=2000000 interaction.num_eval_episodes=200 interaction.num_test_episodes=200 save_steps=20000 eval_steps=null keep_only_latest_checkpoint=true keep_only_best_and_final_checkpoints=true save_replay_buffer=true save_final_replay_buffer=true resume_if_possible=true
extended_v1_C-Learning-M_100k_20kckpt_val200_test200_handmanipulateblockrotatez_booleantouchsensors_v1_online_s1000	online	HandManipulateBlockRotateZ_BooleanTouchSensors-v1	1000	100000	4.9m	env.kind=gymnasium_robotics env.init_num_transitions=100000 env.increment_num_transitions=100000 agent.algorithm=c_learning +c_learning_model_size=m batch_size=256 interaction.exploration_eps=0 interaction.validation_seed=1000 interaction.test_seed=2000000 interaction.num_eval_episodes=200 interaction.num_test_episodes=200 save_steps=20000 eval_steps=null keep_only_latest_checkpoint=true keep_only_best_and_final_checkpoints=true save_replay_buffer=true save_final_replay_buffer=true resume_if_possible=true
extended_v1_C-Learning-M_100k_20kckpt_val200_test200_handmanipulateblockrotatez_booleantouchsensors_v1_online_s1002	online	HandManipulateBlockRotateZ_BooleanTouchSensors-v1	1002	100000	4.9m	env.kind=gymnasium_robotics env.init_num_transitions=100000 env.increment_num_transitions=100000 agent.algorithm=c_learning +c_learning_model_size=m batch_size=256 interaction.exploration_eps=0 interaction.validation_seed=1000 interaction.test_seed=2000000 interaction.num_eval_episodes=200 interaction.num_test_episodes=200 save_steps=20000 eval_steps=null keep_only_latest_checkpoint=true keep_only_best_and_final_checkpoints=true save_replay_buffer=true save_final_replay_buffer=true resume_if_possible=true
extended_v1_C-Learning-M_100k_20kckpt_val200_test200_handmanipulateblockrotatez_booleantouchsensors_v1_online_s1003	online	HandManipulateBlockRotateZ_BooleanTouchSensors-v1	1003	100000	4.9m	env.kind=gymnasium_robotics env.init_num_transitions=100000 env.increment_num_transitions=100000 agent.algorithm=c_learning +c_learning_model_size=m batch_size=256 interaction.exploration_eps=0 interaction.validation_seed=1000 interaction.test_seed=2000000 interaction.num_eval_episodes=200 interaction.num_test_episodes=200 save_steps=20000 eval_steps=null keep_only_latest_checkpoint=true keep_only_best_and_final_checkpoints=true save_replay_buffer=true save_final_replay_buffer=true resume_if_possible=true
extended_v1_CRL-M_100k_20kckpt_val200_test200_handmanipulateblockrotatez_booleantouchsensors_v1_online_s1000	online	HandManipulateBlockRotateZ_BooleanTouchSensors-v1	1000	100000	4.9m	env.kind=gymnasium_robotics env.init_num_transitions=100000 env.increment_num_transitions=100000 agent.algorithm=crl +crl_model_size=m batch_size=256 interaction.exploration_eps=0 interaction.validation_seed=1000 interaction.test_seed=2000000 interaction.num_eval_episodes=200 interaction.num_test_episodes=200 save_steps=20000 eval_steps=null keep_only_latest_checkpoint=true keep_only_best_and_final_checkpoints=true save_replay_buffer=true save_final_replay_buffer=true resume_if_possible=true
extended_v1_CRL-M_100k_20kckpt_val200_test200_handmanipulateblockrotatez_booleantouchsensors_v1_online_s1001	online	HandManipulateBlockRotateZ_BooleanTouchSensors-v1	1001	100000	4.9m	env.kind=gymnasium_robotics env.init_num_transitions=100000 env.increment_num_transitions=100000 agent.algorithm=crl +crl_model_size=m batch_size=256 interaction.exploration_eps=0 interaction.validation_seed=1000 interaction.test_seed=2000000 interaction.num_eval_episodes=200 interaction.num_test_episodes=200 save_steps=20000 eval_steps=null keep_only_latest_checkpoint=true keep_only_best_and_final_checkpoints=true save_replay_buffer=true save_final_replay_buffer=true resume_if_possible=true
extended_v1_CRL-M_100k_20kckpt_val200_test200_handmanipulateblockrotatez_booleantouchsensors_v1_online_s1003	online	HandManipulateBlockRotateZ_BooleanTouchSensors-v1	1003	100000	4.9m	env.kind=gymnasium_robotics env.init_num_transitions=100000 env.increment_num_transitions=100000 agent.algorithm=crl +crl_model_size=m batch_size=256 interaction.exploration_eps=0 interaction.validation_seed=1000 interaction.test_seed=2000000 interaction.num_eval_episodes=200 interaction.num_test_episodes=200 save_steps=20000 eval_steps=null keep_only_latest_checkpoint=true keep_only_best_and_final_checkpoints=true save_replay_buffer=true save_final_replay_buffer=true resume_if_possible=true
extended_v1_CRL-M_100k_20kckpt_val200_test200_handmanipulateblockrotatez_booleantouchsensors_v1_online_s1004	online	HandManipulateBlockRotateZ_BooleanTouchSensors-v1	1004	100000	4.9m	env.kind=gymnasium_robotics env.init_num_transitions=100000 env.increment_num_transitions=100000 agent.algorithm=crl +crl_model_size=m batch_size=256 interaction.exploration_eps=0 interaction.validation_seed=1000 interaction.test_seed=2000000 interaction.num_eval_episodes=200 interaction.num_test_episodes=200 save_steps=20000 eval_steps=null keep_only_latest_checkpoint=true keep_only_best_and_final_checkpoints=true save_replay_buffer=true save_final_replay_buffer=true resume_if_possible=true
extended_v1_CQRL-Inner1-M_100k_20kckpt_val200_test200_handmanipulateblockrotatez_booleantouchsensors_v1_online_s1001	online	HandManipulateBlockRotateZ_BooleanTouchSensors-v1	1001	100000	4.5m	env.kind=gymnasium_robotics env.init_num_transitions=100000 env.increment_num_transitions=100000 +cqrl_model_size=m batch_size=256 agent.training_schedule=joint agent.actor.losses.min_dist.adaptive_entropy_regularizer=true agent.actor.losses.min_dist.entropy_mc_samples=100 agent.actor.losses.min_dist.add_goal_as_future_state=true agent.actor.losses.behavior_cloning.weight=0 agent.goal_set_distance.enabled=false interaction.exploration_eps=0 agent.quasimetric_critic.losses.separate_latent_dynamics=false agent.quasimetric_critic.losses.latent_dynamics.distance=iqe_mse agent.quasimetric_critic.losses.latent_dynamics.mse_weight=1.0 agent.quasimetric_critic.losses.latent_dynamics.iqe_weight=1.0 agent.quasimetric_critic.model.encoder.branch_normalization=none agent.actor.losses.min_dist.latent_goal_mode=max agent.actor.losses.min_dist.latent_goal_keep_best=true agent.actor.losses.min_dist.latent_goal_lr=0.01 agent.actor.losses.min_dist.latent_goal_search=direct agent.actor.losses.min_dist.latent_goal_optim=sgd agent.actor.losses.min_dist.latent_goal_steps=1 interaction.validation_seed=1000 interaction.test_seed=2000000 interaction.num_eval_episodes=200 interaction.num_test_episodes=200 save_steps=20000 eval_steps=null keep_only_latest_checkpoint=true keep_only_best_and_final_checkpoints=true save_replay_buffer=true save_final_replay_buffer=true resume_if_possible=true
extended_v1_CQRL-Inner1-M_100k_20kckpt_val200_test200_handmanipulateblockrotatez_booleantouchsensors_v1_online_s1002	online	HandManipulateBlockRotateZ_BooleanTouchSensors-v1	1002	100000	4.5m	env.kind=gymnasium_robotics env.init_num_transitions=100000 env.increment_num_transitions=100000 +cqrl_model_size=m batch_size=256 agent.training_schedule=joint agent.actor.losses.min_dist.adaptive_entropy_regularizer=true agent.actor.losses.min_dist.entropy_mc_samples=100 agent.actor.losses.min_dist.add_goal_as_future_state=true agent.actor.losses.behavior_cloning.weight=0 agent.goal_set_distance.enabled=false interaction.exploration_eps=0 agent.quasimetric_critic.losses.separate_latent_dynamics=false agent.quasimetric_critic.losses.latent_dynamics.distance=iqe_mse agent.quasimetric_critic.losses.latent_dynamics.mse_weight=1.0 agent.quasimetric_critic.losses.latent_dynamics.iqe_weight=1.0 agent.quasimetric_critic.model.encoder.branch_normalization=none agent.actor.losses.min_dist.latent_goal_mode=max agent.actor.losses.min_dist.latent_goal_keep_best=true agent.actor.losses.min_dist.latent_goal_lr=0.01 agent.actor.losses.min_dist.latent_goal_search=direct agent.actor.losses.min_dist.latent_goal_optim=sgd agent.actor.losses.min_dist.latent_goal_steps=1 interaction.validation_seed=1000 interaction.test_seed=2000000 interaction.num_eval_episodes=200 interaction.num_test_episodes=200 save_steps=20000 eval_steps=null keep_only_latest_checkpoint=true keep_only_best_and_final_checkpoints=true save_replay_buffer=true save_final_replay_buffer=true resume_if_possible=true
extended_v1_CQRL-Inner1-M_100k_20kckpt_val200_test200_handmanipulateblockrotatez_booleantouchsensors_v1_online_s1004	online	HandManipulateBlockRotateZ_BooleanTouchSensors-v1	1004	100000	4.5m	env.kind=gymnasium_robotics env.init_num_transitions=100000 env.increment_num_transitions=100000 +cqrl_model_size=m batch_size=256 agent.training_schedule=joint agent.actor.losses.min_dist.adaptive_entropy_regularizer=true agent.actor.losses.min_dist.entropy_mc_samples=100 agent.actor.losses.min_dist.add_goal_as_future_state=true agent.actor.losses.behavior_cloning.weight=0 agent.goal_set_distance.enabled=false interaction.exploration_eps=0 agent.quasimetric_critic.losses.separate_latent_dynamics=false agent.quasimetric_critic.losses.latent_dynamics.distance=iqe_mse agent.quasimetric_critic.losses.latent_dynamics.mse_weight=1.0 agent.quasimetric_critic.losses.latent_dynamics.iqe_weight=1.0 agent.quasimetric_critic.model.encoder.branch_normalization=none agent.actor.losses.min_dist.latent_goal_mode=max agent.actor.losses.min_dist.latent_goal_keep_best=true agent.actor.losses.min_dist.latent_goal_lr=0.01 agent.actor.losses.min_dist.latent_goal_search=direct agent.actor.losses.min_dist.latent_goal_optim=sgd agent.actor.losses.min_dist.latent_goal_steps=1 interaction.validation_seed=1000 interaction.test_seed=2000000 interaction.num_eval_episodes=200 interaction.num_test_episodes=200 save_steps=20000 eval_steps=null keep_only_latest_checkpoint=true keep_only_best_and_final_checkpoints=true save_replay_buffer=true save_final_replay_buffer=true resume_if_possible=true
extended_v1_QRL-M_100k_20kckpt_val200_test200_handmanipulateblockrotatez_continuoustouchsensors_v1_online_s1001	online	HandManipulateBlockRotateZ_ContinuousTouchSensors-v1	1001	100000	4.5m	env.kind=gymnasium_robotics env.init_num_transitions=100000 env.increment_num_transitions=100000 +qrl_model_size=m batch_size=256 agent.training_schedule=joint agent.actor.losses.min_dist.adaptive_entropy_regularizer=true agent.actor.losses.min_dist.entropy_mc_samples=100 agent.actor.losses.min_dist.add_goal_as_future_state=true agent.actor.losses.behavior_cloning.weight=0 agent.goal_set_distance.enabled=false interaction.exploration_eps=0 interaction.validation_seed=1000 interaction.test_seed=2000000 interaction.num_eval_episodes=200 interaction.num_test_episodes=200 save_steps=20000 eval_steps=null keep_only_latest_checkpoint=true keep_only_best_and_final_checkpoints=true save_replay_buffer=true save_final_replay_buffer=true resume_if_possible=true
extended_v1_QRL-M_100k_20kckpt_val200_test200_handmanipulateblockrotatez_continuoustouchsensors_v1_online_s1002	online	HandManipulateBlockRotateZ_ContinuousTouchSensors-v1	1002	100000	4.5m	env.kind=gymnasium_robotics env.init_num_transitions=100000 env.increment_num_transitions=100000 +qrl_model_size=m batch_size=256 agent.training_schedule=joint agent.actor.losses.min_dist.adaptive_entropy_regularizer=true agent.actor.losses.min_dist.entropy_mc_samples=100 agent.actor.losses.min_dist.add_goal_as_future_state=true agent.actor.losses.behavior_cloning.weight=0 agent.goal_set_distance.enabled=false interaction.exploration_eps=0 interaction.validation_seed=1000 interaction.test_seed=2000000 interaction.num_eval_episodes=200 interaction.num_test_episodes=200 save_steps=20000 eval_steps=null keep_only_latest_checkpoint=true keep_only_best_and_final_checkpoints=true save_replay_buffer=true save_final_replay_buffer=true resume_if_possible=true
extended_v1_QRL-M_100k_20kckpt_val200_test200_handmanipulateblockrotatez_continuoustouchsensors_v1_online_s1004	online	HandManipulateBlockRotateZ_ContinuousTouchSensors-v1	1004	100000	4.5m	env.kind=gymnasium_robotics env.init_num_transitions=100000 env.increment_num_transitions=100000 +qrl_model_size=m batch_size=256 agent.training_schedule=joint agent.actor.losses.min_dist.adaptive_entropy_regularizer=true agent.actor.losses.min_dist.entropy_mc_samples=100 agent.actor.losses.min_dist.add_goal_as_future_state=true agent.actor.losses.behavior_cloning.weight=0 agent.goal_set_distance.enabled=false interaction.exploration_eps=0 interaction.validation_seed=1000 interaction.test_seed=2000000 interaction.num_eval_episodes=200 interaction.num_test_episodes=200 save_steps=20000 eval_steps=null keep_only_latest_checkpoint=true keep_only_best_and_final_checkpoints=true save_replay_buffer=true save_final_replay_buffer=true resume_if_possible=true
extended_v1_TD-InfoNCE-M_100k_20kckpt_val200_test200_handmanipulateblockrotatez_continuoustouchsensors_v1_online_s1000	online	HandManipulateBlockRotateZ_ContinuousTouchSensors-v1	1000	100000	4.3m	env.kind=gymnasium_robotics env.init_num_transitions=100000 env.increment_num_transitions=100000 agent.algorithm=td_infonce +td_infonce_model_size=m batch_size=256 interaction.exploration_eps=0 interaction.validation_seed=1000 interaction.test_seed=2000000 interaction.num_eval_episodes=200 interaction.num_test_episodes=200 save_steps=20000 eval_steps=null keep_only_latest_checkpoint=true keep_only_best_and_final_checkpoints=true save_replay_buffer=true save_final_replay_buffer=true resume_if_possible=true
extended_v1_TD-InfoNCE-M_100k_20kckpt_val200_test200_handmanipulateblockrotatez_continuoustouchsensors_v1_online_s1002	online	HandManipulateBlockRotateZ_ContinuousTouchSensors-v1	1002	100000	4.3m	env.kind=gymnasium_robotics env.init_num_transitions=100000 env.increment_num_transitions=100000 agent.algorithm=td_infonce +td_infonce_model_size=m batch_size=256 interaction.exploration_eps=0 interaction.validation_seed=1000 interaction.test_seed=2000000 interaction.num_eval_episodes=200 interaction.num_test_episodes=200 save_steps=20000 eval_steps=null keep_only_latest_checkpoint=true keep_only_best_and_final_checkpoints=true save_replay_buffer=true save_final_replay_buffer=true resume_if_possible=true
extended_v1_TD-InfoNCE-M_100k_20kckpt_val200_test200_handmanipulateblockrotatez_continuoustouchsensors_v1_online_s1003	online	HandManipulateBlockRotateZ_ContinuousTouchSensors-v1	1003	100000	4.3m	env.kind=gymnasium_robotics env.init_num_transitions=100000 env.increment_num_transitions=100000 agent.algorithm=td_infonce +td_infonce_model_size=m batch_size=256 interaction.exploration_eps=0 interaction.validation_seed=1000 interaction.test_seed=2000000 interaction.num_eval_episodes=200 interaction.num_test_episodes=200 save_steps=20000 eval_steps=null keep_only_latest_checkpoint=true keep_only_best_and_final_checkpoints=true save_replay_buffer=true save_final_replay_buffer=true resume_if_possible=true
extended_v1_GCSL-M_100k_20kckpt_val200_test200_factorized_handmanipulateblockrotatez_continuoustouchsensors_v1_online_s1000	online	HandManipulateBlockRotateZ_ContinuousTouchSensors-v1	1000	100000	4.5m	env.kind=gymnasium_robotics env.init_num_transitions=100000 env.increment_num_transitions=100000 agent.algorithm=gcsl +gcsl_model_size=m batch_size=256 interaction.exploration_eps=0 agent.baselines.gcbc.action_discretization=factorized interaction.validation_seed=1000 interaction.test_seed=2000000 interaction.num_eval_episodes=200 interaction.num_test_episodes=200 save_steps=20000 eval_steps=null keep_only_latest_checkpoint=true keep_only_best_and_final_checkpoints=true save_replay_buffer=true save_final_replay_buffer=true resume_if_possible=true
extended_v1_GCSL-M_100k_20kckpt_val200_test200_factorized_handmanipulateblockrotatez_continuoustouchsensors_v1_online_s1001	online	HandManipulateBlockRotateZ_ContinuousTouchSensors-v1	1001	100000	4.5m	env.kind=gymnasium_robotics env.init_num_transitions=100000 env.increment_num_transitions=100000 agent.algorithm=gcsl +gcsl_model_size=m batch_size=256 interaction.exploration_eps=0 agent.baselines.gcbc.action_discretization=factorized interaction.validation_seed=1000 interaction.test_seed=2000000 interaction.num_eval_episodes=200 interaction.num_test_episodes=200 save_steps=20000 eval_steps=null keep_only_latest_checkpoint=true keep_only_best_and_final_checkpoints=true save_replay_buffer=true save_final_replay_buffer=true resume_if_possible=true
extended_v1_GCSL-M_100k_20kckpt_val200_test200_factorized_handmanipulateblockrotatez_continuoustouchsensors_v1_online_s1003	online	HandManipulateBlockRotateZ_ContinuousTouchSensors-v1	1003	100000	4.5m	env.kind=gymnasium_robotics env.init_num_transitions=100000 env.increment_num_transitions=100000 agent.algorithm=gcsl +gcsl_model_size=m batch_size=256 interaction.exploration_eps=0 agent.baselines.gcbc.action_discretization=factorized interaction.validation_seed=1000 interaction.test_seed=2000000 interaction.num_eval_episodes=200 interaction.num_test_episodes=200 save_steps=20000 eval_steps=null keep_only_latest_checkpoint=true keep_only_best_and_final_checkpoints=true save_replay_buffer=true save_final_replay_buffer=true resume_if_possible=true
extended_v1_GCSL-M_100k_20kckpt_val200_test200_factorized_handmanipulateblockrotatez_continuoustouchsensors_v1_online_s1004	online	HandManipulateBlockRotateZ_ContinuousTouchSensors-v1	1004	100000	4.5m	env.kind=gymnasium_robotics env.init_num_transitions=100000 env.increment_num_transitions=100000 agent.algorithm=gcsl +gcsl_model_size=m batch_size=256 interaction.exploration_eps=0 agent.baselines.gcbc.action_discretization=factorized interaction.validation_seed=1000 interaction.test_seed=2000000 interaction.num_eval_episodes=200 interaction.num_test_episodes=200 save_steps=20000 eval_steps=null keep_only_latest_checkpoint=true keep_only_best_and_final_checkpoints=true save_replay_buffer=true save_final_replay_buffer=true resume_if_possible=true
extended_v1_C-Learning-M_100k_20kckpt_val200_test200_handmanipulateblockrotatez_continuoustouchsensors_v1_online_s1001	online	HandManipulateBlockRotateZ_ContinuousTouchSensors-v1	1001	100000	4.9m	env.kind=gymnasium_robotics env.init_num_transitions=100000 env.increment_num_transitions=100000 agent.algorithm=c_learning +c_learning_model_size=m batch_size=256 interaction.exploration_eps=0 interaction.validation_seed=1000 interaction.test_seed=2000000 interaction.num_eval_episodes=200 interaction.num_test_episodes=200 save_steps=20000 eval_steps=null keep_only_latest_checkpoint=true keep_only_best_and_final_checkpoints=true save_replay_buffer=true save_final_replay_buffer=true resume_if_possible=true
extended_v1_C-Learning-M_100k_20kckpt_val200_test200_handmanipulateblockrotatez_continuoustouchsensors_v1_online_s1002	online	HandManipulateBlockRotateZ_ContinuousTouchSensors-v1	1002	100000	4.9m	env.kind=gymnasium_robotics env.init_num_transitions=100000 env.increment_num_transitions=100000 agent.algorithm=c_learning +c_learning_model_size=m batch_size=256 interaction.exploration_eps=0 interaction.validation_seed=1000 interaction.test_seed=2000000 interaction.num_eval_episodes=200 interaction.num_test_episodes=200 save_steps=20000 eval_steps=null keep_only_latest_checkpoint=true keep_only_best_and_final_checkpoints=true save_replay_buffer=true save_final_replay_buffer=true resume_if_possible=true
extended_v1_C-Learning-M_100k_20kckpt_val200_test200_handmanipulateblockrotatez_continuoustouchsensors_v1_online_s1004	online	HandManipulateBlockRotateZ_ContinuousTouchSensors-v1	1004	100000	4.9m	env.kind=gymnasium_robotics env.init_num_transitions=100000 env.increment_num_transitions=100000 agent.algorithm=c_learning +c_learning_model_size=m batch_size=256 interaction.exploration_eps=0 interaction.validation_seed=1000 interaction.test_seed=2000000 interaction.num_eval_episodes=200 interaction.num_test_episodes=200 save_steps=20000 eval_steps=null keep_only_latest_checkpoint=true keep_only_best_and_final_checkpoints=true save_replay_buffer=true save_final_replay_buffer=true resume_if_possible=true
extended_v1_CRL-M_100k_20kckpt_val200_test200_handmanipulateblockrotatez_continuoustouchsensors_v1_online_s1000	online	HandManipulateBlockRotateZ_ContinuousTouchSensors-v1	1000	100000	4.9m	env.kind=gymnasium_robotics env.init_num_transitions=100000 env.increment_num_transitions=100000 agent.algorithm=crl +crl_model_size=m batch_size=256 interaction.exploration_eps=0 interaction.validation_seed=1000 interaction.test_seed=2000000 interaction.num_eval_episodes=200 interaction.num_test_episodes=200 save_steps=20000 eval_steps=null keep_only_latest_checkpoint=true keep_only_best_and_final_checkpoints=true save_replay_buffer=true save_final_replay_buffer=true resume_if_possible=true
extended_v1_CRL-M_100k_20kckpt_val200_test200_handmanipulateblockrotatez_continuoustouchsensors_v1_online_s1002	online	HandManipulateBlockRotateZ_ContinuousTouchSensors-v1	1002	100000	4.9m	env.kind=gymnasium_robotics env.init_num_transitions=100000 env.increment_num_transitions=100000 agent.algorithm=crl +crl_model_size=m batch_size=256 interaction.exploration_eps=0 interaction.validation_seed=1000 interaction.test_seed=2000000 interaction.num_eval_episodes=200 interaction.num_test_episodes=200 save_steps=20000 eval_steps=null keep_only_latest_checkpoint=true keep_only_best_and_final_checkpoints=true save_replay_buffer=true save_final_replay_buffer=true resume_if_possible=true
extended_v1_CRL-M_100k_20kckpt_val200_test200_handmanipulateblockrotatez_continuoustouchsensors_v1_online_s1003	online	HandManipulateBlockRotateZ_ContinuousTouchSensors-v1	1003	100000	4.9m	env.kind=gymnasium_robotics env.init_num_transitions=100000 env.increment_num_transitions=100000 agent.algorithm=crl +crl_model_size=m batch_size=256 interaction.exploration_eps=0 interaction.validation_seed=1000 interaction.test_seed=2000000 interaction.num_eval_episodes=200 interaction.num_test_episodes=200 save_steps=20000 eval_steps=null keep_only_latest_checkpoint=true keep_only_best_and_final_checkpoints=true save_replay_buffer=true save_final_replay_buffer=true resume_if_possible=true
extended_v1_CQRL-Inner1-M_100k_20kckpt_val200_test200_handmanipulateblockrotatez_continuoustouchsensors_v1_online_s1000	online	HandManipulateBlockRotateZ_ContinuousTouchSensors-v1	1000	100000	4.5m	env.kind=gymnasium_robotics env.init_num_transitions=100000 env.increment_num_transitions=100000 +cqrl_model_size=m batch_size=256 agent.training_schedule=joint agent.actor.losses.min_dist.adaptive_entropy_regularizer=true agent.actor.losses.min_dist.entropy_mc_samples=100 agent.actor.losses.min_dist.add_goal_as_future_state=true agent.actor.losses.behavior_cloning.weight=0 agent.goal_set_distance.enabled=false interaction.exploration_eps=0 agent.quasimetric_critic.losses.separate_latent_dynamics=false agent.quasimetric_critic.losses.latent_dynamics.distance=iqe_mse agent.quasimetric_critic.losses.latent_dynamics.mse_weight=1.0 agent.quasimetric_critic.losses.latent_dynamics.iqe_weight=1.0 agent.quasimetric_critic.model.encoder.branch_normalization=none agent.actor.losses.min_dist.latent_goal_mode=max agent.actor.losses.min_dist.latent_goal_keep_best=true agent.actor.losses.min_dist.latent_goal_lr=0.01 agent.actor.losses.min_dist.latent_goal_search=direct agent.actor.losses.min_dist.latent_goal_optim=sgd agent.actor.losses.min_dist.latent_goal_steps=1 interaction.validation_seed=1000 interaction.test_seed=2000000 interaction.num_eval_episodes=200 interaction.num_test_episodes=200 save_steps=20000 eval_steps=null keep_only_latest_checkpoint=true keep_only_best_and_final_checkpoints=true save_replay_buffer=true save_final_replay_buffer=true resume_if_possible=true
extended_v1_CQRL-Inner1-M_100k_20kckpt_val200_test200_handmanipulateblockrotatez_continuoustouchsensors_v1_online_s1001	online	HandManipulateBlockRotateZ_ContinuousTouchSensors-v1	1001	100000	4.5m	env.kind=gymnasium_robotics env.init_num_transitions=100000 env.increment_num_transitions=100000 +cqrl_model_size=m batch_size=256 agent.training_schedule=joint agent.actor.losses.min_dist.adaptive_entropy_regularizer=true agent.actor.losses.min_dist.entropy_mc_samples=100 agent.actor.losses.min_dist.add_goal_as_future_state=true agent.actor.losses.behavior_cloning.weight=0 agent.goal_set_distance.enabled=false interaction.exploration_eps=0 agent.quasimetric_critic.losses.separate_latent_dynamics=false agent.quasimetric_critic.losses.latent_dynamics.distance=iqe_mse agent.quasimetric_critic.losses.latent_dynamics.mse_weight=1.0 agent.quasimetric_critic.losses.latent_dynamics.iqe_weight=1.0 agent.quasimetric_critic.model.encoder.branch_normalization=none agent.actor.losses.min_dist.latent_goal_mode=max agent.actor.losses.min_dist.latent_goal_keep_best=true agent.actor.losses.min_dist.latent_goal_lr=0.01 agent.actor.losses.min_dist.latent_goal_search=direct agent.actor.losses.min_dist.latent_goal_optim=sgd agent.actor.losses.min_dist.latent_goal_steps=1 interaction.validation_seed=1000 interaction.test_seed=2000000 interaction.num_eval_episodes=200 interaction.num_test_episodes=200 save_steps=20000 eval_steps=null keep_only_latest_checkpoint=true keep_only_best_and_final_checkpoints=true save_replay_buffer=true save_final_replay_buffer=true resume_if_possible=true
extended_v1_CQRL-Inner1-M_100k_20kckpt_val200_test200_handmanipulateblockrotatez_continuoustouchsensors_v1_online_s1003	online	HandManipulateBlockRotateZ_ContinuousTouchSensors-v1	1003	100000	4.5m	env.kind=gymnasium_robotics env.init_num_transitions=100000 env.increment_num_transitions=100000 +cqrl_model_size=m batch_size=256 agent.training_schedule=joint agent.actor.losses.min_dist.adaptive_entropy_regularizer=true agent.actor.losses.min_dist.entropy_mc_samples=100 agent.actor.losses.min_dist.add_goal_as_future_state=true agent.actor.losses.behavior_cloning.weight=0 agent.goal_set_distance.enabled=false interaction.exploration_eps=0 agent.quasimetric_critic.losses.separate_latent_dynamics=false agent.quasimetric_critic.losses.latent_dynamics.distance=iqe_mse agent.quasimetric_critic.losses.latent_dynamics.mse_weight=1.0 agent.quasimetric_critic.losses.latent_dynamics.iqe_weight=1.0 agent.quasimetric_critic.model.encoder.branch_normalization=none agent.actor.losses.min_dist.latent_goal_mode=max agent.actor.losses.min_dist.latent_goal_keep_best=true agent.actor.losses.min_dist.latent_goal_lr=0.01 agent.actor.losses.min_dist.latent_goal_search=direct agent.actor.losses.min_dist.latent_goal_optim=sgd agent.actor.losses.min_dist.latent_goal_steps=1 interaction.validation_seed=1000 interaction.test_seed=2000000 interaction.num_eval_episodes=200 interaction.num_test_episodes=200 save_steps=20000 eval_steps=null keep_only_latest_checkpoint=true keep_only_best_and_final_checkpoints=true save_replay_buffer=true save_final_replay_buffer=true resume_if_possible=true
extended_v1_CQRL-Inner1-M_100k_20kckpt_val200_test200_handmanipulateblockrotatez_continuoustouchsensors_v1_online_s1004	online	HandManipulateBlockRotateZ_ContinuousTouchSensors-v1	1004	100000	4.5m	env.kind=gymnasium_robotics env.init_num_transitions=100000 env.increment_num_transitions=100000 +cqrl_model_size=m batch_size=256 agent.training_schedule=joint agent.actor.losses.min_dist.adaptive_entropy_regularizer=true agent.actor.losses.min_dist.entropy_mc_samples=100 agent.actor.losses.min_dist.add_goal_as_future_state=true agent.actor.losses.behavior_cloning.weight=0 agent.goal_set_distance.enabled=false interaction.exploration_eps=0 agent.quasimetric_critic.losses.separate_latent_dynamics=false agent.quasimetric_critic.losses.latent_dynamics.distance=iqe_mse agent.quasimetric_critic.losses.latent_dynamics.mse_weight=1.0 agent.quasimetric_critic.losses.latent_dynamics.iqe_weight=1.0 agent.quasimetric_critic.model.encoder.branch_normalization=none agent.actor.losses.min_dist.latent_goal_mode=max agent.actor.losses.min_dist.latent_goal_keep_best=true agent.actor.losses.min_dist.latent_goal_lr=0.01 agent.actor.losses.min_dist.latent_goal_search=direct agent.actor.losses.min_dist.latent_goal_optim=sgd agent.actor.losses.min_dist.latent_goal_steps=1 interaction.validation_seed=1000 interaction.test_seed=2000000 interaction.num_eval_episodes=200 interaction.num_test_episodes=200 save_steps=20000 eval_steps=null keep_only_latest_checkpoint=true keep_only_best_and_final_checkpoints=true save_replay_buffer=true save_final_replay_buffer=true resume_if_possible=true
extended_v1_QRL-M_100k_20kckpt_val200_test200_handmanipulateeggrotate_booleantouchsensors_v1_online_s1000	online	HandManipulateEggRotate_BooleanTouchSensors-v1	1000	100000	4.5m	env.kind=gymnasium_robotics env.init_num_transitions=100000 env.increment_num_transitions=100000 +qrl_model_size=m batch_size=256 agent.training_schedule=joint agent.actor.losses.min_dist.adaptive_entropy_regularizer=true agent.actor.losses.min_dist.entropy_mc_samples=100 agent.actor.losses.min_dist.add_goal_as_future_state=true agent.actor.losses.behavior_cloning.weight=0 agent.goal_set_distance.enabled=false interaction.exploration_eps=0 interaction.validation_seed=1000 interaction.test_seed=2000000 interaction.num_eval_episodes=200 interaction.num_test_episodes=200 save_steps=20000 eval_steps=null keep_only_latest_checkpoint=true keep_only_best_and_final_checkpoints=true save_replay_buffer=true save_final_replay_buffer=true resume_if_possible=true
extended_v1_QRL-M_100k_20kckpt_val200_test200_handmanipulateeggrotate_booleantouchsensors_v1_online_s1001	online	HandManipulateEggRotate_BooleanTouchSensors-v1	1001	100000	4.5m	env.kind=gymnasium_robotics env.init_num_transitions=100000 env.increment_num_transitions=100000 +qrl_model_size=m batch_size=256 agent.training_schedule=joint agent.actor.losses.min_dist.adaptive_entropy_regularizer=true agent.actor.losses.min_dist.entropy_mc_samples=100 agent.actor.losses.min_dist.add_goal_as_future_state=true agent.actor.losses.behavior_cloning.weight=0 agent.goal_set_distance.enabled=false interaction.exploration_eps=0 interaction.validation_seed=1000 interaction.test_seed=2000000 interaction.num_eval_episodes=200 interaction.num_test_episodes=200 save_steps=20000 eval_steps=null keep_only_latest_checkpoint=true keep_only_best_and_final_checkpoints=true save_replay_buffer=true save_final_replay_buffer=true resume_if_possible=true
extended_v1_QRL-M_100k_20kckpt_val200_test200_handmanipulateeggrotate_booleantouchsensors_v1_online_s1003	online	HandManipulateEggRotate_BooleanTouchSensors-v1	1003	100000	4.5m	env.kind=gymnasium_robotics env.init_num_transitions=100000 env.increment_num_transitions=100000 +qrl_model_size=m batch_size=256 agent.training_schedule=joint agent.actor.losses.min_dist.adaptive_entropy_regularizer=true agent.actor.losses.min_dist.entropy_mc_samples=100 agent.actor.losses.min_dist.add_goal_as_future_state=true agent.actor.losses.behavior_cloning.weight=0 agent.goal_set_distance.enabled=false interaction.exploration_eps=0 interaction.validation_seed=1000 interaction.test_seed=2000000 interaction.num_eval_episodes=200 interaction.num_test_episodes=200 save_steps=20000 eval_steps=null keep_only_latest_checkpoint=true keep_only_best_and_final_checkpoints=true save_replay_buffer=true save_final_replay_buffer=true resume_if_possible=true
extended_v1_QRL-M_100k_20kckpt_val200_test200_handmanipulateeggrotate_booleantouchsensors_v1_online_s1004	online	HandManipulateEggRotate_BooleanTouchSensors-v1	1004	100000	4.5m	env.kind=gymnasium_robotics env.init_num_transitions=100000 env.increment_num_transitions=100000 +qrl_model_size=m batch_size=256 agent.training_schedule=joint agent.actor.losses.min_dist.adaptive_entropy_regularizer=true agent.actor.losses.min_dist.entropy_mc_samples=100 agent.actor.losses.min_dist.add_goal_as_future_state=true agent.actor.losses.behavior_cloning.weight=0 agent.goal_set_distance.enabled=false interaction.exploration_eps=0 interaction.validation_seed=1000 interaction.test_seed=2000000 interaction.num_eval_episodes=200 interaction.num_test_episodes=200 save_steps=20000 eval_steps=null keep_only_latest_checkpoint=true keep_only_best_and_final_checkpoints=true save_replay_buffer=true save_final_replay_buffer=true resume_if_possible=true
extended_v1_TD-InfoNCE-M_100k_20kckpt_val200_test200_handmanipulateeggrotate_booleantouchsensors_v1_online_s1001	online	HandManipulateEggRotate_BooleanTouchSensors-v1	1001	100000	4.3m	env.kind=gymnasium_robotics env.init_num_transitions=100000 env.increment_num_transitions=100000 agent.algorithm=td_infonce +td_infonce_model_size=m batch_size=256 interaction.exploration_eps=0 interaction.validation_seed=1000 interaction.test_seed=2000000 interaction.num_eval_episodes=200 interaction.num_test_episodes=200 save_steps=20000 eval_steps=null keep_only_latest_checkpoint=true keep_only_best_and_final_checkpoints=true save_replay_buffer=true save_final_replay_buffer=true resume_if_possible=true
extended_v1_TD-InfoNCE-M_100k_20kckpt_val200_test200_handmanipulateeggrotate_booleantouchsensors_v1_online_s1002	online	HandManipulateEggRotate_BooleanTouchSensors-v1	1002	100000	4.3m	env.kind=gymnasium_robotics env.init_num_transitions=100000 env.increment_num_transitions=100000 agent.algorithm=td_infonce +td_infonce_model_size=m batch_size=256 interaction.exploration_eps=0 interaction.validation_seed=1000 interaction.test_seed=2000000 interaction.num_eval_episodes=200 interaction.num_test_episodes=200 save_steps=20000 eval_steps=null keep_only_latest_checkpoint=true keep_only_best_and_final_checkpoints=true save_replay_buffer=true save_final_replay_buffer=true resume_if_possible=true
extended_v1_TD-InfoNCE-M_100k_20kckpt_val200_test200_handmanipulateeggrotate_booleantouchsensors_v1_online_s1004	online	HandManipulateEggRotate_BooleanTouchSensors-v1	1004	100000	4.3m	env.kind=gymnasium_robotics env.init_num_transitions=100000 env.increment_num_transitions=100000 agent.algorithm=td_infonce +td_infonce_model_size=m batch_size=256 interaction.exploration_eps=0 interaction.validation_seed=1000 interaction.test_seed=2000000 interaction.num_eval_episodes=200 interaction.num_test_episodes=200 save_steps=20000 eval_steps=null keep_only_latest_checkpoint=true keep_only_best_and_final_checkpoints=true save_replay_buffer=true save_final_replay_buffer=true resume_if_possible=true
extended_v1_GCSL-M_100k_20kckpt_val200_test200_factorized_handmanipulateeggrotate_booleantouchsensors_v1_online_s1000	online	HandManipulateEggRotate_BooleanTouchSensors-v1	1000	100000	4.5m	env.kind=gymnasium_robotics env.init_num_transitions=100000 env.increment_num_transitions=100000 agent.algorithm=gcsl +gcsl_model_size=m batch_size=256 interaction.exploration_eps=0 agent.baselines.gcbc.action_discretization=factorized interaction.validation_seed=1000 interaction.test_seed=2000000 interaction.num_eval_episodes=200 interaction.num_test_episodes=200 save_steps=20000 eval_steps=null keep_only_latest_checkpoint=true keep_only_best_and_final_checkpoints=true save_replay_buffer=true save_final_replay_buffer=true resume_if_possible=true
extended_v1_GCSL-M_100k_20kckpt_val200_test200_factorized_handmanipulateeggrotate_booleantouchsensors_v1_online_s1002	online	HandManipulateEggRotate_BooleanTouchSensors-v1	1002	100000	4.5m	env.kind=gymnasium_robotics env.init_num_transitions=100000 env.increment_num_transitions=100000 agent.algorithm=gcsl +gcsl_model_size=m batch_size=256 interaction.exploration_eps=0 agent.baselines.gcbc.action_discretization=factorized interaction.validation_seed=1000 interaction.test_seed=2000000 interaction.num_eval_episodes=200 interaction.num_test_episodes=200 save_steps=20000 eval_steps=null keep_only_latest_checkpoint=true keep_only_best_and_final_checkpoints=true save_replay_buffer=true save_final_replay_buffer=true resume_if_possible=true
extended_v1_GCSL-M_100k_20kckpt_val200_test200_factorized_handmanipulateeggrotate_booleantouchsensors_v1_online_s1003	online	HandManipulateEggRotate_BooleanTouchSensors-v1	1003	100000	4.5m	env.kind=gymnasium_robotics env.init_num_transitions=100000 env.increment_num_transitions=100000 agent.algorithm=gcsl +gcsl_model_size=m batch_size=256 interaction.exploration_eps=0 agent.baselines.gcbc.action_discretization=factorized interaction.validation_seed=1000 interaction.test_seed=2000000 interaction.num_eval_episodes=200 interaction.num_test_episodes=200 save_steps=20000 eval_steps=null keep_only_latest_checkpoint=true keep_only_best_and_final_checkpoints=true save_replay_buffer=true save_final_replay_buffer=true resume_if_possible=true
extended_v1_C-Learning-M_100k_20kckpt_val200_test200_handmanipulateeggrotate_booleantouchsensors_v1_online_s1000	online	HandManipulateEggRotate_BooleanTouchSensors-v1	1000	100000	4.9m	env.kind=gymnasium_robotics env.init_num_transitions=100000 env.increment_num_transitions=100000 agent.algorithm=c_learning +c_learning_model_size=m batch_size=256 interaction.exploration_eps=0 interaction.validation_seed=1000 interaction.test_seed=2000000 interaction.num_eval_episodes=200 interaction.num_test_episodes=200 save_steps=20000 eval_steps=null keep_only_latest_checkpoint=true keep_only_best_and_final_checkpoints=true save_replay_buffer=true save_final_replay_buffer=true resume_if_possible=true
extended_v1_C-Learning-M_100k_20kckpt_val200_test200_handmanipulateeggrotate_booleantouchsensors_v1_online_s1001	online	HandManipulateEggRotate_BooleanTouchSensors-v1	1001	100000	4.9m	env.kind=gymnasium_robotics env.init_num_transitions=100000 env.increment_num_transitions=100000 agent.algorithm=c_learning +c_learning_model_size=m batch_size=256 interaction.exploration_eps=0 interaction.validation_seed=1000 interaction.test_seed=2000000 interaction.num_eval_episodes=200 interaction.num_test_episodes=200 save_steps=20000 eval_steps=null keep_only_latest_checkpoint=true keep_only_best_and_final_checkpoints=true save_replay_buffer=true save_final_replay_buffer=true resume_if_possible=true
extended_v1_C-Learning-M_100k_20kckpt_val200_test200_handmanipulateeggrotate_booleantouchsensors_v1_online_s1003	online	HandManipulateEggRotate_BooleanTouchSensors-v1	1003	100000	4.9m	env.kind=gymnasium_robotics env.init_num_transitions=100000 env.increment_num_transitions=100000 agent.algorithm=c_learning +c_learning_model_size=m batch_size=256 interaction.exploration_eps=0 interaction.validation_seed=1000 interaction.test_seed=2000000 interaction.num_eval_episodes=200 interaction.num_test_episodes=200 save_steps=20000 eval_steps=null keep_only_latest_checkpoint=true keep_only_best_and_final_checkpoints=true save_replay_buffer=true save_final_replay_buffer=true resume_if_possible=true
extended_v1_C-Learning-M_100k_20kckpt_val200_test200_handmanipulateeggrotate_booleantouchsensors_v1_online_s1004	online	HandManipulateEggRotate_BooleanTouchSensors-v1	1004	100000	4.9m	env.kind=gymnasium_robotics env.init_num_transitions=100000 env.increment_num_transitions=100000 agent.algorithm=c_learning +c_learning_model_size=m batch_size=256 interaction.exploration_eps=0 interaction.validation_seed=1000 interaction.test_seed=2000000 interaction.num_eval_episodes=200 interaction.num_test_episodes=200 save_steps=20000 eval_steps=null keep_only_latest_checkpoint=true keep_only_best_and_final_checkpoints=true save_replay_buffer=true save_final_replay_buffer=true resume_if_possible=true
extended_v1_CRL-M_100k_20kckpt_val200_test200_handmanipulateeggrotate_booleantouchsensors_v1_online_s1001	online	HandManipulateEggRotate_BooleanTouchSensors-v1	1001	100000	4.9m	env.kind=gymnasium_robotics env.init_num_transitions=100000 env.increment_num_transitions=100000 agent.algorithm=crl +crl_model_size=m batch_size=256 interaction.exploration_eps=0 interaction.validation_seed=1000 interaction.test_seed=2000000 interaction.num_eval_episodes=200 interaction.num_test_episodes=200 save_steps=20000 eval_steps=null keep_only_latest_checkpoint=true keep_only_best_and_final_checkpoints=true save_replay_buffer=true save_final_replay_buffer=true resume_if_possible=true
extended_v1_CRL-M_100k_20kckpt_val200_test200_handmanipulateeggrotate_booleantouchsensors_v1_online_s1002	online	HandManipulateEggRotate_BooleanTouchSensors-v1	1002	100000	4.9m	env.kind=gymnasium_robotics env.init_num_transitions=100000 env.increment_num_transitions=100000 agent.algorithm=crl +crl_model_size=m batch_size=256 interaction.exploration_eps=0 interaction.validation_seed=1000 interaction.test_seed=2000000 interaction.num_eval_episodes=200 interaction.num_test_episodes=200 save_steps=20000 eval_steps=null keep_only_latest_checkpoint=true keep_only_best_and_final_checkpoints=true save_replay_buffer=true save_final_replay_buffer=true resume_if_possible=true
extended_v1_CRL-M_100k_20kckpt_val200_test200_handmanipulateeggrotate_booleantouchsensors_v1_online_s1004	online	HandManipulateEggRotate_BooleanTouchSensors-v1	1004	100000	4.9m	env.kind=gymnasium_robotics env.init_num_transitions=100000 env.increment_num_transitions=100000 agent.algorithm=crl +crl_model_size=m batch_size=256 interaction.exploration_eps=0 interaction.validation_seed=1000 interaction.test_seed=2000000 interaction.num_eval_episodes=200 interaction.num_test_episodes=200 save_steps=20000 eval_steps=null keep_only_latest_checkpoint=true keep_only_best_and_final_checkpoints=true save_replay_buffer=true save_final_replay_buffer=true resume_if_possible=true
extended_v1_CQRL-Inner1-M_100k_20kckpt_val200_test200_handmanipulateeggrotate_booleantouchsensors_v1_online_s1000	online	HandManipulateEggRotate_BooleanTouchSensors-v1	1000	100000	4.5m	env.kind=gymnasium_robotics env.init_num_transitions=100000 env.increment_num_transitions=100000 +cqrl_model_size=m batch_size=256 agent.training_schedule=joint agent.actor.losses.min_dist.adaptive_entropy_regularizer=true agent.actor.losses.min_dist.entropy_mc_samples=100 agent.actor.losses.min_dist.add_goal_as_future_state=true agent.actor.losses.behavior_cloning.weight=0 agent.goal_set_distance.enabled=false interaction.exploration_eps=0 agent.quasimetric_critic.losses.separate_latent_dynamics=false agent.quasimetric_critic.losses.latent_dynamics.distance=iqe_mse agent.quasimetric_critic.losses.latent_dynamics.mse_weight=1.0 agent.quasimetric_critic.losses.latent_dynamics.iqe_weight=1.0 agent.quasimetric_critic.model.encoder.branch_normalization=none agent.actor.losses.min_dist.latent_goal_mode=max agent.actor.losses.min_dist.latent_goal_keep_best=true agent.actor.losses.min_dist.latent_goal_lr=0.01 agent.actor.losses.min_dist.latent_goal_search=direct agent.actor.losses.min_dist.latent_goal_optim=sgd agent.actor.losses.min_dist.latent_goal_steps=1 interaction.validation_seed=1000 interaction.test_seed=2000000 interaction.num_eval_episodes=200 interaction.num_test_episodes=200 save_steps=20000 eval_steps=null keep_only_latest_checkpoint=true keep_only_best_and_final_checkpoints=true save_replay_buffer=true save_final_replay_buffer=true resume_if_possible=true
extended_v1_CQRL-Inner1-M_100k_20kckpt_val200_test200_handmanipulateeggrotate_booleantouchsensors_v1_online_s1002	online	HandManipulateEggRotate_BooleanTouchSensors-v1	1002	100000	4.5m	env.kind=gymnasium_robotics env.init_num_transitions=100000 env.increment_num_transitions=100000 +cqrl_model_size=m batch_size=256 agent.training_schedule=joint agent.actor.losses.min_dist.adaptive_entropy_regularizer=true agent.actor.losses.min_dist.entropy_mc_samples=100 agent.actor.losses.min_dist.add_goal_as_future_state=true agent.actor.losses.behavior_cloning.weight=0 agent.goal_set_distance.enabled=false interaction.exploration_eps=0 agent.quasimetric_critic.losses.separate_latent_dynamics=false agent.quasimetric_critic.losses.latent_dynamics.distance=iqe_mse agent.quasimetric_critic.losses.latent_dynamics.mse_weight=1.0 agent.quasimetric_critic.losses.latent_dynamics.iqe_weight=1.0 agent.quasimetric_critic.model.encoder.branch_normalization=none agent.actor.losses.min_dist.latent_goal_mode=max agent.actor.losses.min_dist.latent_goal_keep_best=true agent.actor.losses.min_dist.latent_goal_lr=0.01 agent.actor.losses.min_dist.latent_goal_search=direct agent.actor.losses.min_dist.latent_goal_optim=sgd agent.actor.losses.min_dist.latent_goal_steps=1 interaction.validation_seed=1000 interaction.test_seed=2000000 interaction.num_eval_episodes=200 interaction.num_test_episodes=200 save_steps=20000 eval_steps=null keep_only_latest_checkpoint=true keep_only_best_and_final_checkpoints=true save_replay_buffer=true save_final_replay_buffer=true resume_if_possible=true
extended_v1_CQRL-Inner1-M_100k_20kckpt_val200_test200_handmanipulateeggrotate_booleantouchsensors_v1_online_s1003	online	HandManipulateEggRotate_BooleanTouchSensors-v1	1003	100000	4.5m	env.kind=gymnasium_robotics env.init_num_transitions=100000 env.increment_num_transitions=100000 +cqrl_model_size=m batch_size=256 agent.training_schedule=joint agent.actor.losses.min_dist.adaptive_entropy_regularizer=true agent.actor.losses.min_dist.entropy_mc_samples=100 agent.actor.losses.min_dist.add_goal_as_future_state=true agent.actor.losses.behavior_cloning.weight=0 agent.goal_set_distance.enabled=false interaction.exploration_eps=0 agent.quasimetric_critic.losses.separate_latent_dynamics=false agent.quasimetric_critic.losses.latent_dynamics.distance=iqe_mse agent.quasimetric_critic.losses.latent_dynamics.mse_weight=1.0 agent.quasimetric_critic.losses.latent_dynamics.iqe_weight=1.0 agent.quasimetric_critic.model.encoder.branch_normalization=none agent.actor.losses.min_dist.latent_goal_mode=max agent.actor.losses.min_dist.latent_goal_keep_best=true agent.actor.losses.min_dist.latent_goal_lr=0.01 agent.actor.losses.min_dist.latent_goal_search=direct agent.actor.losses.min_dist.latent_goal_optim=sgd agent.actor.losses.min_dist.latent_goal_steps=1 interaction.validation_seed=1000 interaction.test_seed=2000000 interaction.num_eval_episodes=200 interaction.num_test_episodes=200 save_steps=20000 eval_steps=null keep_only_latest_checkpoint=true keep_only_best_and_final_checkpoints=true save_replay_buffer=true save_final_replay_buffer=true resume_if_possible=true
extended_v1_QRL-M_100k_20kckpt_val200_test200_handmanipulateeggrotate_continuoustouchsensors_v1_online_s1000	online	HandManipulateEggRotate_ContinuousTouchSensors-v1	1000	100000	4.5m	env.kind=gymnasium_robotics env.init_num_transitions=100000 env.increment_num_transitions=100000 +qrl_model_size=m batch_size=256 agent.training_schedule=joint agent.actor.losses.min_dist.adaptive_entropy_regularizer=true agent.actor.losses.min_dist.entropy_mc_samples=100 agent.actor.losses.min_dist.add_goal_as_future_state=true agent.actor.losses.behavior_cloning.weight=0 agent.goal_set_distance.enabled=false interaction.exploration_eps=0 interaction.validation_seed=1000 interaction.test_seed=2000000 interaction.num_eval_episodes=200 interaction.num_test_episodes=200 save_steps=20000 eval_steps=null keep_only_latest_checkpoint=true keep_only_best_and_final_checkpoints=true save_replay_buffer=true save_final_replay_buffer=true resume_if_possible=true
extended_v1_QRL-M_100k_20kckpt_val200_test200_handmanipulateeggrotate_continuoustouchsensors_v1_online_s1002	online	HandManipulateEggRotate_ContinuousTouchSensors-v1	1002	100000	4.5m	env.kind=gymnasium_robotics env.init_num_transitions=100000 env.increment_num_transitions=100000 +qrl_model_size=m batch_size=256 agent.training_schedule=joint agent.actor.losses.min_dist.adaptive_entropy_regularizer=true agent.actor.losses.min_dist.entropy_mc_samples=100 agent.actor.losses.min_dist.add_goal_as_future_state=true agent.actor.losses.behavior_cloning.weight=0 agent.goal_set_distance.enabled=false interaction.exploration_eps=0 interaction.validation_seed=1000 interaction.test_seed=2000000 interaction.num_eval_episodes=200 interaction.num_test_episodes=200 save_steps=20000 eval_steps=null keep_only_latest_checkpoint=true keep_only_best_and_final_checkpoints=true save_replay_buffer=true save_final_replay_buffer=true resume_if_possible=true
extended_v1_QRL-M_100k_20kckpt_val200_test200_handmanipulateeggrotate_continuoustouchsensors_v1_online_s1003	online	HandManipulateEggRotate_ContinuousTouchSensors-v1	1003	100000	4.5m	env.kind=gymnasium_robotics env.init_num_transitions=100000 env.increment_num_transitions=100000 +qrl_model_size=m batch_size=256 agent.training_schedule=joint agent.actor.losses.min_dist.adaptive_entropy_regularizer=true agent.actor.losses.min_dist.entropy_mc_samples=100 agent.actor.losses.min_dist.add_goal_as_future_state=true agent.actor.losses.behavior_cloning.weight=0 agent.goal_set_distance.enabled=false interaction.exploration_eps=0 interaction.validation_seed=1000 interaction.test_seed=2000000 interaction.num_eval_episodes=200 interaction.num_test_episodes=200 save_steps=20000 eval_steps=null keep_only_latest_checkpoint=true keep_only_best_and_final_checkpoints=true save_replay_buffer=true save_final_replay_buffer=true resume_if_possible=true
extended_v1_TD-InfoNCE-M_100k_20kckpt_val200_test200_handmanipulateeggrotate_continuoustouchsensors_v1_online_s1000	online	HandManipulateEggRotate_ContinuousTouchSensors-v1	1000	100000	4.3m	env.kind=gymnasium_robotics env.init_num_transitions=100000 env.increment_num_transitions=100000 agent.algorithm=td_infonce +td_infonce_model_size=m batch_size=256 interaction.exploration_eps=0 interaction.validation_seed=1000 interaction.test_seed=2000000 interaction.num_eval_episodes=200 interaction.num_test_episodes=200 save_steps=20000 eval_steps=null keep_only_latest_checkpoint=true keep_only_best_and_final_checkpoints=true save_replay_buffer=true save_final_replay_buffer=true resume_if_possible=true
extended_v1_TD-InfoNCE-M_100k_20kckpt_val200_test200_handmanipulateeggrotate_continuoustouchsensors_v1_online_s1001	online	HandManipulateEggRotate_ContinuousTouchSensors-v1	1001	100000	4.3m	env.kind=gymnasium_robotics env.init_num_transitions=100000 env.increment_num_transitions=100000 agent.algorithm=td_infonce +td_infonce_model_size=m batch_size=256 interaction.exploration_eps=0 interaction.validation_seed=1000 interaction.test_seed=2000000 interaction.num_eval_episodes=200 interaction.num_test_episodes=200 save_steps=20000 eval_steps=null keep_only_latest_checkpoint=true keep_only_best_and_final_checkpoints=true save_replay_buffer=true save_final_replay_buffer=true resume_if_possible=true
extended_v1_TD-InfoNCE-M_100k_20kckpt_val200_test200_handmanipulateeggrotate_continuoustouchsensors_v1_online_s1003	online	HandManipulateEggRotate_ContinuousTouchSensors-v1	1003	100000	4.3m	env.kind=gymnasium_robotics env.init_num_transitions=100000 env.increment_num_transitions=100000 agent.algorithm=td_infonce +td_infonce_model_size=m batch_size=256 interaction.exploration_eps=0 interaction.validation_seed=1000 interaction.test_seed=2000000 interaction.num_eval_episodes=200 interaction.num_test_episodes=200 save_steps=20000 eval_steps=null keep_only_latest_checkpoint=true keep_only_best_and_final_checkpoints=true save_replay_buffer=true save_final_replay_buffer=true resume_if_possible=true
extended_v1_TD-InfoNCE-M_100k_20kckpt_val200_test200_handmanipulateeggrotate_continuoustouchsensors_v1_online_s1004	online	HandManipulateEggRotate_ContinuousTouchSensors-v1	1004	100000	4.3m	env.kind=gymnasium_robotics env.init_num_transitions=100000 env.increment_num_transitions=100000 agent.algorithm=td_infonce +td_infonce_model_size=m batch_size=256 interaction.exploration_eps=0 interaction.validation_seed=1000 interaction.test_seed=2000000 interaction.num_eval_episodes=200 interaction.num_test_episodes=200 save_steps=20000 eval_steps=null keep_only_latest_checkpoint=true keep_only_best_and_final_checkpoints=true save_replay_buffer=true save_final_replay_buffer=true resume_if_possible=true
extended_v1_GCSL-M_100k_20kckpt_val200_test200_factorized_handmanipulateeggrotate_continuoustouchsensors_v1_online_s1001	online	HandManipulateEggRotate_ContinuousTouchSensors-v1	1001	100000	4.5m	env.kind=gymnasium_robotics env.init_num_transitions=100000 env.increment_num_transitions=100000 agent.algorithm=gcsl +gcsl_model_size=m batch_size=256 interaction.exploration_eps=0 agent.baselines.gcbc.action_discretization=factorized interaction.validation_seed=1000 interaction.test_seed=2000000 interaction.num_eval_episodes=200 interaction.num_test_episodes=200 save_steps=20000 eval_steps=null keep_only_latest_checkpoint=true keep_only_best_and_final_checkpoints=true save_replay_buffer=true save_final_replay_buffer=true resume_if_possible=true
extended_v1_GCSL-M_100k_20kckpt_val200_test200_factorized_handmanipulateeggrotate_continuoustouchsensors_v1_online_s1002	online	HandManipulateEggRotate_ContinuousTouchSensors-v1	1002	100000	4.5m	env.kind=gymnasium_robotics env.init_num_transitions=100000 env.increment_num_transitions=100000 agent.algorithm=gcsl +gcsl_model_size=m batch_size=256 interaction.exploration_eps=0 agent.baselines.gcbc.action_discretization=factorized interaction.validation_seed=1000 interaction.test_seed=2000000 interaction.num_eval_episodes=200 interaction.num_test_episodes=200 save_steps=20000 eval_steps=null keep_only_latest_checkpoint=true keep_only_best_and_final_checkpoints=true save_replay_buffer=true save_final_replay_buffer=true resume_if_possible=true
extended_v1_GCSL-M_100k_20kckpt_val200_test200_factorized_handmanipulateeggrotate_continuoustouchsensors_v1_online_s1004	online	HandManipulateEggRotate_ContinuousTouchSensors-v1	1004	100000	4.5m	env.kind=gymnasium_robotics env.init_num_transitions=100000 env.increment_num_transitions=100000 agent.algorithm=gcsl +gcsl_model_size=m batch_size=256 interaction.exploration_eps=0 agent.baselines.gcbc.action_discretization=factorized interaction.validation_seed=1000 interaction.test_seed=2000000 interaction.num_eval_episodes=200 interaction.num_test_episodes=200 save_steps=20000 eval_steps=null keep_only_latest_checkpoint=true keep_only_best_and_final_checkpoints=true save_replay_buffer=true save_final_replay_buffer=true resume_if_possible=true
extended_v1_C-Learning-M_100k_20kckpt_val200_test200_handmanipulateeggrotate_continuoustouchsensors_v1_online_s1000	online	HandManipulateEggRotate_ContinuousTouchSensors-v1	1000	100000	4.9m	env.kind=gymnasium_robotics env.init_num_transitions=100000 env.increment_num_transitions=100000 agent.algorithm=c_learning +c_learning_model_size=m batch_size=256 interaction.exploration_eps=0 interaction.validation_seed=1000 interaction.test_seed=2000000 interaction.num_eval_episodes=200 interaction.num_test_episodes=200 save_steps=20000 eval_steps=null keep_only_latest_checkpoint=true keep_only_best_and_final_checkpoints=true save_replay_buffer=true save_final_replay_buffer=true resume_if_possible=true
extended_v1_C-Learning-M_100k_20kckpt_val200_test200_handmanipulateeggrotate_continuoustouchsensors_v1_online_s1002	online	HandManipulateEggRotate_ContinuousTouchSensors-v1	1002	100000	4.9m	env.kind=gymnasium_robotics env.init_num_transitions=100000 env.increment_num_transitions=100000 agent.algorithm=c_learning +c_learning_model_size=m batch_size=256 interaction.exploration_eps=0 interaction.validation_seed=1000 interaction.test_seed=2000000 interaction.num_eval_episodes=200 interaction.num_test_episodes=200 save_steps=20000 eval_steps=null keep_only_latest_checkpoint=true keep_only_best_and_final_checkpoints=true save_replay_buffer=true save_final_replay_buffer=true resume_if_possible=true
extended_v1_C-Learning-M_100k_20kckpt_val200_test200_handmanipulateeggrotate_continuoustouchsensors_v1_online_s1003	online	HandManipulateEggRotate_ContinuousTouchSensors-v1	1003	100000	4.9m	env.kind=gymnasium_robotics env.init_num_transitions=100000 env.increment_num_transitions=100000 agent.algorithm=c_learning +c_learning_model_size=m batch_size=256 interaction.exploration_eps=0 interaction.validation_seed=1000 interaction.test_seed=2000000 interaction.num_eval_episodes=200 interaction.num_test_episodes=200 save_steps=20000 eval_steps=null keep_only_latest_checkpoint=true keep_only_best_and_final_checkpoints=true save_replay_buffer=true save_final_replay_buffer=true resume_if_possible=true
extended_v1_CRL-M_100k_20kckpt_val200_test200_handmanipulateeggrotate_continuoustouchsensors_v1_online_s1000	online	HandManipulateEggRotate_ContinuousTouchSensors-v1	1000	100000	4.9m	env.kind=gymnasium_robotics env.init_num_transitions=100000 env.increment_num_transitions=100000 agent.algorithm=crl +crl_model_size=m batch_size=256 interaction.exploration_eps=0 interaction.validation_seed=1000 interaction.test_seed=2000000 interaction.num_eval_episodes=200 interaction.num_test_episodes=200 save_steps=20000 eval_steps=null keep_only_latest_checkpoint=true keep_only_best_and_final_checkpoints=true save_replay_buffer=true save_final_replay_buffer=true resume_if_possible=true
extended_v1_CRL-M_100k_20kckpt_val200_test200_handmanipulateeggrotate_continuoustouchsensors_v1_online_s1001	online	HandManipulateEggRotate_ContinuousTouchSensors-v1	1001	100000	4.9m	env.kind=gymnasium_robotics env.init_num_transitions=100000 env.increment_num_transitions=100000 agent.algorithm=crl +crl_model_size=m batch_size=256 interaction.exploration_eps=0 interaction.validation_seed=1000 interaction.test_seed=2000000 interaction.num_eval_episodes=200 interaction.num_test_episodes=200 save_steps=20000 eval_steps=null keep_only_latest_checkpoint=true keep_only_best_and_final_checkpoints=true save_replay_buffer=true save_final_replay_buffer=true resume_if_possible=true
extended_v1_CRL-M_100k_20kckpt_val200_test200_handmanipulateeggrotate_continuoustouchsensors_v1_online_s1003	online	HandManipulateEggRotate_ContinuousTouchSensors-v1	1003	100000	4.9m	env.kind=gymnasium_robotics env.init_num_transitions=100000 env.increment_num_transitions=100000 agent.algorithm=crl +crl_model_size=m batch_size=256 interaction.exploration_eps=0 interaction.validation_seed=1000 interaction.test_seed=2000000 interaction.num_eval_episodes=200 interaction.num_test_episodes=200 save_steps=20000 eval_steps=null keep_only_latest_checkpoint=true keep_only_best_and_final_checkpoints=true save_replay_buffer=true save_final_replay_buffer=true resume_if_possible=true
extended_v1_CRL-M_100k_20kckpt_val200_test200_handmanipulateeggrotate_continuoustouchsensors_v1_online_s1004	online	HandManipulateEggRotate_ContinuousTouchSensors-v1	1004	100000	4.9m	env.kind=gymnasium_robotics env.init_num_transitions=100000 env.increment_num_transitions=100000 agent.algorithm=crl +crl_model_size=m batch_size=256 interaction.exploration_eps=0 interaction.validation_seed=1000 interaction.test_seed=2000000 interaction.num_eval_episodes=200 interaction.num_test_episodes=200 save_steps=20000 eval_steps=null keep_only_latest_checkpoint=true keep_only_best_and_final_checkpoints=true save_replay_buffer=true save_final_replay_buffer=true resume_if_possible=true
extended_v1_CQRL-Inner1-M_100k_20kckpt_val200_test200_handmanipulateeggrotate_continuoustouchsensors_v1_online_s1001	online	HandManipulateEggRotate_ContinuousTouchSensors-v1	1001	100000	4.5m	env.kind=gymnasium_robotics env.init_num_transitions=100000 env.increment_num_transitions=100000 +cqrl_model_size=m batch_size=256 agent.training_schedule=joint agent.actor.losses.min_dist.adaptive_entropy_regularizer=true agent.actor.losses.min_dist.entropy_mc_samples=100 agent.actor.losses.min_dist.add_goal_as_future_state=true agent.actor.losses.behavior_cloning.weight=0 agent.goal_set_distance.enabled=false interaction.exploration_eps=0 agent.quasimetric_critic.losses.separate_latent_dynamics=false agent.quasimetric_critic.losses.latent_dynamics.distance=iqe_mse agent.quasimetric_critic.losses.latent_dynamics.mse_weight=1.0 agent.quasimetric_critic.losses.latent_dynamics.iqe_weight=1.0 agent.quasimetric_critic.model.encoder.branch_normalization=none agent.actor.losses.min_dist.latent_goal_mode=max agent.actor.losses.min_dist.latent_goal_keep_best=true agent.actor.losses.min_dist.latent_goal_lr=0.01 agent.actor.losses.min_dist.latent_goal_search=direct agent.actor.losses.min_dist.latent_goal_optim=sgd agent.actor.losses.min_dist.latent_goal_steps=1 interaction.validation_seed=1000 interaction.test_seed=2000000 interaction.num_eval_episodes=200 interaction.num_test_episodes=200 save_steps=20000 eval_steps=null keep_only_latest_checkpoint=true keep_only_best_and_final_checkpoints=true save_replay_buffer=true save_final_replay_buffer=true resume_if_possible=true
extended_v1_CQRL-Inner1-M_100k_20kckpt_val200_test200_handmanipulateeggrotate_continuoustouchsensors_v1_online_s1002	online	HandManipulateEggRotate_ContinuousTouchSensors-v1	1002	100000	4.5m	env.kind=gymnasium_robotics env.init_num_transitions=100000 env.increment_num_transitions=100000 +cqrl_model_size=m batch_size=256 agent.training_schedule=joint agent.actor.losses.min_dist.adaptive_entropy_regularizer=true agent.actor.losses.min_dist.entropy_mc_samples=100 agent.actor.losses.min_dist.add_goal_as_future_state=true agent.actor.losses.behavior_cloning.weight=0 agent.goal_set_distance.enabled=false interaction.exploration_eps=0 agent.quasimetric_critic.losses.separate_latent_dynamics=false agent.quasimetric_critic.losses.latent_dynamics.distance=iqe_mse agent.quasimetric_critic.losses.latent_dynamics.mse_weight=1.0 agent.quasimetric_critic.losses.latent_dynamics.iqe_weight=1.0 agent.quasimetric_critic.model.encoder.branch_normalization=none agent.actor.losses.min_dist.latent_goal_mode=max agent.actor.losses.min_dist.latent_goal_keep_best=true agent.actor.losses.min_dist.latent_goal_lr=0.01 agent.actor.losses.min_dist.latent_goal_search=direct agent.actor.losses.min_dist.latent_goal_optim=sgd agent.actor.losses.min_dist.latent_goal_steps=1 interaction.validation_seed=1000 interaction.test_seed=2000000 interaction.num_eval_episodes=200 interaction.num_test_episodes=200 save_steps=20000 eval_steps=null keep_only_latest_checkpoint=true keep_only_best_and_final_checkpoints=true save_replay_buffer=true save_final_replay_buffer=true resume_if_possible=true
extended_v1_CQRL-Inner1-M_100k_20kckpt_val200_test200_handmanipulateeggrotate_continuoustouchsensors_v1_online_s1004	online	HandManipulateEggRotate_ContinuousTouchSensors-v1	1004	100000	4.5m	env.kind=gymnasium_robotics env.init_num_transitions=100000 env.increment_num_transitions=100000 +cqrl_model_size=m batch_size=256 agent.training_schedule=joint agent.actor.losses.min_dist.adaptive_entropy_regularizer=true agent.actor.losses.min_dist.entropy_mc_samples=100 agent.actor.losses.min_dist.add_goal_as_future_state=true agent.actor.losses.behavior_cloning.weight=0 agent.goal_set_distance.enabled=false interaction.exploration_eps=0 agent.quasimetric_critic.losses.separate_latent_dynamics=false agent.quasimetric_critic.losses.latent_dynamics.distance=iqe_mse agent.quasimetric_critic.losses.latent_dynamics.mse_weight=1.0 agent.quasimetric_critic.losses.latent_dynamics.iqe_weight=1.0 agent.quasimetric_critic.model.encoder.branch_normalization=none agent.actor.losses.min_dist.latent_goal_mode=max agent.actor.losses.min_dist.latent_goal_keep_best=true agent.actor.losses.min_dist.latent_goal_lr=0.01 agent.actor.losses.min_dist.latent_goal_search=direct agent.actor.losses.min_dist.latent_goal_optim=sgd agent.actor.losses.min_dist.latent_goal_steps=1 interaction.validation_seed=1000 interaction.test_seed=2000000 interaction.num_eval_episodes=200 interaction.num_test_episodes=200 save_steps=20000 eval_steps=null keep_only_latest_checkpoint=true keep_only_best_and_final_checkpoints=true save_replay_buffer=true save_final_replay_buffer=true resume_if_possible=true
extended_v1_QRL-M_100k_20kckpt_val200_test200_handmanipulatepenrotate_booleantouchsensors_v1_online_s1001	online	HandManipulatePenRotate_BooleanTouchSensors-v1	1001	100000	4.5m	env.kind=gymnasium_robotics env.init_num_transitions=100000 env.increment_num_transitions=100000 +qrl_model_size=m batch_size=256 agent.training_schedule=joint agent.actor.losses.min_dist.adaptive_entropy_regularizer=true agent.actor.losses.min_dist.entropy_mc_samples=100 agent.actor.losses.min_dist.add_goal_as_future_state=true agent.actor.losses.behavior_cloning.weight=0 agent.goal_set_distance.enabled=false interaction.exploration_eps=0 interaction.validation_seed=1000 interaction.test_seed=2000000 interaction.num_eval_episodes=200 interaction.num_test_episodes=200 save_steps=20000 eval_steps=null keep_only_latest_checkpoint=true keep_only_best_and_final_checkpoints=true save_replay_buffer=true save_final_replay_buffer=true resume_if_possible=true
extended_v1_QRL-M_100k_20kckpt_val200_test200_handmanipulatepenrotate_booleantouchsensors_v1_online_s1002	online	HandManipulatePenRotate_BooleanTouchSensors-v1	1002	100000	4.5m	env.kind=gymnasium_robotics env.init_num_transitions=100000 env.increment_num_transitions=100000 +qrl_model_size=m batch_size=256 agent.training_schedule=joint agent.actor.losses.min_dist.adaptive_entropy_regularizer=true agent.actor.losses.min_dist.entropy_mc_samples=100 agent.actor.losses.min_dist.add_goal_as_future_state=true agent.actor.losses.behavior_cloning.weight=0 agent.goal_set_distance.enabled=false interaction.exploration_eps=0 interaction.validation_seed=1000 interaction.test_seed=2000000 interaction.num_eval_episodes=200 interaction.num_test_episodes=200 save_steps=20000 eval_steps=null keep_only_latest_checkpoint=true keep_only_best_and_final_checkpoints=true save_replay_buffer=true save_final_replay_buffer=true resume_if_possible=true
extended_v1_QRL-M_100k_20kckpt_val200_test200_handmanipulatepenrotate_booleantouchsensors_v1_online_s1004	online	HandManipulatePenRotate_BooleanTouchSensors-v1	1004	100000	4.5m	env.kind=gymnasium_robotics env.init_num_transitions=100000 env.increment_num_transitions=100000 +qrl_model_size=m batch_size=256 agent.training_schedule=joint agent.actor.losses.min_dist.adaptive_entropy_regularizer=true agent.actor.losses.min_dist.entropy_mc_samples=100 agent.actor.losses.min_dist.add_goal_as_future_state=true agent.actor.losses.behavior_cloning.weight=0 agent.goal_set_distance.enabled=false interaction.exploration_eps=0 interaction.validation_seed=1000 interaction.test_seed=2000000 interaction.num_eval_episodes=200 interaction.num_test_episodes=200 save_steps=20000 eval_steps=null keep_only_latest_checkpoint=true keep_only_best_and_final_checkpoints=true save_replay_buffer=true save_final_replay_buffer=true resume_if_possible=true
extended_v1_TD-InfoNCE-M_100k_20kckpt_val200_test200_handmanipulatepenrotate_booleantouchsensors_v1_online_s1000	online	HandManipulatePenRotate_BooleanTouchSensors-v1	1000	100000	4.3m	env.kind=gymnasium_robotics env.init_num_transitions=100000 env.increment_num_transitions=100000 agent.algorithm=td_infonce +td_infonce_model_size=m batch_size=256 interaction.exploration_eps=0 interaction.validation_seed=1000 interaction.test_seed=2000000 interaction.num_eval_episodes=200 interaction.num_test_episodes=200 save_steps=20000 eval_steps=null keep_only_latest_checkpoint=true keep_only_best_and_final_checkpoints=true save_replay_buffer=true save_final_replay_buffer=true resume_if_possible=true
extended_v1_TD-InfoNCE-M_100k_20kckpt_val200_test200_handmanipulatepenrotate_booleantouchsensors_v1_online_s1002	online	HandManipulatePenRotate_BooleanTouchSensors-v1	1002	100000	4.3m	env.kind=gymnasium_robotics env.init_num_transitions=100000 env.increment_num_transitions=100000 agent.algorithm=td_infonce +td_infonce_model_size=m batch_size=256 interaction.exploration_eps=0 interaction.validation_seed=1000 interaction.test_seed=2000000 interaction.num_eval_episodes=200 interaction.num_test_episodes=200 save_steps=20000 eval_steps=null keep_only_latest_checkpoint=true keep_only_best_and_final_checkpoints=true save_replay_buffer=true save_final_replay_buffer=true resume_if_possible=true
extended_v1_TD-InfoNCE-M_100k_20kckpt_val200_test200_handmanipulatepenrotate_booleantouchsensors_v1_online_s1003	online	HandManipulatePenRotate_BooleanTouchSensors-v1	1003	100000	4.3m	env.kind=gymnasium_robotics env.init_num_transitions=100000 env.increment_num_transitions=100000 agent.algorithm=td_infonce +td_infonce_model_size=m batch_size=256 interaction.exploration_eps=0 interaction.validation_seed=1000 interaction.test_seed=2000000 interaction.num_eval_episodes=200 interaction.num_test_episodes=200 save_steps=20000 eval_steps=null keep_only_latest_checkpoint=true keep_only_best_and_final_checkpoints=true save_replay_buffer=true save_final_replay_buffer=true resume_if_possible=true
extended_v1_GCSL-M_100k_20kckpt_val200_test200_factorized_handmanipulatepenrotate_booleantouchsensors_v1_online_s1000	online	HandManipulatePenRotate_BooleanTouchSensors-v1	1000	100000	4.5m	env.kind=gymnasium_robotics env.init_num_transitions=100000 env.increment_num_transitions=100000 agent.algorithm=gcsl +gcsl_model_size=m batch_size=256 interaction.exploration_eps=0 agent.baselines.gcbc.action_discretization=factorized interaction.validation_seed=1000 interaction.test_seed=2000000 interaction.num_eval_episodes=200 interaction.num_test_episodes=200 save_steps=20000 eval_steps=null keep_only_latest_checkpoint=true keep_only_best_and_final_checkpoints=true save_replay_buffer=true save_final_replay_buffer=true resume_if_possible=true
extended_v1_GCSL-M_100k_20kckpt_val200_test200_factorized_handmanipulatepenrotate_booleantouchsensors_v1_online_s1001	online	HandManipulatePenRotate_BooleanTouchSensors-v1	1001	100000	4.5m	env.kind=gymnasium_robotics env.init_num_transitions=100000 env.increment_num_transitions=100000 agent.algorithm=gcsl +gcsl_model_size=m batch_size=256 interaction.exploration_eps=0 agent.baselines.gcbc.action_discretization=factorized interaction.validation_seed=1000 interaction.test_seed=2000000 interaction.num_eval_episodes=200 interaction.num_test_episodes=200 save_steps=20000 eval_steps=null keep_only_latest_checkpoint=true keep_only_best_and_final_checkpoints=true save_replay_buffer=true save_final_replay_buffer=true resume_if_possible=true
extended_v1_GCSL-M_100k_20kckpt_val200_test200_factorized_handmanipulatepenrotate_booleantouchsensors_v1_online_s1003	online	HandManipulatePenRotate_BooleanTouchSensors-v1	1003	100000	4.5m	env.kind=gymnasium_robotics env.init_num_transitions=100000 env.increment_num_transitions=100000 agent.algorithm=gcsl +gcsl_model_size=m batch_size=256 interaction.exploration_eps=0 agent.baselines.gcbc.action_discretization=factorized interaction.validation_seed=1000 interaction.test_seed=2000000 interaction.num_eval_episodes=200 interaction.num_test_episodes=200 save_steps=20000 eval_steps=null keep_only_latest_checkpoint=true keep_only_best_and_final_checkpoints=true save_replay_buffer=true save_final_replay_buffer=true resume_if_possible=true
extended_v1_GCSL-M_100k_20kckpt_val200_test200_factorized_handmanipulatepenrotate_booleantouchsensors_v1_online_s1004	online	HandManipulatePenRotate_BooleanTouchSensors-v1	1004	100000	4.5m	env.kind=gymnasium_robotics env.init_num_transitions=100000 env.increment_num_transitions=100000 agent.algorithm=gcsl +gcsl_model_size=m batch_size=256 interaction.exploration_eps=0 agent.baselines.gcbc.action_discretization=factorized interaction.validation_seed=1000 interaction.test_seed=2000000 interaction.num_eval_episodes=200 interaction.num_test_episodes=200 save_steps=20000 eval_steps=null keep_only_latest_checkpoint=true keep_only_best_and_final_checkpoints=true save_replay_buffer=true save_final_replay_buffer=true resume_if_possible=true
extended_v1_C-Learning-M_100k_20kckpt_val200_test200_handmanipulatepenrotate_booleantouchsensors_v1_online_s1001	online	HandManipulatePenRotate_BooleanTouchSensors-v1	1001	100000	4.9m	env.kind=gymnasium_robotics env.init_num_transitions=100000 env.increment_num_transitions=100000 agent.algorithm=c_learning +c_learning_model_size=m batch_size=256 interaction.exploration_eps=0 interaction.validation_seed=1000 interaction.test_seed=2000000 interaction.num_eval_episodes=200 interaction.num_test_episodes=200 save_steps=20000 eval_steps=null keep_only_latest_checkpoint=true keep_only_best_and_final_checkpoints=true save_replay_buffer=true save_final_replay_buffer=true resume_if_possible=true
extended_v1_C-Learning-M_100k_20kckpt_val200_test200_handmanipulatepenrotate_booleantouchsensors_v1_online_s1002	online	HandManipulatePenRotate_BooleanTouchSensors-v1	1002	100000	4.9m	env.kind=gymnasium_robotics env.init_num_transitions=100000 env.increment_num_transitions=100000 agent.algorithm=c_learning +c_learning_model_size=m batch_size=256 interaction.exploration_eps=0 interaction.validation_seed=1000 interaction.test_seed=2000000 interaction.num_eval_episodes=200 interaction.num_test_episodes=200 save_steps=20000 eval_steps=null keep_only_latest_checkpoint=true keep_only_best_and_final_checkpoints=true save_replay_buffer=true save_final_replay_buffer=true resume_if_possible=true
extended_v1_C-Learning-M_100k_20kckpt_val200_test200_handmanipulatepenrotate_booleantouchsensors_v1_online_s1004	online	HandManipulatePenRotate_BooleanTouchSensors-v1	1004	100000	4.9m	env.kind=gymnasium_robotics env.init_num_transitions=100000 env.increment_num_transitions=100000 agent.algorithm=c_learning +c_learning_model_size=m batch_size=256 interaction.exploration_eps=0 interaction.validation_seed=1000 interaction.test_seed=2000000 interaction.num_eval_episodes=200 interaction.num_test_episodes=200 save_steps=20000 eval_steps=null keep_only_latest_checkpoint=true keep_only_best_and_final_checkpoints=true save_replay_buffer=true save_final_replay_buffer=true resume_if_possible=true
extended_v1_CRL-M_100k_20kckpt_val200_test200_handmanipulatepenrotate_booleantouchsensors_v1_online_s1000	online	HandManipulatePenRotate_BooleanTouchSensors-v1	1000	100000	4.9m	env.kind=gymnasium_robotics env.init_num_transitions=100000 env.increment_num_transitions=100000 agent.algorithm=crl +crl_model_size=m batch_size=256 interaction.exploration_eps=0 interaction.validation_seed=1000 interaction.test_seed=2000000 interaction.num_eval_episodes=200 interaction.num_test_episodes=200 save_steps=20000 eval_steps=null keep_only_latest_checkpoint=true keep_only_best_and_final_checkpoints=true save_replay_buffer=true save_final_replay_buffer=true resume_if_possible=true
extended_v1_CRL-M_100k_20kckpt_val200_test200_handmanipulatepenrotate_booleantouchsensors_v1_online_s1002	online	HandManipulatePenRotate_BooleanTouchSensors-v1	1002	100000	4.9m	env.kind=gymnasium_robotics env.init_num_transitions=100000 env.increment_num_transitions=100000 agent.algorithm=crl +crl_model_size=m batch_size=256 interaction.exploration_eps=0 interaction.validation_seed=1000 interaction.test_seed=2000000 interaction.num_eval_episodes=200 interaction.num_test_episodes=200 save_steps=20000 eval_steps=null keep_only_latest_checkpoint=true keep_only_best_and_final_checkpoints=true save_replay_buffer=true save_final_replay_buffer=true resume_if_possible=true
extended_v1_CRL-M_100k_20kckpt_val200_test200_handmanipulatepenrotate_booleantouchsensors_v1_online_s1003	online	HandManipulatePenRotate_BooleanTouchSensors-v1	1003	100000	4.9m	env.kind=gymnasium_robotics env.init_num_transitions=100000 env.increment_num_transitions=100000 agent.algorithm=crl +crl_model_size=m batch_size=256 interaction.exploration_eps=0 interaction.validation_seed=1000 interaction.test_seed=2000000 interaction.num_eval_episodes=200 interaction.num_test_episodes=200 save_steps=20000 eval_steps=null keep_only_latest_checkpoint=true keep_only_best_and_final_checkpoints=true save_replay_buffer=true save_final_replay_buffer=true resume_if_possible=true
extended_v1_CQRL-Inner1-M_100k_20kckpt_val200_test200_handmanipulatepenrotate_booleantouchsensors_v1_online_s1000	online	HandManipulatePenRotate_BooleanTouchSensors-v1	1000	100000	4.5m	env.kind=gymnasium_robotics env.init_num_transitions=100000 env.increment_num_transitions=100000 +cqrl_model_size=m batch_size=256 agent.training_schedule=joint agent.actor.losses.min_dist.adaptive_entropy_regularizer=true agent.actor.losses.min_dist.entropy_mc_samples=100 agent.actor.losses.min_dist.add_goal_as_future_state=true agent.actor.losses.behavior_cloning.weight=0 agent.goal_set_distance.enabled=false interaction.exploration_eps=0 agent.quasimetric_critic.losses.separate_latent_dynamics=false agent.quasimetric_critic.losses.latent_dynamics.distance=iqe_mse agent.quasimetric_critic.losses.latent_dynamics.mse_weight=1.0 agent.quasimetric_critic.losses.latent_dynamics.iqe_weight=1.0 agent.quasimetric_critic.model.encoder.branch_normalization=none agent.actor.losses.min_dist.latent_goal_mode=max agent.actor.losses.min_dist.latent_goal_keep_best=true agent.actor.losses.min_dist.latent_goal_lr=0.01 agent.actor.losses.min_dist.latent_goal_search=direct agent.actor.losses.min_dist.latent_goal_optim=sgd agent.actor.losses.min_dist.latent_goal_steps=1 interaction.validation_seed=1000 interaction.test_seed=2000000 interaction.num_eval_episodes=200 interaction.num_test_episodes=200 save_steps=20000 eval_steps=null keep_only_latest_checkpoint=true keep_only_best_and_final_checkpoints=true save_replay_buffer=true save_final_replay_buffer=true resume_if_possible=true
extended_v1_CQRL-Inner1-M_100k_20kckpt_val200_test200_handmanipulatepenrotate_booleantouchsensors_v1_online_s1001	online	HandManipulatePenRotate_BooleanTouchSensors-v1	1001	100000	4.5m	env.kind=gymnasium_robotics env.init_num_transitions=100000 env.increment_num_transitions=100000 +cqrl_model_size=m batch_size=256 agent.training_schedule=joint agent.actor.losses.min_dist.adaptive_entropy_regularizer=true agent.actor.losses.min_dist.entropy_mc_samples=100 agent.actor.losses.min_dist.add_goal_as_future_state=true agent.actor.losses.behavior_cloning.weight=0 agent.goal_set_distance.enabled=false interaction.exploration_eps=0 agent.quasimetric_critic.losses.separate_latent_dynamics=false agent.quasimetric_critic.losses.latent_dynamics.distance=iqe_mse agent.quasimetric_critic.losses.latent_dynamics.mse_weight=1.0 agent.quasimetric_critic.losses.latent_dynamics.iqe_weight=1.0 agent.quasimetric_critic.model.encoder.branch_normalization=none agent.actor.losses.min_dist.latent_goal_mode=max agent.actor.losses.min_dist.latent_goal_keep_best=true agent.actor.losses.min_dist.latent_goal_lr=0.01 agent.actor.losses.min_dist.latent_goal_search=direct agent.actor.losses.min_dist.latent_goal_optim=sgd agent.actor.losses.min_dist.latent_goal_steps=1 interaction.validation_seed=1000 interaction.test_seed=2000000 interaction.num_eval_episodes=200 interaction.num_test_episodes=200 save_steps=20000 eval_steps=null keep_only_latest_checkpoint=true keep_only_best_and_final_checkpoints=true save_replay_buffer=true save_final_replay_buffer=true resume_if_possible=true
extended_v1_CQRL-Inner1-M_100k_20kckpt_val200_test200_handmanipulatepenrotate_booleantouchsensors_v1_online_s1003	online	HandManipulatePenRotate_BooleanTouchSensors-v1	1003	100000	4.5m	env.kind=gymnasium_robotics env.init_num_transitions=100000 env.increment_num_transitions=100000 +cqrl_model_size=m batch_size=256 agent.training_schedule=joint agent.actor.losses.min_dist.adaptive_entropy_regularizer=true agent.actor.losses.min_dist.entropy_mc_samples=100 agent.actor.losses.min_dist.add_goal_as_future_state=true agent.actor.losses.behavior_cloning.weight=0 agent.goal_set_distance.enabled=false interaction.exploration_eps=0 agent.quasimetric_critic.losses.separate_latent_dynamics=false agent.quasimetric_critic.losses.latent_dynamics.distance=iqe_mse agent.quasimetric_critic.losses.latent_dynamics.mse_weight=1.0 agent.quasimetric_critic.losses.latent_dynamics.iqe_weight=1.0 agent.quasimetric_critic.model.encoder.branch_normalization=none agent.actor.losses.min_dist.latent_goal_mode=max agent.actor.losses.min_dist.latent_goal_keep_best=true agent.actor.losses.min_dist.latent_goal_lr=0.01 agent.actor.losses.min_dist.latent_goal_search=direct agent.actor.losses.min_dist.latent_goal_optim=sgd agent.actor.losses.min_dist.latent_goal_steps=1 interaction.validation_seed=1000 interaction.test_seed=2000000 interaction.num_eval_episodes=200 interaction.num_test_episodes=200 save_steps=20000 eval_steps=null keep_only_latest_checkpoint=true keep_only_best_and_final_checkpoints=true save_replay_buffer=true save_final_replay_buffer=true resume_if_possible=true
extended_v1_CQRL-Inner1-M_100k_20kckpt_val200_test200_handmanipulatepenrotate_booleantouchsensors_v1_online_s1004	online	HandManipulatePenRotate_BooleanTouchSensors-v1	1004	100000	4.5m	env.kind=gymnasium_robotics env.init_num_transitions=100000 env.increment_num_transitions=100000 +cqrl_model_size=m batch_size=256 agent.training_schedule=joint agent.actor.losses.min_dist.adaptive_entropy_regularizer=true agent.actor.losses.min_dist.entropy_mc_samples=100 agent.actor.losses.min_dist.add_goal_as_future_state=true agent.actor.losses.behavior_cloning.weight=0 agent.goal_set_distance.enabled=false interaction.exploration_eps=0 agent.quasimetric_critic.losses.separate_latent_dynamics=false agent.quasimetric_critic.losses.latent_dynamics.distance=iqe_mse agent.quasimetric_critic.losses.latent_dynamics.mse_weight=1.0 agent.quasimetric_critic.losses.latent_dynamics.iqe_weight=1.0 agent.quasimetric_critic.model.encoder.branch_normalization=none agent.actor.losses.min_dist.latent_goal_mode=max agent.actor.losses.min_dist.latent_goal_keep_best=true agent.actor.losses.min_dist.latent_goal_lr=0.01 agent.actor.losses.min_dist.latent_goal_search=direct agent.actor.losses.min_dist.latent_goal_optim=sgd agent.actor.losses.min_dist.latent_goal_steps=1 interaction.validation_seed=1000 interaction.test_seed=2000000 interaction.num_eval_episodes=200 interaction.num_test_episodes=200 save_steps=20000 eval_steps=null keep_only_latest_checkpoint=true keep_only_best_and_final_checkpoints=true save_replay_buffer=true save_final_replay_buffer=true resume_if_possible=true
extended_v1_QRL-M_100k_20kckpt_val200_test200_handmanipulatepenrotate_continuoustouchsensors_v1_online_s1000	online	HandManipulatePenRotate_ContinuousTouchSensors-v1	1000	100000	4.5m	env.kind=gymnasium_robotics env.init_num_transitions=100000 env.increment_num_transitions=100000 +qrl_model_size=m batch_size=256 agent.training_schedule=joint agent.actor.losses.min_dist.adaptive_entropy_regularizer=true agent.actor.losses.min_dist.entropy_mc_samples=100 agent.actor.losses.min_dist.add_goal_as_future_state=true agent.actor.losses.behavior_cloning.weight=0 agent.goal_set_distance.enabled=false interaction.exploration_eps=0 interaction.validation_seed=1000 interaction.test_seed=2000000 interaction.num_eval_episodes=200 interaction.num_test_episodes=200 save_steps=20000 eval_steps=null keep_only_latest_checkpoint=true keep_only_best_and_final_checkpoints=true save_replay_buffer=true save_final_replay_buffer=true resume_if_possible=true
extended_v1_QRL-M_100k_20kckpt_val200_test200_handmanipulatepenrotate_continuoustouchsensors_v1_online_s1001	online	HandManipulatePenRotate_ContinuousTouchSensors-v1	1001	100000	4.5m	env.kind=gymnasium_robotics env.init_num_transitions=100000 env.increment_num_transitions=100000 +qrl_model_size=m batch_size=256 agent.training_schedule=joint agent.actor.losses.min_dist.adaptive_entropy_regularizer=true agent.actor.losses.min_dist.entropy_mc_samples=100 agent.actor.losses.min_dist.add_goal_as_future_state=true agent.actor.losses.behavior_cloning.weight=0 agent.goal_set_distance.enabled=false interaction.exploration_eps=0 interaction.validation_seed=1000 interaction.test_seed=2000000 interaction.num_eval_episodes=200 interaction.num_test_episodes=200 save_steps=20000 eval_steps=null keep_only_latest_checkpoint=true keep_only_best_and_final_checkpoints=true save_replay_buffer=true save_final_replay_buffer=true resume_if_possible=true
extended_v1_QRL-M_100k_20kckpt_val200_test200_handmanipulatepenrotate_continuoustouchsensors_v1_online_s1003	online	HandManipulatePenRotate_ContinuousTouchSensors-v1	1003	100000	4.5m	env.kind=gymnasium_robotics env.init_num_transitions=100000 env.increment_num_transitions=100000 +qrl_model_size=m batch_size=256 agent.training_schedule=joint agent.actor.losses.min_dist.adaptive_entropy_regularizer=true agent.actor.losses.min_dist.entropy_mc_samples=100 agent.actor.losses.min_dist.add_goal_as_future_state=true agent.actor.losses.behavior_cloning.weight=0 agent.goal_set_distance.enabled=false interaction.exploration_eps=0 interaction.validation_seed=1000 interaction.test_seed=2000000 interaction.num_eval_episodes=200 interaction.num_test_episodes=200 save_steps=20000 eval_steps=null keep_only_latest_checkpoint=true keep_only_best_and_final_checkpoints=true save_replay_buffer=true save_final_replay_buffer=true resume_if_possible=true
extended_v1_QRL-M_100k_20kckpt_val200_test200_handmanipulatepenrotate_continuoustouchsensors_v1_online_s1004	online	HandManipulatePenRotate_ContinuousTouchSensors-v1	1004	100000	4.5m	env.kind=gymnasium_robotics env.init_num_transitions=100000 env.increment_num_transitions=100000 +qrl_model_size=m batch_size=256 agent.training_schedule=joint agent.actor.losses.min_dist.adaptive_entropy_regularizer=true agent.actor.losses.min_dist.entropy_mc_samples=100 agent.actor.losses.min_dist.add_goal_as_future_state=true agent.actor.losses.behavior_cloning.weight=0 agent.goal_set_distance.enabled=false interaction.exploration_eps=0 interaction.validation_seed=1000 interaction.test_seed=2000000 interaction.num_eval_episodes=200 interaction.num_test_episodes=200 save_steps=20000 eval_steps=null keep_only_latest_checkpoint=true keep_only_best_and_final_checkpoints=true save_replay_buffer=true save_final_replay_buffer=true resume_if_possible=true
extended_v1_TD-InfoNCE-M_100k_20kckpt_val200_test200_handmanipulatepenrotate_continuoustouchsensors_v1_online_s1001	online	HandManipulatePenRotate_ContinuousTouchSensors-v1	1001	100000	4.3m	env.kind=gymnasium_robotics env.init_num_transitions=100000 env.increment_num_transitions=100000 agent.algorithm=td_infonce +td_infonce_model_size=m batch_size=256 interaction.exploration_eps=0 interaction.validation_seed=1000 interaction.test_seed=2000000 interaction.num_eval_episodes=200 interaction.num_test_episodes=200 save_steps=20000 eval_steps=null keep_only_latest_checkpoint=true keep_only_best_and_final_checkpoints=true save_replay_buffer=true save_final_replay_buffer=true resume_if_possible=true
extended_v1_TD-InfoNCE-M_100k_20kckpt_val200_test200_handmanipulatepenrotate_continuoustouchsensors_v1_online_s1002	online	HandManipulatePenRotate_ContinuousTouchSensors-v1	1002	100000	4.3m	env.kind=gymnasium_robotics env.init_num_transitions=100000 env.increment_num_transitions=100000 agent.algorithm=td_infonce +td_infonce_model_size=m batch_size=256 interaction.exploration_eps=0 interaction.validation_seed=1000 interaction.test_seed=2000000 interaction.num_eval_episodes=200 interaction.num_test_episodes=200 save_steps=20000 eval_steps=null keep_only_latest_checkpoint=true keep_only_best_and_final_checkpoints=true save_replay_buffer=true save_final_replay_buffer=true resume_if_possible=true
extended_v1_TD-InfoNCE-M_100k_20kckpt_val200_test200_handmanipulatepenrotate_continuoustouchsensors_v1_online_s1004	online	HandManipulatePenRotate_ContinuousTouchSensors-v1	1004	100000	4.3m	env.kind=gymnasium_robotics env.init_num_transitions=100000 env.increment_num_transitions=100000 agent.algorithm=td_infonce +td_infonce_model_size=m batch_size=256 interaction.exploration_eps=0 interaction.validation_seed=1000 interaction.test_seed=2000000 interaction.num_eval_episodes=200 interaction.num_test_episodes=200 save_steps=20000 eval_steps=null keep_only_latest_checkpoint=true keep_only_best_and_final_checkpoints=true save_replay_buffer=true save_final_replay_buffer=true resume_if_possible=true
extended_v1_GCSL-M_100k_20kckpt_val200_test200_factorized_handmanipulatepenrotate_continuoustouchsensors_v1_online_s1000	online	HandManipulatePenRotate_ContinuousTouchSensors-v1	1000	100000	4.5m	env.kind=gymnasium_robotics env.init_num_transitions=100000 env.increment_num_transitions=100000 agent.algorithm=gcsl +gcsl_model_size=m batch_size=256 interaction.exploration_eps=0 agent.baselines.gcbc.action_discretization=factorized interaction.validation_seed=1000 interaction.test_seed=2000000 interaction.num_eval_episodes=200 interaction.num_test_episodes=200 save_steps=20000 eval_steps=null keep_only_latest_checkpoint=true keep_only_best_and_final_checkpoints=true save_replay_buffer=true save_final_replay_buffer=true resume_if_possible=true
extended_v1_GCSL-M_100k_20kckpt_val200_test200_factorized_handmanipulatepenrotate_continuoustouchsensors_v1_online_s1002	online	HandManipulatePenRotate_ContinuousTouchSensors-v1	1002	100000	4.5m	env.kind=gymnasium_robotics env.init_num_transitions=100000 env.increment_num_transitions=100000 agent.algorithm=gcsl +gcsl_model_size=m batch_size=256 interaction.exploration_eps=0 agent.baselines.gcbc.action_discretization=factorized interaction.validation_seed=1000 interaction.test_seed=2000000 interaction.num_eval_episodes=200 interaction.num_test_episodes=200 save_steps=20000 eval_steps=null keep_only_latest_checkpoint=true keep_only_best_and_final_checkpoints=true save_replay_buffer=true save_final_replay_buffer=true resume_if_possible=true
extended_v1_GCSL-M_100k_20kckpt_val200_test200_factorized_handmanipulatepenrotate_continuoustouchsensors_v1_online_s1003	online	HandManipulatePenRotate_ContinuousTouchSensors-v1	1003	100000	4.5m	env.kind=gymnasium_robotics env.init_num_transitions=100000 env.increment_num_transitions=100000 agent.algorithm=gcsl +gcsl_model_size=m batch_size=256 interaction.exploration_eps=0 agent.baselines.gcbc.action_discretization=factorized interaction.validation_seed=1000 interaction.test_seed=2000000 interaction.num_eval_episodes=200 interaction.num_test_episodes=200 save_steps=20000 eval_steps=null keep_only_latest_checkpoint=true keep_only_best_and_final_checkpoints=true save_replay_buffer=true save_final_replay_buffer=true resume_if_possible=true
extended_v1_C-Learning-M_100k_20kckpt_val200_test200_handmanipulatepenrotate_continuoustouchsensors_v1_online_s1000	online	HandManipulatePenRotate_ContinuousTouchSensors-v1	1000	100000	4.9m	env.kind=gymnasium_robotics env.init_num_transitions=100000 env.increment_num_transitions=100000 agent.algorithm=c_learning +c_learning_model_size=m batch_size=256 interaction.exploration_eps=0 interaction.validation_seed=1000 interaction.test_seed=2000000 interaction.num_eval_episodes=200 interaction.num_test_episodes=200 save_steps=20000 eval_steps=null keep_only_latest_checkpoint=true keep_only_best_and_final_checkpoints=true save_replay_buffer=true save_final_replay_buffer=true resume_if_possible=true
extended_v1_C-Learning-M_100k_20kckpt_val200_test200_handmanipulatepenrotate_continuoustouchsensors_v1_online_s1001	online	HandManipulatePenRotate_ContinuousTouchSensors-v1	1001	100000	4.9m	env.kind=gymnasium_robotics env.init_num_transitions=100000 env.increment_num_transitions=100000 agent.algorithm=c_learning +c_learning_model_size=m batch_size=256 interaction.exploration_eps=0 interaction.validation_seed=1000 interaction.test_seed=2000000 interaction.num_eval_episodes=200 interaction.num_test_episodes=200 save_steps=20000 eval_steps=null keep_only_latest_checkpoint=true keep_only_best_and_final_checkpoints=true save_replay_buffer=true save_final_replay_buffer=true resume_if_possible=true
extended_v1_C-Learning-M_100k_20kckpt_val200_test200_handmanipulatepenrotate_continuoustouchsensors_v1_online_s1003	online	HandManipulatePenRotate_ContinuousTouchSensors-v1	1003	100000	4.9m	env.kind=gymnasium_robotics env.init_num_transitions=100000 env.increment_num_transitions=100000 agent.algorithm=c_learning +c_learning_model_size=m batch_size=256 interaction.exploration_eps=0 interaction.validation_seed=1000 interaction.test_seed=2000000 interaction.num_eval_episodes=200 interaction.num_test_episodes=200 save_steps=20000 eval_steps=null keep_only_latest_checkpoint=true keep_only_best_and_final_checkpoints=true save_replay_buffer=true save_final_replay_buffer=true resume_if_possible=true
extended_v1_C-Learning-M_100k_20kckpt_val200_test200_handmanipulatepenrotate_continuoustouchsensors_v1_online_s1004	online	HandManipulatePenRotate_ContinuousTouchSensors-v1	1004	100000	4.9m	env.kind=gymnasium_robotics env.init_num_transitions=100000 env.increment_num_transitions=100000 agent.algorithm=c_learning +c_learning_model_size=m batch_size=256 interaction.exploration_eps=0 interaction.validation_seed=1000 interaction.test_seed=2000000 interaction.num_eval_episodes=200 interaction.num_test_episodes=200 save_steps=20000 eval_steps=null keep_only_latest_checkpoint=true keep_only_best_and_final_checkpoints=true save_replay_buffer=true save_final_replay_buffer=true resume_if_possible=true
extended_v1_CRL-M_100k_20kckpt_val200_test200_handmanipulatepenrotate_continuoustouchsensors_v1_online_s1001	online	HandManipulatePenRotate_ContinuousTouchSensors-v1	1001	100000	4.9m	env.kind=gymnasium_robotics env.init_num_transitions=100000 env.increment_num_transitions=100000 agent.algorithm=crl +crl_model_size=m batch_size=256 interaction.exploration_eps=0 interaction.validation_seed=1000 interaction.test_seed=2000000 interaction.num_eval_episodes=200 interaction.num_test_episodes=200 save_steps=20000 eval_steps=null keep_only_latest_checkpoint=true keep_only_best_and_final_checkpoints=true save_replay_buffer=true save_final_replay_buffer=true resume_if_possible=true
extended_v1_CRL-M_100k_20kckpt_val200_test200_handmanipulatepenrotate_continuoustouchsensors_v1_online_s1002	online	HandManipulatePenRotate_ContinuousTouchSensors-v1	1002	100000	4.9m	env.kind=gymnasium_robotics env.init_num_transitions=100000 env.increment_num_transitions=100000 agent.algorithm=crl +crl_model_size=m batch_size=256 interaction.exploration_eps=0 interaction.validation_seed=1000 interaction.test_seed=2000000 interaction.num_eval_episodes=200 interaction.num_test_episodes=200 save_steps=20000 eval_steps=null keep_only_latest_checkpoint=true keep_only_best_and_final_checkpoints=true save_replay_buffer=true save_final_replay_buffer=true resume_if_possible=true
extended_v1_CRL-M_100k_20kckpt_val200_test200_handmanipulatepenrotate_continuoustouchsensors_v1_online_s1004	online	HandManipulatePenRotate_ContinuousTouchSensors-v1	1004	100000	4.9m	env.kind=gymnasium_robotics env.init_num_transitions=100000 env.increment_num_transitions=100000 agent.algorithm=crl +crl_model_size=m batch_size=256 interaction.exploration_eps=0 interaction.validation_seed=1000 interaction.test_seed=2000000 interaction.num_eval_episodes=200 interaction.num_test_episodes=200 save_steps=20000 eval_steps=null keep_only_latest_checkpoint=true keep_only_best_and_final_checkpoints=true save_replay_buffer=true save_final_replay_buffer=true resume_if_possible=true
extended_v1_CQRL-Inner1-M_100k_20kckpt_val200_test200_handmanipulatepenrotate_continuoustouchsensors_v1_online_s1000	online	HandManipulatePenRotate_ContinuousTouchSensors-v1	1000	100000	4.5m	env.kind=gymnasium_robotics env.init_num_transitions=100000 env.increment_num_transitions=100000 +cqrl_model_size=m batch_size=256 agent.training_schedule=joint agent.actor.losses.min_dist.adaptive_entropy_regularizer=true agent.actor.losses.min_dist.entropy_mc_samples=100 agent.actor.losses.min_dist.add_goal_as_future_state=true agent.actor.losses.behavior_cloning.weight=0 agent.goal_set_distance.enabled=false interaction.exploration_eps=0 agent.quasimetric_critic.losses.separate_latent_dynamics=false agent.quasimetric_critic.losses.latent_dynamics.distance=iqe_mse agent.quasimetric_critic.losses.latent_dynamics.mse_weight=1.0 agent.quasimetric_critic.losses.latent_dynamics.iqe_weight=1.0 agent.quasimetric_critic.model.encoder.branch_normalization=none agent.actor.losses.min_dist.latent_goal_mode=max agent.actor.losses.min_dist.latent_goal_keep_best=true agent.actor.losses.min_dist.latent_goal_lr=0.01 agent.actor.losses.min_dist.latent_goal_search=direct agent.actor.losses.min_dist.latent_goal_optim=sgd agent.actor.losses.min_dist.latent_goal_steps=1 interaction.validation_seed=1000 interaction.test_seed=2000000 interaction.num_eval_episodes=200 interaction.num_test_episodes=200 save_steps=20000 eval_steps=null keep_only_latest_checkpoint=true keep_only_best_and_final_checkpoints=true save_replay_buffer=true save_final_replay_buffer=true resume_if_possible=true
extended_v1_CQRL-Inner1-M_100k_20kckpt_val200_test200_handmanipulatepenrotate_continuoustouchsensors_v1_online_s1002	online	HandManipulatePenRotate_ContinuousTouchSensors-v1	1002	100000	4.5m	env.kind=gymnasium_robotics env.init_num_transitions=100000 env.increment_num_transitions=100000 +cqrl_model_size=m batch_size=256 agent.training_schedule=joint agent.actor.losses.min_dist.adaptive_entropy_regularizer=true agent.actor.losses.min_dist.entropy_mc_samples=100 agent.actor.losses.min_dist.add_goal_as_future_state=true agent.actor.losses.behavior_cloning.weight=0 agent.goal_set_distance.enabled=false interaction.exploration_eps=0 agent.quasimetric_critic.losses.separate_latent_dynamics=false agent.quasimetric_critic.losses.latent_dynamics.distance=iqe_mse agent.quasimetric_critic.losses.latent_dynamics.mse_weight=1.0 agent.quasimetric_critic.losses.latent_dynamics.iqe_weight=1.0 agent.quasimetric_critic.model.encoder.branch_normalization=none agent.actor.losses.min_dist.latent_goal_mode=max agent.actor.losses.min_dist.latent_goal_keep_best=true agent.actor.losses.min_dist.latent_goal_lr=0.01 agent.actor.losses.min_dist.latent_goal_search=direct agent.actor.losses.min_dist.latent_goal_optim=sgd agent.actor.losses.min_dist.latent_goal_steps=1 interaction.validation_seed=1000 interaction.test_seed=2000000 interaction.num_eval_episodes=200 interaction.num_test_episodes=200 save_steps=20000 eval_steps=null keep_only_latest_checkpoint=true keep_only_best_and_final_checkpoints=true save_replay_buffer=true save_final_replay_buffer=true resume_if_possible=true
extended_v1_CQRL-Inner1-M_100k_20kckpt_val200_test200_handmanipulatepenrotate_continuoustouchsensors_v1_online_s1003	online	HandManipulatePenRotate_ContinuousTouchSensors-v1	1003	100000	4.5m	env.kind=gymnasium_robotics env.init_num_transitions=100000 env.increment_num_transitions=100000 +cqrl_model_size=m batch_size=256 agent.training_schedule=joint agent.actor.losses.min_dist.adaptive_entropy_regularizer=true agent.actor.losses.min_dist.entropy_mc_samples=100 agent.actor.losses.min_dist.add_goal_as_future_state=true agent.actor.losses.behavior_cloning.weight=0 agent.goal_set_distance.enabled=false interaction.exploration_eps=0 agent.quasimetric_critic.losses.separate_latent_dynamics=false agent.quasimetric_critic.losses.latent_dynamics.distance=iqe_mse agent.quasimetric_critic.losses.latent_dynamics.mse_weight=1.0 agent.quasimetric_critic.losses.latent_dynamics.iqe_weight=1.0 agent.quasimetric_critic.model.encoder.branch_normalization=none agent.actor.losses.min_dist.latent_goal_mode=max agent.actor.losses.min_dist.latent_goal_keep_best=true agent.actor.losses.min_dist.latent_goal_lr=0.01 agent.actor.losses.min_dist.latent_goal_search=direct agent.actor.losses.min_dist.latent_goal_optim=sgd agent.actor.losses.min_dist.latent_goal_steps=1 interaction.validation_seed=1000 interaction.test_seed=2000000 interaction.num_eval_episodes=200 interaction.num_test_episodes=200 save_steps=20000 eval_steps=null keep_only_latest_checkpoint=true keep_only_best_and_final_checkpoints=true save_replay_buffer=true save_final_replay_buffer=true resume_if_possible=true
extended_v1_QRL-M_200100steps_20kckpt_val100_test100_pointmaze_umaze_v3_online_s1000	online	PointMaze_UMaze-v3	1000	200100	4.2m	env.kind=gymnasium_robotics env.init_num_transitions=200100 env.increment_num_transitions=200100 +qrl_model_size=m batch_size=256 agent.training_schedule=joint agent.actor.losses.min_dist.adaptive_entropy_regularizer=true agent.actor.losses.min_dist.entropy_mc_samples=100 agent.actor.losses.min_dist.add_goal_as_future_state=true agent.actor.losses.behavior_cloning.weight=0 agent.goal_set_distance.enabled=false interaction.exploration_eps=0 interaction.validation_seed=1000 interaction.test_seed=2000000 interaction.num_eval_episodes=100 interaction.num_test_episodes=100 save_steps=20000 eval_steps=null keep_only_latest_checkpoint=true keep_only_best_and_final_checkpoints=true save_replay_buffer=true save_final_replay_buffer=true resume_if_possible=true
extended_v1_QRL-M_200100steps_20kckpt_val100_test100_pointmaze_umaze_v3_online_s1002	online	PointMaze_UMaze-v3	1002	200100	4.2m	env.kind=gymnasium_robotics env.init_num_transitions=200100 env.increment_num_transitions=200100 +qrl_model_size=m batch_size=256 agent.training_schedule=joint agent.actor.losses.min_dist.adaptive_entropy_regularizer=true agent.actor.losses.min_dist.entropy_mc_samples=100 agent.actor.losses.min_dist.add_goal_as_future_state=true agent.actor.losses.behavior_cloning.weight=0 agent.goal_set_distance.enabled=false interaction.exploration_eps=0 interaction.validation_seed=1000 interaction.test_seed=2000000 interaction.num_eval_episodes=100 interaction.num_test_episodes=100 save_steps=20000 eval_steps=null keep_only_latest_checkpoint=true keep_only_best_and_final_checkpoints=true save_replay_buffer=true save_final_replay_buffer=true resume_if_possible=true
extended_v1_QRL-M_200100steps_20kckpt_val100_test100_pointmaze_umaze_v3_online_s1003	online	PointMaze_UMaze-v3	1003	200100	4.2m	env.kind=gymnasium_robotics env.init_num_transitions=200100 env.increment_num_transitions=200100 +qrl_model_size=m batch_size=256 agent.training_schedule=joint agent.actor.losses.min_dist.adaptive_entropy_regularizer=true agent.actor.losses.min_dist.entropy_mc_samples=100 agent.actor.losses.min_dist.add_goal_as_future_state=true agent.actor.losses.behavior_cloning.weight=0 agent.goal_set_distance.enabled=false interaction.exploration_eps=0 interaction.validation_seed=1000 interaction.test_seed=2000000 interaction.num_eval_episodes=100 interaction.num_test_episodes=100 save_steps=20000 eval_steps=null keep_only_latest_checkpoint=true keep_only_best_and_final_checkpoints=true save_replay_buffer=true save_final_replay_buffer=true resume_if_possible=true
extended_v1_TD-InfoNCE-M_200100steps_20kckpt_val100_test100_pointmaze_umaze_v3_online_s1000	online	PointMaze_UMaze-v3	1000	200100	4.0m	env.kind=gymnasium_robotics env.init_num_transitions=200100 env.increment_num_transitions=200100 agent.algorithm=td_infonce +td_infonce_model_size=m batch_size=256 interaction.exploration_eps=0 interaction.validation_seed=1000 interaction.test_seed=2000000 interaction.num_eval_episodes=100 interaction.num_test_episodes=100 save_steps=20000 eval_steps=null keep_only_latest_checkpoint=true keep_only_best_and_final_checkpoints=true save_replay_buffer=true save_final_replay_buffer=true resume_if_possible=true
extended_v1_TD-InfoNCE-M_200100steps_20kckpt_val100_test100_pointmaze_umaze_v3_online_s1001	online	PointMaze_UMaze-v3	1001	200100	4.0m	env.kind=gymnasium_robotics env.init_num_transitions=200100 env.increment_num_transitions=200100 agent.algorithm=td_infonce +td_infonce_model_size=m batch_size=256 interaction.exploration_eps=0 interaction.validation_seed=1000 interaction.test_seed=2000000 interaction.num_eval_episodes=100 interaction.num_test_episodes=100 save_steps=20000 eval_steps=null keep_only_latest_checkpoint=true keep_only_best_and_final_checkpoints=true save_replay_buffer=true save_final_replay_buffer=true resume_if_possible=true
extended_v1_TD-InfoNCE-M_200100steps_20kckpt_val100_test100_pointmaze_umaze_v3_online_s1003	online	PointMaze_UMaze-v3	1003	200100	4.0m	env.kind=gymnasium_robotics env.init_num_transitions=200100 env.increment_num_transitions=200100 agent.algorithm=td_infonce +td_infonce_model_size=m batch_size=256 interaction.exploration_eps=0 interaction.validation_seed=1000 interaction.test_seed=2000000 interaction.num_eval_episodes=100 interaction.num_test_episodes=100 save_steps=20000 eval_steps=null keep_only_latest_checkpoint=true keep_only_best_and_final_checkpoints=true save_replay_buffer=true save_final_replay_buffer=true resume_if_possible=true
extended_v1_TD-InfoNCE-M_200100steps_20kckpt_val100_test100_pointmaze_umaze_v3_online_s1004	online	PointMaze_UMaze-v3	1004	200100	4.0m	env.kind=gymnasium_robotics env.init_num_transitions=200100 env.increment_num_transitions=200100 agent.algorithm=td_infonce +td_infonce_model_size=m batch_size=256 interaction.exploration_eps=0 interaction.validation_seed=1000 interaction.test_seed=2000000 interaction.num_eval_episodes=100 interaction.num_test_episodes=100 save_steps=20000 eval_steps=null keep_only_latest_checkpoint=true keep_only_best_and_final_checkpoints=true save_replay_buffer=true save_final_replay_buffer=true resume_if_possible=true
extended_v1_GCSL-M_200100steps_20kckpt_val100_test100_pointmaze_umaze_v3_online_s1001	online	PointMaze_UMaze-v3	1001	200100	4.0m	env.kind=gymnasium_robotics env.init_num_transitions=200100 env.increment_num_transitions=200100 agent.algorithm=gcsl +gcsl_model_size=m batch_size=256 interaction.exploration_eps=0 interaction.validation_seed=1000 interaction.test_seed=2000000 interaction.num_eval_episodes=100 interaction.num_test_episodes=100 save_steps=20000 eval_steps=null keep_only_latest_checkpoint=true keep_only_best_and_final_checkpoints=true save_replay_buffer=true save_final_replay_buffer=true resume_if_possible=true
extended_v1_GCSL-M_200100steps_20kckpt_val100_test100_pointmaze_umaze_v3_online_s1002	online	PointMaze_UMaze-v3	1002	200100	4.0m	env.kind=gymnasium_robotics env.init_num_transitions=200100 env.increment_num_transitions=200100 agent.algorithm=gcsl +gcsl_model_size=m batch_size=256 interaction.exploration_eps=0 interaction.validation_seed=1000 interaction.test_seed=2000000 interaction.num_eval_episodes=100 interaction.num_test_episodes=100 save_steps=20000 eval_steps=null keep_only_latest_checkpoint=true keep_only_best_and_final_checkpoints=true save_replay_buffer=true save_final_replay_buffer=true resume_if_possible=true
extended_v1_GCSL-M_200100steps_20kckpt_val100_test100_pointmaze_umaze_v3_online_s1004	online	PointMaze_UMaze-v3	1004	200100	4.0m	env.kind=gymnasium_robotics env.init_num_transitions=200100 env.increment_num_transitions=200100 agent.algorithm=gcsl +gcsl_model_size=m batch_size=256 interaction.exploration_eps=0 interaction.validation_seed=1000 interaction.test_seed=2000000 interaction.num_eval_episodes=100 interaction.num_test_episodes=100 save_steps=20000 eval_steps=null keep_only_latest_checkpoint=true keep_only_best_and_final_checkpoints=true save_replay_buffer=true save_final_replay_buffer=true resume_if_possible=true
extended_v1_C-Learning-M_200100steps_20kckpt_val100_test100_pointmaze_umaze_v3_online_s1000	online	PointMaze_UMaze-v3	1000	200100	4.2m	env.kind=gymnasium_robotics env.init_num_transitions=200100 env.increment_num_transitions=200100 agent.algorithm=c_learning +c_learning_model_size=m batch_size=256 interaction.exploration_eps=0 interaction.validation_seed=1000 interaction.test_seed=2000000 interaction.num_eval_episodes=100 interaction.num_test_episodes=100 save_steps=20000 eval_steps=null keep_only_latest_checkpoint=true keep_only_best_and_final_checkpoints=true save_replay_buffer=true save_final_replay_buffer=true resume_if_possible=true
extended_v1_C-Learning-M_200100steps_20kckpt_val100_test100_pointmaze_umaze_v3_online_s1002	online	PointMaze_UMaze-v3	1002	200100	4.2m	env.kind=gymnasium_robotics env.init_num_transitions=200100 env.increment_num_transitions=200100 agent.algorithm=c_learning +c_learning_model_size=m batch_size=256 interaction.exploration_eps=0 interaction.validation_seed=1000 interaction.test_seed=2000000 interaction.num_eval_episodes=100 interaction.num_test_episodes=100 save_steps=20000 eval_steps=null keep_only_latest_checkpoint=true keep_only_best_and_final_checkpoints=true save_replay_buffer=true save_final_replay_buffer=true resume_if_possible=true
extended_v1_C-Learning-M_200100steps_20kckpt_val100_test100_pointmaze_umaze_v3_online_s1003	online	PointMaze_UMaze-v3	1003	200100	4.2m	env.kind=gymnasium_robotics env.init_num_transitions=200100 env.increment_num_transitions=200100 agent.algorithm=c_learning +c_learning_model_size=m batch_size=256 interaction.exploration_eps=0 interaction.validation_seed=1000 interaction.test_seed=2000000 interaction.num_eval_episodes=100 interaction.num_test_episodes=100 save_steps=20000 eval_steps=null keep_only_latest_checkpoint=true keep_only_best_and_final_checkpoints=true save_replay_buffer=true save_final_replay_buffer=true resume_if_possible=true
extended_v1_CRL-M_200100steps_20kckpt_val100_test100_pointmaze_umaze_v3_online_s1000	online	PointMaze_UMaze-v3	1000	200100	4.2m	env.kind=gymnasium_robotics env.init_num_transitions=200100 env.increment_num_transitions=200100 agent.algorithm=crl +crl_model_size=m batch_size=256 interaction.exploration_eps=0 interaction.validation_seed=1000 interaction.test_seed=2000000 interaction.num_eval_episodes=100 interaction.num_test_episodes=100 save_steps=20000 eval_steps=null keep_only_latest_checkpoint=true keep_only_best_and_final_checkpoints=true save_replay_buffer=true save_final_replay_buffer=true resume_if_possible=true
extended_v1_CRL-M_200100steps_20kckpt_val100_test100_pointmaze_umaze_v3_online_s1001	online	PointMaze_UMaze-v3	1001	200100	4.2m	env.kind=gymnasium_robotics env.init_num_transitions=200100 env.increment_num_transitions=200100 agent.algorithm=crl +crl_model_size=m batch_size=256 interaction.exploration_eps=0 interaction.validation_seed=1000 interaction.test_seed=2000000 interaction.num_eval_episodes=100 interaction.num_test_episodes=100 save_steps=20000 eval_steps=null keep_only_latest_checkpoint=true keep_only_best_and_final_checkpoints=true save_replay_buffer=true save_final_replay_buffer=true resume_if_possible=true
extended_v1_CRL-M_200100steps_20kckpt_val100_test100_pointmaze_umaze_v3_online_s1003	online	PointMaze_UMaze-v3	1003	200100	4.2m	env.kind=gymnasium_robotics env.init_num_transitions=200100 env.increment_num_transitions=200100 agent.algorithm=crl +crl_model_size=m batch_size=256 interaction.exploration_eps=0 interaction.validation_seed=1000 interaction.test_seed=2000000 interaction.num_eval_episodes=100 interaction.num_test_episodes=100 save_steps=20000 eval_steps=null keep_only_latest_checkpoint=true keep_only_best_and_final_checkpoints=true save_replay_buffer=true save_final_replay_buffer=true resume_if_possible=true
extended_v1_CRL-M_200100steps_20kckpt_val100_test100_pointmaze_umaze_v3_online_s1004	online	PointMaze_UMaze-v3	1004	200100	4.2m	env.kind=gymnasium_robotics env.init_num_transitions=200100 env.increment_num_transitions=200100 agent.algorithm=crl +crl_model_size=m batch_size=256 interaction.exploration_eps=0 interaction.validation_seed=1000 interaction.test_seed=2000000 interaction.num_eval_episodes=100 interaction.num_test_episodes=100 save_steps=20000 eval_steps=null keep_only_latest_checkpoint=true keep_only_best_and_final_checkpoints=true save_replay_buffer=true save_final_replay_buffer=true resume_if_possible=true
extended_v1_CQRL-Inner1-M_200100steps_20kckpt_val100_test100_pointmaze_umaze_v3_online_s1001	online	PointMaze_UMaze-v3	1001	200100	4.4m	env.kind=gymnasium_robotics env.init_num_transitions=200100 env.increment_num_transitions=200100 +cqrl_model_size=m batch_size=256 agent.training_schedule=joint agent.actor.losses.min_dist.adaptive_entropy_regularizer=true agent.actor.losses.min_dist.entropy_mc_samples=100 agent.actor.losses.min_dist.add_goal_as_future_state=true agent.actor.losses.behavior_cloning.weight=0 agent.goal_set_distance.enabled=false interaction.exploration_eps=0 agent.quasimetric_critic.losses.separate_latent_dynamics=false agent.quasimetric_critic.losses.latent_dynamics.distance=iqe_mse agent.quasimetric_critic.losses.latent_dynamics.mse_weight=1.0 agent.quasimetric_critic.losses.latent_dynamics.iqe_weight=1.0 agent.quasimetric_critic.model.encoder.branch_normalization=none agent.actor.losses.min_dist.latent_goal_mode=max agent.actor.losses.min_dist.latent_goal_keep_best=true agent.actor.losses.min_dist.latent_goal_lr=0.01 agent.actor.losses.min_dist.latent_goal_search=direct agent.actor.losses.min_dist.latent_goal_optim=sgd agent.actor.losses.min_dist.latent_goal_steps=1 interaction.validation_seed=1000 interaction.test_seed=2000000 interaction.num_eval_episodes=100 interaction.num_test_episodes=100 save_steps=20000 eval_steps=null keep_only_latest_checkpoint=true keep_only_best_and_final_checkpoints=true save_replay_buffer=true save_final_replay_buffer=true resume_if_possible=true
extended_v1_CQRL-Inner1-M_200100steps_20kckpt_val100_test100_pointmaze_umaze_v3_online_s1002	online	PointMaze_UMaze-v3	1002	200100	4.4m	env.kind=gymnasium_robotics env.init_num_transitions=200100 env.increment_num_transitions=200100 +cqrl_model_size=m batch_size=256 agent.training_schedule=joint agent.actor.losses.min_dist.adaptive_entropy_regularizer=true agent.actor.losses.min_dist.entropy_mc_samples=100 agent.actor.losses.min_dist.add_goal_as_future_state=true agent.actor.losses.behavior_cloning.weight=0 agent.goal_set_distance.enabled=false interaction.exploration_eps=0 agent.quasimetric_critic.losses.separate_latent_dynamics=false agent.quasimetric_critic.losses.latent_dynamics.distance=iqe_mse agent.quasimetric_critic.losses.latent_dynamics.mse_weight=1.0 agent.quasimetric_critic.losses.latent_dynamics.iqe_weight=1.0 agent.quasimetric_critic.model.encoder.branch_normalization=none agent.actor.losses.min_dist.latent_goal_mode=max agent.actor.losses.min_dist.latent_goal_keep_best=true agent.actor.losses.min_dist.latent_goal_lr=0.01 agent.actor.losses.min_dist.latent_goal_search=direct agent.actor.losses.min_dist.latent_goal_optim=sgd agent.actor.losses.min_dist.latent_goal_steps=1 interaction.validation_seed=1000 interaction.test_seed=2000000 interaction.num_eval_episodes=100 interaction.num_test_episodes=100 save_steps=20000 eval_steps=null keep_only_latest_checkpoint=true keep_only_best_and_final_checkpoints=true save_replay_buffer=true save_final_replay_buffer=true resume_if_possible=true
extended_v1_CQRL-Inner1-M_200100steps_20kckpt_val100_test100_pointmaze_umaze_v3_online_s1004	online	PointMaze_UMaze-v3	1004	200100	4.4m	env.kind=gymnasium_robotics env.init_num_transitions=200100 env.increment_num_transitions=200100 +cqrl_model_size=m batch_size=256 agent.training_schedule=joint agent.actor.losses.min_dist.adaptive_entropy_regularizer=true agent.actor.losses.min_dist.entropy_mc_samples=100 agent.actor.losses.min_dist.add_goal_as_future_state=true agent.actor.losses.behavior_cloning.weight=0 agent.goal_set_distance.enabled=false interaction.exploration_eps=0 agent.quasimetric_critic.losses.separate_latent_dynamics=false agent.quasimetric_critic.losses.latent_dynamics.distance=iqe_mse agent.quasimetric_critic.losses.latent_dynamics.mse_weight=1.0 agent.quasimetric_critic.losses.latent_dynamics.iqe_weight=1.0 agent.quasimetric_critic.model.encoder.branch_normalization=none agent.actor.losses.min_dist.latent_goal_mode=max agent.actor.losses.min_dist.latent_goal_keep_best=true agent.actor.losses.min_dist.latent_goal_lr=0.01 agent.actor.losses.min_dist.latent_goal_search=direct agent.actor.losses.min_dist.latent_goal_optim=sgd agent.actor.losses.min_dist.latent_goal_steps=1 interaction.validation_seed=1000 interaction.test_seed=2000000 interaction.num_eval_episodes=100 interaction.num_test_episodes=100 save_steps=20000 eval_steps=null keep_only_latest_checkpoint=true keep_only_best_and_final_checkpoints=true save_replay_buffer=true save_final_replay_buffer=true resume_if_possible=true
extended_v1_QRL-M_200100steps_20kckpt_val100_test100_pointmaze_open_v3_online_s1001	online	PointMaze_Open-v3	1001	200100	4.2m	env.kind=gymnasium_robotics env.init_num_transitions=200100 env.increment_num_transitions=200100 +qrl_model_size=m batch_size=256 agent.training_schedule=joint agent.actor.losses.min_dist.adaptive_entropy_regularizer=true agent.actor.losses.min_dist.entropy_mc_samples=100 agent.actor.losses.min_dist.add_goal_as_future_state=true agent.actor.losses.behavior_cloning.weight=0 agent.goal_set_distance.enabled=false interaction.exploration_eps=0 interaction.validation_seed=1000 interaction.test_seed=2000000 interaction.num_eval_episodes=100 interaction.num_test_episodes=100 save_steps=20000 eval_steps=null keep_only_latest_checkpoint=true keep_only_best_and_final_checkpoints=true save_replay_buffer=true save_final_replay_buffer=true resume_if_possible=true
extended_v1_QRL-M_200100steps_20kckpt_val100_test100_pointmaze_open_v3_online_s1002	online	PointMaze_Open-v3	1002	200100	4.2m	env.kind=gymnasium_robotics env.init_num_transitions=200100 env.increment_num_transitions=200100 +qrl_model_size=m batch_size=256 agent.training_schedule=joint agent.actor.losses.min_dist.adaptive_entropy_regularizer=true agent.actor.losses.min_dist.entropy_mc_samples=100 agent.actor.losses.min_dist.add_goal_as_future_state=true agent.actor.losses.behavior_cloning.weight=0 agent.goal_set_distance.enabled=false interaction.exploration_eps=0 interaction.validation_seed=1000 interaction.test_seed=2000000 interaction.num_eval_episodes=100 interaction.num_test_episodes=100 save_steps=20000 eval_steps=null keep_only_latest_checkpoint=true keep_only_best_and_final_checkpoints=true save_replay_buffer=true save_final_replay_buffer=true resume_if_possible=true
extended_v1_QRL-M_200100steps_20kckpt_val100_test100_pointmaze_open_v3_online_s1004	online	PointMaze_Open-v3	1004	200100	4.2m	env.kind=gymnasium_robotics env.init_num_transitions=200100 env.increment_num_transitions=200100 +qrl_model_size=m batch_size=256 agent.training_schedule=joint agent.actor.losses.min_dist.adaptive_entropy_regularizer=true agent.actor.losses.min_dist.entropy_mc_samples=100 agent.actor.losses.min_dist.add_goal_as_future_state=true agent.actor.losses.behavior_cloning.weight=0 agent.goal_set_distance.enabled=false interaction.exploration_eps=0 interaction.validation_seed=1000 interaction.test_seed=2000000 interaction.num_eval_episodes=100 interaction.num_test_episodes=100 save_steps=20000 eval_steps=null keep_only_latest_checkpoint=true keep_only_best_and_final_checkpoints=true save_replay_buffer=true save_final_replay_buffer=true resume_if_possible=true
extended_v1_TD-InfoNCE-M_200100steps_20kckpt_val100_test100_pointmaze_open_v3_online_s1000	online	PointMaze_Open-v3	1000	200100	4.0m	env.kind=gymnasium_robotics env.init_num_transitions=200100 env.increment_num_transitions=200100 agent.algorithm=td_infonce +td_infonce_model_size=m batch_size=256 interaction.exploration_eps=0 interaction.validation_seed=1000 interaction.test_seed=2000000 interaction.num_eval_episodes=100 interaction.num_test_episodes=100 save_steps=20000 eval_steps=null keep_only_latest_checkpoint=true keep_only_best_and_final_checkpoints=true save_replay_buffer=true save_final_replay_buffer=true resume_if_possible=true
extended_v1_TD-InfoNCE-M_200100steps_20kckpt_val100_test100_pointmaze_open_v3_online_s1002	online	PointMaze_Open-v3	1002	200100	4.0m	env.kind=gymnasium_robotics env.init_num_transitions=200100 env.increment_num_transitions=200100 agent.algorithm=td_infonce +td_infonce_model_size=m batch_size=256 interaction.exploration_eps=0 interaction.validation_seed=1000 interaction.test_seed=2000000 interaction.num_eval_episodes=100 interaction.num_test_episodes=100 save_steps=20000 eval_steps=null keep_only_latest_checkpoint=true keep_only_best_and_final_checkpoints=true save_replay_buffer=true save_final_replay_buffer=true resume_if_possible=true
extended_v1_TD-InfoNCE-M_200100steps_20kckpt_val100_test100_pointmaze_open_v3_online_s1003	online	PointMaze_Open-v3	1003	200100	4.0m	env.kind=gymnasium_robotics env.init_num_transitions=200100 env.increment_num_transitions=200100 agent.algorithm=td_infonce +td_infonce_model_size=m batch_size=256 interaction.exploration_eps=0 interaction.validation_seed=1000 interaction.test_seed=2000000 interaction.num_eval_episodes=100 interaction.num_test_episodes=100 save_steps=20000 eval_steps=null keep_only_latest_checkpoint=true keep_only_best_and_final_checkpoints=true save_replay_buffer=true save_final_replay_buffer=true resume_if_possible=true
extended_v1_GCSL-M_200100steps_20kckpt_val100_test100_pointmaze_open_v3_online_s1000	online	PointMaze_Open-v3	1000	200100	4.0m	env.kind=gymnasium_robotics env.init_num_transitions=200100 env.increment_num_transitions=200100 agent.algorithm=gcsl +gcsl_model_size=m batch_size=256 interaction.exploration_eps=0 interaction.validation_seed=1000 interaction.test_seed=2000000 interaction.num_eval_episodes=100 interaction.num_test_episodes=100 save_steps=20000 eval_steps=null keep_only_latest_checkpoint=true keep_only_best_and_final_checkpoints=true save_replay_buffer=true save_final_replay_buffer=true resume_if_possible=true
extended_v1_GCSL-M_200100steps_20kckpt_val100_test100_pointmaze_open_v3_online_s1001	online	PointMaze_Open-v3	1001	200100	4.0m	env.kind=gymnasium_robotics env.init_num_transitions=200100 env.increment_num_transitions=200100 agent.algorithm=gcsl +gcsl_model_size=m batch_size=256 interaction.exploration_eps=0 interaction.validation_seed=1000 interaction.test_seed=2000000 interaction.num_eval_episodes=100 interaction.num_test_episodes=100 save_steps=20000 eval_steps=null keep_only_latest_checkpoint=true keep_only_best_and_final_checkpoints=true save_replay_buffer=true save_final_replay_buffer=true resume_if_possible=true
extended_v1_GCSL-M_200100steps_20kckpt_val100_test100_pointmaze_open_v3_online_s1003	online	PointMaze_Open-v3	1003	200100	4.0m	env.kind=gymnasium_robotics env.init_num_transitions=200100 env.increment_num_transitions=200100 agent.algorithm=gcsl +gcsl_model_size=m batch_size=256 interaction.exploration_eps=0 interaction.validation_seed=1000 interaction.test_seed=2000000 interaction.num_eval_episodes=100 interaction.num_test_episodes=100 save_steps=20000 eval_steps=null keep_only_latest_checkpoint=true keep_only_best_and_final_checkpoints=true save_replay_buffer=true save_final_replay_buffer=true resume_if_possible=true
extended_v1_GCSL-M_200100steps_20kckpt_val100_test100_pointmaze_open_v3_online_s1004	online	PointMaze_Open-v3	1004	200100	4.0m	env.kind=gymnasium_robotics env.init_num_transitions=200100 env.increment_num_transitions=200100 agent.algorithm=gcsl +gcsl_model_size=m batch_size=256 interaction.exploration_eps=0 interaction.validation_seed=1000 interaction.test_seed=2000000 interaction.num_eval_episodes=100 interaction.num_test_episodes=100 save_steps=20000 eval_steps=null keep_only_latest_checkpoint=true keep_only_best_and_final_checkpoints=true save_replay_buffer=true save_final_replay_buffer=true resume_if_possible=true
extended_v1_C-Learning-M_200100steps_20kckpt_val100_test100_pointmaze_open_v3_online_s1001	online	PointMaze_Open-v3	1001	200100	4.2m	env.kind=gymnasium_robotics env.init_num_transitions=200100 env.increment_num_transitions=200100 agent.algorithm=c_learning +c_learning_model_size=m batch_size=256 interaction.exploration_eps=0 interaction.validation_seed=1000 interaction.test_seed=2000000 interaction.num_eval_episodes=100 interaction.num_test_episodes=100 save_steps=20000 eval_steps=null keep_only_latest_checkpoint=true keep_only_best_and_final_checkpoints=true save_replay_buffer=true save_final_replay_buffer=true resume_if_possible=true
extended_v1_C-Learning-M_200100steps_20kckpt_val100_test100_pointmaze_open_v3_online_s1002	online	PointMaze_Open-v3	1002	200100	4.2m	env.kind=gymnasium_robotics env.init_num_transitions=200100 env.increment_num_transitions=200100 agent.algorithm=c_learning +c_learning_model_size=m batch_size=256 interaction.exploration_eps=0 interaction.validation_seed=1000 interaction.test_seed=2000000 interaction.num_eval_episodes=100 interaction.num_test_episodes=100 save_steps=20000 eval_steps=null keep_only_latest_checkpoint=true keep_only_best_and_final_checkpoints=true save_replay_buffer=true save_final_replay_buffer=true resume_if_possible=true
extended_v1_C-Learning-M_200100steps_20kckpt_val100_test100_pointmaze_open_v3_online_s1004	online	PointMaze_Open-v3	1004	200100	4.2m	env.kind=gymnasium_robotics env.init_num_transitions=200100 env.increment_num_transitions=200100 agent.algorithm=c_learning +c_learning_model_size=m batch_size=256 interaction.exploration_eps=0 interaction.validation_seed=1000 interaction.test_seed=2000000 interaction.num_eval_episodes=100 interaction.num_test_episodes=100 save_steps=20000 eval_steps=null keep_only_latest_checkpoint=true keep_only_best_and_final_checkpoints=true save_replay_buffer=true save_final_replay_buffer=true resume_if_possible=true
extended_v1_CRL-M_200100steps_20kckpt_val100_test100_pointmaze_open_v3_online_s1000	online	PointMaze_Open-v3	1000	200100	4.2m	env.kind=gymnasium_robotics env.init_num_transitions=200100 env.increment_num_transitions=200100 agent.algorithm=crl +crl_model_size=m batch_size=256 interaction.exploration_eps=0 interaction.validation_seed=1000 interaction.test_seed=2000000 interaction.num_eval_episodes=100 interaction.num_test_episodes=100 save_steps=20000 eval_steps=null keep_only_latest_checkpoint=true keep_only_best_and_final_checkpoints=true save_replay_buffer=true save_final_replay_buffer=true resume_if_possible=true
extended_v1_CRL-M_200100steps_20kckpt_val100_test100_pointmaze_open_v3_online_s1002	online	PointMaze_Open-v3	1002	200100	4.2m	env.kind=gymnasium_robotics env.init_num_transitions=200100 env.increment_num_transitions=200100 agent.algorithm=crl +crl_model_size=m batch_size=256 interaction.exploration_eps=0 interaction.validation_seed=1000 interaction.test_seed=2000000 interaction.num_eval_episodes=100 interaction.num_test_episodes=100 save_steps=20000 eval_steps=null keep_only_latest_checkpoint=true keep_only_best_and_final_checkpoints=true save_replay_buffer=true save_final_replay_buffer=true resume_if_possible=true
extended_v1_CRL-M_200100steps_20kckpt_val100_test100_pointmaze_open_v3_online_s1003	online	PointMaze_Open-v3	1003	200100	4.2m	env.kind=gymnasium_robotics env.init_num_transitions=200100 env.increment_num_transitions=200100 agent.algorithm=crl +crl_model_size=m batch_size=256 interaction.exploration_eps=0 interaction.validation_seed=1000 interaction.test_seed=2000000 interaction.num_eval_episodes=100 interaction.num_test_episodes=100 save_steps=20000 eval_steps=null keep_only_latest_checkpoint=true keep_only_best_and_final_checkpoints=true save_replay_buffer=true save_final_replay_buffer=true resume_if_possible=true
extended_v1_CQRL-Inner1-M_200100steps_20kckpt_val100_test100_pointmaze_open_v3_online_s1000	online	PointMaze_Open-v3	1000	200100	4.4m	env.kind=gymnasium_robotics env.init_num_transitions=200100 env.increment_num_transitions=200100 +cqrl_model_size=m batch_size=256 agent.training_schedule=joint agent.actor.losses.min_dist.adaptive_entropy_regularizer=true agent.actor.losses.min_dist.entropy_mc_samples=100 agent.actor.losses.min_dist.add_goal_as_future_state=true agent.actor.losses.behavior_cloning.weight=0 agent.goal_set_distance.enabled=false interaction.exploration_eps=0 agent.quasimetric_critic.losses.separate_latent_dynamics=false agent.quasimetric_critic.losses.latent_dynamics.distance=iqe_mse agent.quasimetric_critic.losses.latent_dynamics.mse_weight=1.0 agent.quasimetric_critic.losses.latent_dynamics.iqe_weight=1.0 agent.quasimetric_critic.model.encoder.branch_normalization=none agent.actor.losses.min_dist.latent_goal_mode=max agent.actor.losses.min_dist.latent_goal_keep_best=true agent.actor.losses.min_dist.latent_goal_lr=0.01 agent.actor.losses.min_dist.latent_goal_search=direct agent.actor.losses.min_dist.latent_goal_optim=sgd agent.actor.losses.min_dist.latent_goal_steps=1 interaction.validation_seed=1000 interaction.test_seed=2000000 interaction.num_eval_episodes=100 interaction.num_test_episodes=100 save_steps=20000 eval_steps=null keep_only_latest_checkpoint=true keep_only_best_and_final_checkpoints=true save_replay_buffer=true save_final_replay_buffer=true resume_if_possible=true
extended_v1_CQRL-Inner1-M_200100steps_20kckpt_val100_test100_pointmaze_open_v3_online_s1001	online	PointMaze_Open-v3	1001	200100	4.4m	env.kind=gymnasium_robotics env.init_num_transitions=200100 env.increment_num_transitions=200100 +cqrl_model_size=m batch_size=256 agent.training_schedule=joint agent.actor.losses.min_dist.adaptive_entropy_regularizer=true agent.actor.losses.min_dist.entropy_mc_samples=100 agent.actor.losses.min_dist.add_goal_as_future_state=true agent.actor.losses.behavior_cloning.weight=0 agent.goal_set_distance.enabled=false interaction.exploration_eps=0 agent.quasimetric_critic.losses.separate_latent_dynamics=false agent.quasimetric_critic.losses.latent_dynamics.distance=iqe_mse agent.quasimetric_critic.losses.latent_dynamics.mse_weight=1.0 agent.quasimetric_critic.losses.latent_dynamics.iqe_weight=1.0 agent.quasimetric_critic.model.encoder.branch_normalization=none agent.actor.losses.min_dist.latent_goal_mode=max agent.actor.losses.min_dist.latent_goal_keep_best=true agent.actor.losses.min_dist.latent_goal_lr=0.01 agent.actor.losses.min_dist.latent_goal_search=direct agent.actor.losses.min_dist.latent_goal_optim=sgd agent.actor.losses.min_dist.latent_goal_steps=1 interaction.validation_seed=1000 interaction.test_seed=2000000 interaction.num_eval_episodes=100 interaction.num_test_episodes=100 save_steps=20000 eval_steps=null keep_only_latest_checkpoint=true keep_only_best_and_final_checkpoints=true save_replay_buffer=true save_final_replay_buffer=true resume_if_possible=true
extended_v1_CQRL-Inner1-M_200100steps_20kckpt_val100_test100_pointmaze_open_v3_online_s1003	online	PointMaze_Open-v3	1003	200100	4.4m	env.kind=gymnasium_robotics env.init_num_transitions=200100 env.increment_num_transitions=200100 +cqrl_model_size=m batch_size=256 agent.training_schedule=joint agent.actor.losses.min_dist.adaptive_entropy_regularizer=true agent.actor.losses.min_dist.entropy_mc_samples=100 agent.actor.losses.min_dist.add_goal_as_future_state=true agent.actor.losses.behavior_cloning.weight=0 agent.goal_set_distance.enabled=false interaction.exploration_eps=0 agent.quasimetric_critic.losses.separate_latent_dynamics=false agent.quasimetric_critic.losses.latent_dynamics.distance=iqe_mse agent.quasimetric_critic.losses.latent_dynamics.mse_weight=1.0 agent.quasimetric_critic.losses.latent_dynamics.iqe_weight=1.0 agent.quasimetric_critic.model.encoder.branch_normalization=none agent.actor.losses.min_dist.latent_goal_mode=max agent.actor.losses.min_dist.latent_goal_keep_best=true agent.actor.losses.min_dist.latent_goal_lr=0.01 agent.actor.losses.min_dist.latent_goal_search=direct agent.actor.losses.min_dist.latent_goal_optim=sgd agent.actor.losses.min_dist.latent_goal_steps=1 interaction.validation_seed=1000 interaction.test_seed=2000000 interaction.num_eval_episodes=100 interaction.num_test_episodes=100 save_steps=20000 eval_steps=null keep_only_latest_checkpoint=true keep_only_best_and_final_checkpoints=true save_replay_buffer=true save_final_replay_buffer=true resume_if_possible=true
extended_v1_CQRL-Inner1-M_200100steps_20kckpt_val100_test100_pointmaze_open_v3_online_s1004	online	PointMaze_Open-v3	1004	200100	4.4m	env.kind=gymnasium_robotics env.init_num_transitions=200100 env.increment_num_transitions=200100 +cqrl_model_size=m batch_size=256 agent.training_schedule=joint agent.actor.losses.min_dist.adaptive_entropy_regularizer=true agent.actor.losses.min_dist.entropy_mc_samples=100 agent.actor.losses.min_dist.add_goal_as_future_state=true agent.actor.losses.behavior_cloning.weight=0 agent.goal_set_distance.enabled=false interaction.exploration_eps=0 agent.quasimetric_critic.losses.separate_latent_dynamics=false agent.quasimetric_critic.losses.latent_dynamics.distance=iqe_mse agent.quasimetric_critic.losses.latent_dynamics.mse_weight=1.0 agent.quasimetric_critic.losses.latent_dynamics.iqe_weight=1.0 agent.quasimetric_critic.model.encoder.branch_normalization=none agent.actor.losses.min_dist.latent_goal_mode=max agent.actor.losses.min_dist.latent_goal_keep_best=true agent.actor.losses.min_dist.latent_goal_lr=0.01 agent.actor.losses.min_dist.latent_goal_search=direct agent.actor.losses.min_dist.latent_goal_optim=sgd agent.actor.losses.min_dist.latent_goal_steps=1 interaction.validation_seed=1000 interaction.test_seed=2000000 interaction.num_eval_episodes=100 interaction.num_test_episodes=100 save_steps=20000 eval_steps=null keep_only_latest_checkpoint=true keep_only_best_and_final_checkpoints=true save_replay_buffer=true save_final_replay_buffer=true resume_if_possible=true
extended_v1_QRL-M_100k_20kckpt_val200_test200_pandareach_v3_online_s1000	online	PandaReach-v3	1000	100000	4.2m	env.kind=panda_gym env.init_num_transitions=100000 env.increment_num_transitions=100000 +qrl_model_size=m batch_size=256 agent.training_schedule=joint agent.actor.losses.min_dist.adaptive_entropy_regularizer=true agent.actor.losses.min_dist.entropy_mc_samples=100 agent.actor.losses.min_dist.add_goal_as_future_state=true agent.actor.losses.behavior_cloning.weight=0 agent.goal_set_distance.enabled=false interaction.exploration_eps=0 interaction.validation_seed=1000 interaction.test_seed=2000000 interaction.num_eval_episodes=200 interaction.num_test_episodes=200 save_steps=20000 eval_steps=null keep_only_latest_checkpoint=true keep_only_best_and_final_checkpoints=true save_replay_buffer=true save_final_replay_buffer=true resume_if_possible=true
extended_v1_QRL-M_100k_20kckpt_val200_test200_pandareach_v3_online_s1001	online	PandaReach-v3	1001	100000	4.2m	env.kind=panda_gym env.init_num_transitions=100000 env.increment_num_transitions=100000 +qrl_model_size=m batch_size=256 agent.training_schedule=joint agent.actor.losses.min_dist.adaptive_entropy_regularizer=true agent.actor.losses.min_dist.entropy_mc_samples=100 agent.actor.losses.min_dist.add_goal_as_future_state=true agent.actor.losses.behavior_cloning.weight=0 agent.goal_set_distance.enabled=false interaction.exploration_eps=0 interaction.validation_seed=1000 interaction.test_seed=2000000 interaction.num_eval_episodes=200 interaction.num_test_episodes=200 save_steps=20000 eval_steps=null keep_only_latest_checkpoint=true keep_only_best_and_final_checkpoints=true save_replay_buffer=true save_final_replay_buffer=true resume_if_possible=true
extended_v1_QRL-M_100k_20kckpt_val200_test200_pandareach_v3_online_s1003	online	PandaReach-v3	1003	100000	4.2m	env.kind=panda_gym env.init_num_transitions=100000 env.increment_num_transitions=100000 +qrl_model_size=m batch_size=256 agent.training_schedule=joint agent.actor.losses.min_dist.adaptive_entropy_regularizer=true agent.actor.losses.min_dist.entropy_mc_samples=100 agent.actor.losses.min_dist.add_goal_as_future_state=true agent.actor.losses.behavior_cloning.weight=0 agent.goal_set_distance.enabled=false interaction.exploration_eps=0 interaction.validation_seed=1000 interaction.test_seed=2000000 interaction.num_eval_episodes=200 interaction.num_test_episodes=200 save_steps=20000 eval_steps=null keep_only_latest_checkpoint=true keep_only_best_and_final_checkpoints=true save_replay_buffer=true save_final_replay_buffer=true resume_if_possible=true
extended_v1_QRL-M_100k_20kckpt_val200_test200_pandareach_v3_online_s1004	online	PandaReach-v3	1004	100000	4.2m	env.kind=panda_gym env.init_num_transitions=100000 env.increment_num_transitions=100000 +qrl_model_size=m batch_size=256 agent.training_schedule=joint agent.actor.losses.min_dist.adaptive_entropy_regularizer=true agent.actor.losses.min_dist.entropy_mc_samples=100 agent.actor.losses.min_dist.add_goal_as_future_state=true agent.actor.losses.behavior_cloning.weight=0 agent.goal_set_distance.enabled=false interaction.exploration_eps=0 interaction.validation_seed=1000 interaction.test_seed=2000000 interaction.num_eval_episodes=200 interaction.num_test_episodes=200 save_steps=20000 eval_steps=null keep_only_latest_checkpoint=true keep_only_best_and_final_checkpoints=true save_replay_buffer=true save_final_replay_buffer=true resume_if_possible=true
extended_v1_TD-InfoNCE-M_100k_20kckpt_val200_test200_pandareach_v3_online_s1001	online	PandaReach-v3	1001	100000	4.0m	env.kind=panda_gym env.init_num_transitions=100000 env.increment_num_transitions=100000 agent.algorithm=td_infonce +td_infonce_model_size=m batch_size=256 interaction.exploration_eps=0 interaction.validation_seed=1000 interaction.test_seed=2000000 interaction.num_eval_episodes=200 interaction.num_test_episodes=200 save_steps=20000 eval_steps=null keep_only_latest_checkpoint=true keep_only_best_and_final_checkpoints=true save_replay_buffer=true save_final_replay_buffer=true resume_if_possible=true
extended_v1_TD-InfoNCE-M_100k_20kckpt_val200_test200_pandareach_v3_online_s1002	online	PandaReach-v3	1002	100000	4.0m	env.kind=panda_gym env.init_num_transitions=100000 env.increment_num_transitions=100000 agent.algorithm=td_infonce +td_infonce_model_size=m batch_size=256 interaction.exploration_eps=0 interaction.validation_seed=1000 interaction.test_seed=2000000 interaction.num_eval_episodes=200 interaction.num_test_episodes=200 save_steps=20000 eval_steps=null keep_only_latest_checkpoint=true keep_only_best_and_final_checkpoints=true save_replay_buffer=true save_final_replay_buffer=true resume_if_possible=true
extended_v1_TD-InfoNCE-M_100k_20kckpt_val200_test200_pandareach_v3_online_s1004	online	PandaReach-v3	1004	100000	4.0m	env.kind=panda_gym env.init_num_transitions=100000 env.increment_num_transitions=100000 agent.algorithm=td_infonce +td_infonce_model_size=m batch_size=256 interaction.exploration_eps=0 interaction.validation_seed=1000 interaction.test_seed=2000000 interaction.num_eval_episodes=200 interaction.num_test_episodes=200 save_steps=20000 eval_steps=null keep_only_latest_checkpoint=true keep_only_best_and_final_checkpoints=true save_replay_buffer=true save_final_replay_buffer=true resume_if_possible=true
extended_v1_GCSL-M_100k_20kckpt_val200_test200_pandareach_v3_online_s1000	online	PandaReach-v3	1000	100000	4.1m	env.kind=panda_gym env.init_num_transitions=100000 env.increment_num_transitions=100000 agent.algorithm=gcsl +gcsl_model_size=m batch_size=256 interaction.exploration_eps=0 interaction.validation_seed=1000 interaction.test_seed=2000000 interaction.num_eval_episodes=200 interaction.num_test_episodes=200 save_steps=20000 eval_steps=null keep_only_latest_checkpoint=true keep_only_best_and_final_checkpoints=true save_replay_buffer=true save_final_replay_buffer=true resume_if_possible=true
extended_v1_GCSL-M_100k_20kckpt_val200_test200_pandareach_v3_online_s1002	online	PandaReach-v3	1002	100000	4.1m	env.kind=panda_gym env.init_num_transitions=100000 env.increment_num_transitions=100000 agent.algorithm=gcsl +gcsl_model_size=m batch_size=256 interaction.exploration_eps=0 interaction.validation_seed=1000 interaction.test_seed=2000000 interaction.num_eval_episodes=200 interaction.num_test_episodes=200 save_steps=20000 eval_steps=null keep_only_latest_checkpoint=true keep_only_best_and_final_checkpoints=true save_replay_buffer=true save_final_replay_buffer=true resume_if_possible=true
extended_v1_GCSL-M_100k_20kckpt_val200_test200_pandareach_v3_online_s1003	online	PandaReach-v3	1003	100000	4.1m	env.kind=panda_gym env.init_num_transitions=100000 env.increment_num_transitions=100000 agent.algorithm=gcsl +gcsl_model_size=m batch_size=256 interaction.exploration_eps=0 interaction.validation_seed=1000 interaction.test_seed=2000000 interaction.num_eval_episodes=200 interaction.num_test_episodes=200 save_steps=20000 eval_steps=null keep_only_latest_checkpoint=true keep_only_best_and_final_checkpoints=true save_replay_buffer=true save_final_replay_buffer=true resume_if_possible=true
extended_v1_C-Learning-M_100k_20kckpt_val200_test200_pandareach_v3_online_s1000	online	PandaReach-v3	1000	100000	4.3m	env.kind=panda_gym env.init_num_transitions=100000 env.increment_num_transitions=100000 agent.algorithm=c_learning +c_learning_model_size=m batch_size=256 interaction.exploration_eps=0 interaction.validation_seed=1000 interaction.test_seed=2000000 interaction.num_eval_episodes=200 interaction.num_test_episodes=200 save_steps=20000 eval_steps=null keep_only_latest_checkpoint=true keep_only_best_and_final_checkpoints=true save_replay_buffer=true save_final_replay_buffer=true resume_if_possible=true
extended_v1_C-Learning-M_100k_20kckpt_val200_test200_pandareach_v3_online_s1001	online	PandaReach-v3	1001	100000	4.3m	env.kind=panda_gym env.init_num_transitions=100000 env.increment_num_transitions=100000 agent.algorithm=c_learning +c_learning_model_size=m batch_size=256 interaction.exploration_eps=0 interaction.validation_seed=1000 interaction.test_seed=2000000 interaction.num_eval_episodes=200 interaction.num_test_episodes=200 save_steps=20000 eval_steps=null keep_only_latest_checkpoint=true keep_only_best_and_final_checkpoints=true save_replay_buffer=true save_final_replay_buffer=true resume_if_possible=true
extended_v1_C-Learning-M_100k_20kckpt_val200_test200_pandareach_v3_online_s1003	online	PandaReach-v3	1003	100000	4.3m	env.kind=panda_gym env.init_num_transitions=100000 env.increment_num_transitions=100000 agent.algorithm=c_learning +c_learning_model_size=m batch_size=256 interaction.exploration_eps=0 interaction.validation_seed=1000 interaction.test_seed=2000000 interaction.num_eval_episodes=200 interaction.num_test_episodes=200 save_steps=20000 eval_steps=null keep_only_latest_checkpoint=true keep_only_best_and_final_checkpoints=true save_replay_buffer=true save_final_replay_buffer=true resume_if_possible=true
extended_v1_C-Learning-M_100k_20kckpt_val200_test200_pandareach_v3_online_s1004	online	PandaReach-v3	1004	100000	4.3m	env.kind=panda_gym env.init_num_transitions=100000 env.increment_num_transitions=100000 agent.algorithm=c_learning +c_learning_model_size=m batch_size=256 interaction.exploration_eps=0 interaction.validation_seed=1000 interaction.test_seed=2000000 interaction.num_eval_episodes=200 interaction.num_test_episodes=200 save_steps=20000 eval_steps=null keep_only_latest_checkpoint=true keep_only_best_and_final_checkpoints=true save_replay_buffer=true save_final_replay_buffer=true resume_if_possible=true
extended_v1_CRL-M_100k_20kckpt_val200_test200_pandareach_v3_online_s1001	online	PandaReach-v3	1001	100000	4.2m	env.kind=panda_gym env.init_num_transitions=100000 env.increment_num_transitions=100000 agent.algorithm=crl +crl_model_size=m batch_size=256 interaction.exploration_eps=0 interaction.validation_seed=1000 interaction.test_seed=2000000 interaction.num_eval_episodes=200 interaction.num_test_episodes=200 save_steps=20000 eval_steps=null keep_only_latest_checkpoint=true keep_only_best_and_final_checkpoints=true save_replay_buffer=true save_final_replay_buffer=true resume_if_possible=true
extended_v1_CRL-M_100k_20kckpt_val200_test200_pandareach_v3_online_s1002	online	PandaReach-v3	1002	100000	4.2m	env.kind=panda_gym env.init_num_transitions=100000 env.increment_num_transitions=100000 agent.algorithm=crl +crl_model_size=m batch_size=256 interaction.exploration_eps=0 interaction.validation_seed=1000 interaction.test_seed=2000000 interaction.num_eval_episodes=200 interaction.num_test_episodes=200 save_steps=20000 eval_steps=null keep_only_latest_checkpoint=true keep_only_best_and_final_checkpoints=true save_replay_buffer=true save_final_replay_buffer=true resume_if_possible=true
extended_v1_CRL-M_100k_20kckpt_val200_test200_pandareach_v3_online_s1004	online	PandaReach-v3	1004	100000	4.2m	env.kind=panda_gym env.init_num_transitions=100000 env.increment_num_transitions=100000 agent.algorithm=crl +crl_model_size=m batch_size=256 interaction.exploration_eps=0 interaction.validation_seed=1000 interaction.test_seed=2000000 interaction.num_eval_episodes=200 interaction.num_test_episodes=200 save_steps=20000 eval_steps=null keep_only_latest_checkpoint=true keep_only_best_and_final_checkpoints=true save_replay_buffer=true save_final_replay_buffer=true resume_if_possible=true
extended_v1_CQRL-Inner1-M_100k_20kckpt_val200_test200_pandareach_v3_online_s1000	online	PandaReach-v3	1000	100000	4.4m	env.kind=panda_gym env.init_num_transitions=100000 env.increment_num_transitions=100000 +cqrl_model_size=m batch_size=256 agent.training_schedule=joint agent.actor.losses.min_dist.adaptive_entropy_regularizer=true agent.actor.losses.min_dist.entropy_mc_samples=100 agent.actor.losses.min_dist.add_goal_as_future_state=true agent.actor.losses.behavior_cloning.weight=0 agent.goal_set_distance.enabled=false interaction.exploration_eps=0 agent.quasimetric_critic.losses.separate_latent_dynamics=false agent.quasimetric_critic.losses.latent_dynamics.distance=iqe_mse agent.quasimetric_critic.losses.latent_dynamics.mse_weight=1.0 agent.quasimetric_critic.losses.latent_dynamics.iqe_weight=1.0 agent.quasimetric_critic.model.encoder.branch_normalization=none agent.actor.losses.min_dist.latent_goal_mode=max agent.actor.losses.min_dist.latent_goal_keep_best=true agent.actor.losses.min_dist.latent_goal_lr=0.01 agent.actor.losses.min_dist.latent_goal_search=direct agent.actor.losses.min_dist.latent_goal_optim=sgd agent.actor.losses.min_dist.latent_goal_steps=1 interaction.validation_seed=1000 interaction.test_seed=2000000 interaction.num_eval_episodes=200 interaction.num_test_episodes=200 save_steps=20000 eval_steps=null keep_only_latest_checkpoint=true keep_only_best_and_final_checkpoints=true save_replay_buffer=true save_final_replay_buffer=true resume_if_possible=true
extended_v1_CQRL-Inner1-M_100k_20kckpt_val200_test200_pandareach_v3_online_s1002	online	PandaReach-v3	1002	100000	4.4m	env.kind=panda_gym env.init_num_transitions=100000 env.increment_num_transitions=100000 +cqrl_model_size=m batch_size=256 agent.training_schedule=joint agent.actor.losses.min_dist.adaptive_entropy_regularizer=true agent.actor.losses.min_dist.entropy_mc_samples=100 agent.actor.losses.min_dist.add_goal_as_future_state=true agent.actor.losses.behavior_cloning.weight=0 agent.goal_set_distance.enabled=false interaction.exploration_eps=0 agent.quasimetric_critic.losses.separate_latent_dynamics=false agent.quasimetric_critic.losses.latent_dynamics.distance=iqe_mse agent.quasimetric_critic.losses.latent_dynamics.mse_weight=1.0 agent.quasimetric_critic.losses.latent_dynamics.iqe_weight=1.0 agent.quasimetric_critic.model.encoder.branch_normalization=none agent.actor.losses.min_dist.latent_goal_mode=max agent.actor.losses.min_dist.latent_goal_keep_best=true agent.actor.losses.min_dist.latent_goal_lr=0.01 agent.actor.losses.min_dist.latent_goal_search=direct agent.actor.losses.min_dist.latent_goal_optim=sgd agent.actor.losses.min_dist.latent_goal_steps=1 interaction.validation_seed=1000 interaction.test_seed=2000000 interaction.num_eval_episodes=200 interaction.num_test_episodes=200 save_steps=20000 eval_steps=null keep_only_latest_checkpoint=true keep_only_best_and_final_checkpoints=true save_replay_buffer=true save_final_replay_buffer=true resume_if_possible=true
extended_v1_CQRL-Inner1-M_100k_20kckpt_val200_test200_pandareach_v3_online_s1003	online	PandaReach-v3	1003	100000	4.4m	env.kind=panda_gym env.init_num_transitions=100000 env.increment_num_transitions=100000 +cqrl_model_size=m batch_size=256 agent.training_schedule=joint agent.actor.losses.min_dist.adaptive_entropy_regularizer=true agent.actor.losses.min_dist.entropy_mc_samples=100 agent.actor.losses.min_dist.add_goal_as_future_state=true agent.actor.losses.behavior_cloning.weight=0 agent.goal_set_distance.enabled=false interaction.exploration_eps=0 agent.quasimetric_critic.losses.separate_latent_dynamics=false agent.quasimetric_critic.losses.latent_dynamics.distance=iqe_mse agent.quasimetric_critic.losses.latent_dynamics.mse_weight=1.0 agent.quasimetric_critic.losses.latent_dynamics.iqe_weight=1.0 agent.quasimetric_critic.model.encoder.branch_normalization=none agent.actor.losses.min_dist.latent_goal_mode=max agent.actor.losses.min_dist.latent_goal_keep_best=true agent.actor.losses.min_dist.latent_goal_lr=0.01 agent.actor.losses.min_dist.latent_goal_search=direct agent.actor.losses.min_dist.latent_goal_optim=sgd agent.actor.losses.min_dist.latent_goal_steps=1 interaction.validation_seed=1000 interaction.test_seed=2000000 interaction.num_eval_episodes=200 interaction.num_test_episodes=200 save_steps=20000 eval_steps=null keep_only_latest_checkpoint=true keep_only_best_and_final_checkpoints=true save_replay_buffer=true save_final_replay_buffer=true resume_if_possible=true
extended_v1_QRL-M_100k_20kckpt_val200_test200_pandapush_v3_online_s1000	online	PandaPush-v3	1000	100000	4.2m	env.kind=panda_gym env.init_num_transitions=100000 env.increment_num_transitions=100000 +qrl_model_size=m batch_size=256 agent.training_schedule=joint agent.actor.losses.min_dist.adaptive_entropy_regularizer=true agent.actor.losses.min_dist.entropy_mc_samples=100 agent.actor.losses.min_dist.add_goal_as_future_state=true agent.actor.losses.behavior_cloning.weight=0 agent.goal_set_distance.enabled=false interaction.exploration_eps=0 interaction.validation_seed=1000 interaction.test_seed=2000000 interaction.num_eval_episodes=200 interaction.num_test_episodes=200 save_steps=20000 eval_steps=null keep_only_latest_checkpoint=true keep_only_best_and_final_checkpoints=true save_replay_buffer=true save_final_replay_buffer=true resume_if_possible=true
extended_v1_QRL-M_100k_20kckpt_val200_test200_pandapush_v3_online_s1002	online	PandaPush-v3	1002	100000	4.2m	env.kind=panda_gym env.init_num_transitions=100000 env.increment_num_transitions=100000 +qrl_model_size=m batch_size=256 agent.training_schedule=joint agent.actor.losses.min_dist.adaptive_entropy_regularizer=true agent.actor.losses.min_dist.entropy_mc_samples=100 agent.actor.losses.min_dist.add_goal_as_future_state=true agent.actor.losses.behavior_cloning.weight=0 agent.goal_set_distance.enabled=false interaction.exploration_eps=0 interaction.validation_seed=1000 interaction.test_seed=2000000 interaction.num_eval_episodes=200 interaction.num_test_episodes=200 save_steps=20000 eval_steps=null keep_only_latest_checkpoint=true keep_only_best_and_final_checkpoints=true save_replay_buffer=true save_final_replay_buffer=true resume_if_possible=true
extended_v1_QRL-M_100k_20kckpt_val200_test200_pandapush_v3_online_s1003	online	PandaPush-v3	1003	100000	4.2m	env.kind=panda_gym env.init_num_transitions=100000 env.increment_num_transitions=100000 +qrl_model_size=m batch_size=256 agent.training_schedule=joint agent.actor.losses.min_dist.adaptive_entropy_regularizer=true agent.actor.losses.min_dist.entropy_mc_samples=100 agent.actor.losses.min_dist.add_goal_as_future_state=true agent.actor.losses.behavior_cloning.weight=0 agent.goal_set_distance.enabled=false interaction.exploration_eps=0 interaction.validation_seed=1000 interaction.test_seed=2000000 interaction.num_eval_episodes=200 interaction.num_test_episodes=200 save_steps=20000 eval_steps=null keep_only_latest_checkpoint=true keep_only_best_and_final_checkpoints=true save_replay_buffer=true save_final_replay_buffer=true resume_if_possible=true
extended_v1_TD-InfoNCE-M_100k_20kckpt_val200_test200_pandapush_v3_online_s1000	online	PandaPush-v3	1000	100000	4.0m	env.kind=panda_gym env.init_num_transitions=100000 env.increment_num_transitions=100000 agent.algorithm=td_infonce +td_infonce_model_size=m batch_size=256 interaction.exploration_eps=0 interaction.validation_seed=1000 interaction.test_seed=2000000 interaction.num_eval_episodes=200 interaction.num_test_episodes=200 save_steps=20000 eval_steps=null keep_only_latest_checkpoint=true keep_only_best_and_final_checkpoints=true save_replay_buffer=true save_final_replay_buffer=true resume_if_possible=true
extended_v1_TD-InfoNCE-M_100k_20kckpt_val200_test200_pandapush_v3_online_s1001	online	PandaPush-v3	1001	100000	4.0m	env.kind=panda_gym env.init_num_transitions=100000 env.increment_num_transitions=100000 agent.algorithm=td_infonce +td_infonce_model_size=m batch_size=256 interaction.exploration_eps=0 interaction.validation_seed=1000 interaction.test_seed=2000000 interaction.num_eval_episodes=200 interaction.num_test_episodes=200 save_steps=20000 eval_steps=null keep_only_latest_checkpoint=true keep_only_best_and_final_checkpoints=true save_replay_buffer=true save_final_replay_buffer=true resume_if_possible=true
extended_v1_TD-InfoNCE-M_100k_20kckpt_val200_test200_pandapush_v3_online_s1003	online	PandaPush-v3	1003	100000	4.0m	env.kind=panda_gym env.init_num_transitions=100000 env.increment_num_transitions=100000 agent.algorithm=td_infonce +td_infonce_model_size=m batch_size=256 interaction.exploration_eps=0 interaction.validation_seed=1000 interaction.test_seed=2000000 interaction.num_eval_episodes=200 interaction.num_test_episodes=200 save_steps=20000 eval_steps=null keep_only_latest_checkpoint=true keep_only_best_and_final_checkpoints=true save_replay_buffer=true save_final_replay_buffer=true resume_if_possible=true
extended_v1_TD-InfoNCE-M_100k_20kckpt_val200_test200_pandapush_v3_online_s1004	online	PandaPush-v3	1004	100000	4.0m	env.kind=panda_gym env.init_num_transitions=100000 env.increment_num_transitions=100000 agent.algorithm=td_infonce +td_infonce_model_size=m batch_size=256 interaction.exploration_eps=0 interaction.validation_seed=1000 interaction.test_seed=2000000 interaction.num_eval_episodes=200 interaction.num_test_episodes=200 save_steps=20000 eval_steps=null keep_only_latest_checkpoint=true keep_only_best_and_final_checkpoints=true save_replay_buffer=true save_final_replay_buffer=true resume_if_possible=true
extended_v1_GCSL-M_100k_20kckpt_val200_test200_pandapush_v3_online_s1001	online	PandaPush-v3	1001	100000	4.1m	env.kind=panda_gym env.init_num_transitions=100000 env.increment_num_transitions=100000 agent.algorithm=gcsl +gcsl_model_size=m batch_size=256 interaction.exploration_eps=0 interaction.validation_seed=1000 interaction.test_seed=2000000 interaction.num_eval_episodes=200 interaction.num_test_episodes=200 save_steps=20000 eval_steps=null keep_only_latest_checkpoint=true keep_only_best_and_final_checkpoints=true save_replay_buffer=true save_final_replay_buffer=true resume_if_possible=true
extended_v1_GCSL-M_100k_20kckpt_val200_test200_pandapush_v3_online_s1002	online	PandaPush-v3	1002	100000	4.1m	env.kind=panda_gym env.init_num_transitions=100000 env.increment_num_transitions=100000 agent.algorithm=gcsl +gcsl_model_size=m batch_size=256 interaction.exploration_eps=0 interaction.validation_seed=1000 interaction.test_seed=2000000 interaction.num_eval_episodes=200 interaction.num_test_episodes=200 save_steps=20000 eval_steps=null keep_only_latest_checkpoint=true keep_only_best_and_final_checkpoints=true save_replay_buffer=true save_final_replay_buffer=true resume_if_possible=true
extended_v1_GCSL-M_100k_20kckpt_val200_test200_pandapush_v3_online_s1004	online	PandaPush-v3	1004	100000	4.1m	env.kind=panda_gym env.init_num_transitions=100000 env.increment_num_transitions=100000 agent.algorithm=gcsl +gcsl_model_size=m batch_size=256 interaction.exploration_eps=0 interaction.validation_seed=1000 interaction.test_seed=2000000 interaction.num_eval_episodes=200 interaction.num_test_episodes=200 save_steps=20000 eval_steps=null keep_only_latest_checkpoint=true keep_only_best_and_final_checkpoints=true save_replay_buffer=true save_final_replay_buffer=true resume_if_possible=true
extended_v1_C-Learning-M_100k_20kckpt_val200_test200_pandapush_v3_online_s1000	online	PandaPush-v3	1000	100000	4.3m	env.kind=panda_gym env.init_num_transitions=100000 env.increment_num_transitions=100000 agent.algorithm=c_learning +c_learning_model_size=m batch_size=256 interaction.exploration_eps=0 interaction.validation_seed=1000 interaction.test_seed=2000000 interaction.num_eval_episodes=200 interaction.num_test_episodes=200 save_steps=20000 eval_steps=null keep_only_latest_checkpoint=true keep_only_best_and_final_checkpoints=true save_replay_buffer=true save_final_replay_buffer=true resume_if_possible=true
extended_v1_C-Learning-M_100k_20kckpt_val200_test200_pandapush_v3_online_s1002	online	PandaPush-v3	1002	100000	4.3m	env.kind=panda_gym env.init_num_transitions=100000 env.increment_num_transitions=100000 agent.algorithm=c_learning +c_learning_model_size=m batch_size=256 interaction.exploration_eps=0 interaction.validation_seed=1000 interaction.test_seed=2000000 interaction.num_eval_episodes=200 interaction.num_test_episodes=200 save_steps=20000 eval_steps=null keep_only_latest_checkpoint=true keep_only_best_and_final_checkpoints=true save_replay_buffer=true save_final_replay_buffer=true resume_if_possible=true
extended_v1_C-Learning-M_100k_20kckpt_val200_test200_pandapush_v3_online_s1003	online	PandaPush-v3	1003	100000	4.3m	env.kind=panda_gym env.init_num_transitions=100000 env.increment_num_transitions=100000 agent.algorithm=c_learning +c_learning_model_size=m batch_size=256 interaction.exploration_eps=0 interaction.validation_seed=1000 interaction.test_seed=2000000 interaction.num_eval_episodes=200 interaction.num_test_episodes=200 save_steps=20000 eval_steps=null keep_only_latest_checkpoint=true keep_only_best_and_final_checkpoints=true save_replay_buffer=true save_final_replay_buffer=true resume_if_possible=true
extended_v1_CRL-M_100k_20kckpt_val200_test200_pandapush_v3_online_s1000	online	PandaPush-v3	1000	100000	4.2m	env.kind=panda_gym env.init_num_transitions=100000 env.increment_num_transitions=100000 agent.algorithm=crl +crl_model_size=m batch_size=256 interaction.exploration_eps=0 interaction.validation_seed=1000 interaction.test_seed=2000000 interaction.num_eval_episodes=200 interaction.num_test_episodes=200 save_steps=20000 eval_steps=null keep_only_latest_checkpoint=true keep_only_best_and_final_checkpoints=true save_replay_buffer=true save_final_replay_buffer=true resume_if_possible=true
extended_v1_CRL-M_100k_20kckpt_val200_test200_pandapush_v3_online_s1001	online	PandaPush-v3	1001	100000	4.2m	env.kind=panda_gym env.init_num_transitions=100000 env.increment_num_transitions=100000 agent.algorithm=crl +crl_model_size=m batch_size=256 interaction.exploration_eps=0 interaction.validation_seed=1000 interaction.test_seed=2000000 interaction.num_eval_episodes=200 interaction.num_test_episodes=200 save_steps=20000 eval_steps=null keep_only_latest_checkpoint=true keep_only_best_and_final_checkpoints=true save_replay_buffer=true save_final_replay_buffer=true resume_if_possible=true
extended_v1_CRL-M_100k_20kckpt_val200_test200_pandapush_v3_online_s1003	online	PandaPush-v3	1003	100000	4.2m	env.kind=panda_gym env.init_num_transitions=100000 env.increment_num_transitions=100000 agent.algorithm=crl +crl_model_size=m batch_size=256 interaction.exploration_eps=0 interaction.validation_seed=1000 interaction.test_seed=2000000 interaction.num_eval_episodes=200 interaction.num_test_episodes=200 save_steps=20000 eval_steps=null keep_only_latest_checkpoint=true keep_only_best_and_final_checkpoints=true save_replay_buffer=true save_final_replay_buffer=true resume_if_possible=true
extended_v1_CRL-M_100k_20kckpt_val200_test200_pandapush_v3_online_s1004	online	PandaPush-v3	1004	100000	4.2m	env.kind=panda_gym env.init_num_transitions=100000 env.increment_num_transitions=100000 agent.algorithm=crl +crl_model_size=m batch_size=256 interaction.exploration_eps=0 interaction.validation_seed=1000 interaction.test_seed=2000000 interaction.num_eval_episodes=200 interaction.num_test_episodes=200 save_steps=20000 eval_steps=null keep_only_latest_checkpoint=true keep_only_best_and_final_checkpoints=true save_replay_buffer=true save_final_replay_buffer=true resume_if_possible=true
extended_v1_CQRL-Inner1-M_100k_20kckpt_val200_test200_pandapush_v3_online_s1001	online	PandaPush-v3	1001	100000	4.4m	env.kind=panda_gym env.init_num_transitions=100000 env.increment_num_transitions=100000 +cqrl_model_size=m batch_size=256 agent.training_schedule=joint agent.actor.losses.min_dist.adaptive_entropy_regularizer=true agent.actor.losses.min_dist.entropy_mc_samples=100 agent.actor.losses.min_dist.add_goal_as_future_state=true agent.actor.losses.behavior_cloning.weight=0 agent.goal_set_distance.enabled=false interaction.exploration_eps=0 agent.quasimetric_critic.losses.separate_latent_dynamics=false agent.quasimetric_critic.losses.latent_dynamics.distance=iqe_mse agent.quasimetric_critic.losses.latent_dynamics.mse_weight=1.0 agent.quasimetric_critic.losses.latent_dynamics.iqe_weight=1.0 agent.quasimetric_critic.model.encoder.branch_normalization=none agent.actor.losses.min_dist.latent_goal_mode=max agent.actor.losses.min_dist.latent_goal_keep_best=true agent.actor.losses.min_dist.latent_goal_lr=0.01 agent.actor.losses.min_dist.latent_goal_search=direct agent.actor.losses.min_dist.latent_goal_optim=sgd agent.actor.losses.min_dist.latent_goal_steps=1 interaction.validation_seed=1000 interaction.test_seed=2000000 interaction.num_eval_episodes=200 interaction.num_test_episodes=200 save_steps=20000 eval_steps=null keep_only_latest_checkpoint=true keep_only_best_and_final_checkpoints=true save_replay_buffer=true save_final_replay_buffer=true resume_if_possible=true
extended_v1_CQRL-Inner1-M_100k_20kckpt_val200_test200_pandapush_v3_online_s1002	online	PandaPush-v3	1002	100000	4.4m	env.kind=panda_gym env.init_num_transitions=100000 env.increment_num_transitions=100000 +cqrl_model_size=m batch_size=256 agent.training_schedule=joint agent.actor.losses.min_dist.adaptive_entropy_regularizer=true agent.actor.losses.min_dist.entropy_mc_samples=100 agent.actor.losses.min_dist.add_goal_as_future_state=true agent.actor.losses.behavior_cloning.weight=0 agent.goal_set_distance.enabled=false interaction.exploration_eps=0 agent.quasimetric_critic.losses.separate_latent_dynamics=false agent.quasimetric_critic.losses.latent_dynamics.distance=iqe_mse agent.quasimetric_critic.losses.latent_dynamics.mse_weight=1.0 agent.quasimetric_critic.losses.latent_dynamics.iqe_weight=1.0 agent.quasimetric_critic.model.encoder.branch_normalization=none agent.actor.losses.min_dist.latent_goal_mode=max agent.actor.losses.min_dist.latent_goal_keep_best=true agent.actor.losses.min_dist.latent_goal_lr=0.01 agent.actor.losses.min_dist.latent_goal_search=direct agent.actor.losses.min_dist.latent_goal_optim=sgd agent.actor.losses.min_dist.latent_goal_steps=1 interaction.validation_seed=1000 interaction.test_seed=2000000 interaction.num_eval_episodes=200 interaction.num_test_episodes=200 save_steps=20000 eval_steps=null keep_only_latest_checkpoint=true keep_only_best_and_final_checkpoints=true save_replay_buffer=true save_final_replay_buffer=true resume_if_possible=true
extended_v1_CQRL-Inner1-M_100k_20kckpt_val200_test200_pandapush_v3_online_s1004	online	PandaPush-v3	1004	100000	4.4m	env.kind=panda_gym env.init_num_transitions=100000 env.increment_num_transitions=100000 +cqrl_model_size=m batch_size=256 agent.training_schedule=joint agent.actor.losses.min_dist.adaptive_entropy_regularizer=true agent.actor.losses.min_dist.entropy_mc_samples=100 agent.actor.losses.min_dist.add_goal_as_future_state=true agent.actor.losses.behavior_cloning.weight=0 agent.goal_set_distance.enabled=false interaction.exploration_eps=0 agent.quasimetric_critic.losses.separate_latent_dynamics=false agent.quasimetric_critic.losses.latent_dynamics.distance=iqe_mse agent.quasimetric_critic.losses.latent_dynamics.mse_weight=1.0 agent.quasimetric_critic.losses.latent_dynamics.iqe_weight=1.0 agent.quasimetric_critic.model.encoder.branch_normalization=none agent.actor.losses.min_dist.latent_goal_mode=max agent.actor.losses.min_dist.latent_goal_keep_best=true agent.actor.losses.min_dist.latent_goal_lr=0.01 agent.actor.losses.min_dist.latent_goal_search=direct agent.actor.losses.min_dist.latent_goal_optim=sgd agent.actor.losses.min_dist.latent_goal_steps=1 interaction.validation_seed=1000 interaction.test_seed=2000000 interaction.num_eval_episodes=200 interaction.num_test_episodes=200 save_steps=20000 eval_steps=null keep_only_latest_checkpoint=true keep_only_best_and_final_checkpoints=true save_replay_buffer=true save_final_replay_buffer=true resume_if_possible=true
extended_v1_QRL-M_100k_20kckpt_val200_test200_pandaslide_v3_online_s1001	online	PandaSlide-v3	1001	100000	4.2m	env.kind=panda_gym env.init_num_transitions=100000 env.increment_num_transitions=100000 +qrl_model_size=m batch_size=256 agent.training_schedule=joint agent.actor.losses.min_dist.adaptive_entropy_regularizer=true agent.actor.losses.min_dist.entropy_mc_samples=100 agent.actor.losses.min_dist.add_goal_as_future_state=true agent.actor.losses.behavior_cloning.weight=0 agent.goal_set_distance.enabled=false interaction.exploration_eps=0 interaction.validation_seed=1000 interaction.test_seed=2000000 interaction.num_eval_episodes=200 interaction.num_test_episodes=200 save_steps=20000 eval_steps=null keep_only_latest_checkpoint=true keep_only_best_and_final_checkpoints=true save_replay_buffer=true save_final_replay_buffer=true resume_if_possible=true
extended_v1_QRL-M_100k_20kckpt_val200_test200_pandaslide_v3_online_s1002	online	PandaSlide-v3	1002	100000	4.2m	env.kind=panda_gym env.init_num_transitions=100000 env.increment_num_transitions=100000 +qrl_model_size=m batch_size=256 agent.training_schedule=joint agent.actor.losses.min_dist.adaptive_entropy_regularizer=true agent.actor.losses.min_dist.entropy_mc_samples=100 agent.actor.losses.min_dist.add_goal_as_future_state=true agent.actor.losses.behavior_cloning.weight=0 agent.goal_set_distance.enabled=false interaction.exploration_eps=0 interaction.validation_seed=1000 interaction.test_seed=2000000 interaction.num_eval_episodes=200 interaction.num_test_episodes=200 save_steps=20000 eval_steps=null keep_only_latest_checkpoint=true keep_only_best_and_final_checkpoints=true save_replay_buffer=true save_final_replay_buffer=true resume_if_possible=true
extended_v1_QRL-M_100k_20kckpt_val200_test200_pandaslide_v3_online_s1004	online	PandaSlide-v3	1004	100000	4.2m	env.kind=panda_gym env.init_num_transitions=100000 env.increment_num_transitions=100000 +qrl_model_size=m batch_size=256 agent.training_schedule=joint agent.actor.losses.min_dist.adaptive_entropy_regularizer=true agent.actor.losses.min_dist.entropy_mc_samples=100 agent.actor.losses.min_dist.add_goal_as_future_state=true agent.actor.losses.behavior_cloning.weight=0 agent.goal_set_distance.enabled=false interaction.exploration_eps=0 interaction.validation_seed=1000 interaction.test_seed=2000000 interaction.num_eval_episodes=200 interaction.num_test_episodes=200 save_steps=20000 eval_steps=null keep_only_latest_checkpoint=true keep_only_best_and_final_checkpoints=true save_replay_buffer=true save_final_replay_buffer=true resume_if_possible=true
extended_v1_TD-InfoNCE-M_100k_20kckpt_val200_test200_pandaslide_v3_online_s1000	online	PandaSlide-v3	1000	100000	4.0m	env.kind=panda_gym env.init_num_transitions=100000 env.increment_num_transitions=100000 agent.algorithm=td_infonce +td_infonce_model_size=m batch_size=256 interaction.exploration_eps=0 interaction.validation_seed=1000 interaction.test_seed=2000000 interaction.num_eval_episodes=200 interaction.num_test_episodes=200 save_steps=20000 eval_steps=null keep_only_latest_checkpoint=true keep_only_best_and_final_checkpoints=true save_replay_buffer=true save_final_replay_buffer=true resume_if_possible=true
extended_v1_TD-InfoNCE-M_100k_20kckpt_val200_test200_pandaslide_v3_online_s1002	online	PandaSlide-v3	1002	100000	4.0m	env.kind=panda_gym env.init_num_transitions=100000 env.increment_num_transitions=100000 agent.algorithm=td_infonce +td_infonce_model_size=m batch_size=256 interaction.exploration_eps=0 interaction.validation_seed=1000 interaction.test_seed=2000000 interaction.num_eval_episodes=200 interaction.num_test_episodes=200 save_steps=20000 eval_steps=null keep_only_latest_checkpoint=true keep_only_best_and_final_checkpoints=true save_replay_buffer=true save_final_replay_buffer=true resume_if_possible=true
extended_v1_TD-InfoNCE-M_100k_20kckpt_val200_test200_pandaslide_v3_online_s1003	online	PandaSlide-v3	1003	100000	4.0m	env.kind=panda_gym env.init_num_transitions=100000 env.increment_num_transitions=100000 agent.algorithm=td_infonce +td_infonce_model_size=m batch_size=256 interaction.exploration_eps=0 interaction.validation_seed=1000 interaction.test_seed=2000000 interaction.num_eval_episodes=200 interaction.num_test_episodes=200 save_steps=20000 eval_steps=null keep_only_latest_checkpoint=true keep_only_best_and_final_checkpoints=true save_replay_buffer=true save_final_replay_buffer=true resume_if_possible=true
extended_v1_GCSL-M_100k_20kckpt_val200_test200_pandaslide_v3_online_s1000	online	PandaSlide-v3	1000	100000	4.1m	env.kind=panda_gym env.init_num_transitions=100000 env.increment_num_transitions=100000 agent.algorithm=gcsl +gcsl_model_size=m batch_size=256 interaction.exploration_eps=0 interaction.validation_seed=1000 interaction.test_seed=2000000 interaction.num_eval_episodes=200 interaction.num_test_episodes=200 save_steps=20000 eval_steps=null keep_only_latest_checkpoint=true keep_only_best_and_final_checkpoints=true save_replay_buffer=true save_final_replay_buffer=true resume_if_possible=true
extended_v1_GCSL-M_100k_20kckpt_val200_test200_pandaslide_v3_online_s1001	online	PandaSlide-v3	1001	100000	4.1m	env.kind=panda_gym env.init_num_transitions=100000 env.increment_num_transitions=100000 agent.algorithm=gcsl +gcsl_model_size=m batch_size=256 interaction.exploration_eps=0 interaction.validation_seed=1000 interaction.test_seed=2000000 interaction.num_eval_episodes=200 interaction.num_test_episodes=200 save_steps=20000 eval_steps=null keep_only_latest_checkpoint=true keep_only_best_and_final_checkpoints=true save_replay_buffer=true save_final_replay_buffer=true resume_if_possible=true
extended_v1_GCSL-M_100k_20kckpt_val200_test200_pandaslide_v3_online_s1003	online	PandaSlide-v3	1003	100000	4.1m	env.kind=panda_gym env.init_num_transitions=100000 env.increment_num_transitions=100000 agent.algorithm=gcsl +gcsl_model_size=m batch_size=256 interaction.exploration_eps=0 interaction.validation_seed=1000 interaction.test_seed=2000000 interaction.num_eval_episodes=200 interaction.num_test_episodes=200 save_steps=20000 eval_steps=null keep_only_latest_checkpoint=true keep_only_best_and_final_checkpoints=true save_replay_buffer=true save_final_replay_buffer=true resume_if_possible=true
extended_v1_GCSL-M_100k_20kckpt_val200_test200_pandaslide_v3_online_s1004	online	PandaSlide-v3	1004	100000	4.1m	env.kind=panda_gym env.init_num_transitions=100000 env.increment_num_transitions=100000 agent.algorithm=gcsl +gcsl_model_size=m batch_size=256 interaction.exploration_eps=0 interaction.validation_seed=1000 interaction.test_seed=2000000 interaction.num_eval_episodes=200 interaction.num_test_episodes=200 save_steps=20000 eval_steps=null keep_only_latest_checkpoint=true keep_only_best_and_final_checkpoints=true save_replay_buffer=true save_final_replay_buffer=true resume_if_possible=true
extended_v1_C-Learning-M_100k_20kckpt_val200_test200_pandaslide_v3_online_s1001	online	PandaSlide-v3	1001	100000	4.3m	env.kind=panda_gym env.init_num_transitions=100000 env.increment_num_transitions=100000 agent.algorithm=c_learning +c_learning_model_size=m batch_size=256 interaction.exploration_eps=0 interaction.validation_seed=1000 interaction.test_seed=2000000 interaction.num_eval_episodes=200 interaction.num_test_episodes=200 save_steps=20000 eval_steps=null keep_only_latest_checkpoint=true keep_only_best_and_final_checkpoints=true save_replay_buffer=true save_final_replay_buffer=true resume_if_possible=true
extended_v1_C-Learning-M_100k_20kckpt_val200_test200_pandaslide_v3_online_s1002	online	PandaSlide-v3	1002	100000	4.3m	env.kind=panda_gym env.init_num_transitions=100000 env.increment_num_transitions=100000 agent.algorithm=c_learning +c_learning_model_size=m batch_size=256 interaction.exploration_eps=0 interaction.validation_seed=1000 interaction.test_seed=2000000 interaction.num_eval_episodes=200 interaction.num_test_episodes=200 save_steps=20000 eval_steps=null keep_only_latest_checkpoint=true keep_only_best_and_final_checkpoints=true save_replay_buffer=true save_final_replay_buffer=true resume_if_possible=true
extended_v1_C-Learning-M_100k_20kckpt_val200_test200_pandaslide_v3_online_s1004	online	PandaSlide-v3	1004	100000	4.3m	env.kind=panda_gym env.init_num_transitions=100000 env.increment_num_transitions=100000 agent.algorithm=c_learning +c_learning_model_size=m batch_size=256 interaction.exploration_eps=0 interaction.validation_seed=1000 interaction.test_seed=2000000 interaction.num_eval_episodes=200 interaction.num_test_episodes=200 save_steps=20000 eval_steps=null keep_only_latest_checkpoint=true keep_only_best_and_final_checkpoints=true save_replay_buffer=true save_final_replay_buffer=true resume_if_possible=true
extended_v1_CRL-M_100k_20kckpt_val200_test200_pandaslide_v3_online_s1000	online	PandaSlide-v3	1000	100000	4.2m	env.kind=panda_gym env.init_num_transitions=100000 env.increment_num_transitions=100000 agent.algorithm=crl +crl_model_size=m batch_size=256 interaction.exploration_eps=0 interaction.validation_seed=1000 interaction.test_seed=2000000 interaction.num_eval_episodes=200 interaction.num_test_episodes=200 save_steps=20000 eval_steps=null keep_only_latest_checkpoint=true keep_only_best_and_final_checkpoints=true save_replay_buffer=true save_final_replay_buffer=true resume_if_possible=true
extended_v1_CRL-M_100k_20kckpt_val200_test200_pandaslide_v3_online_s1002	online	PandaSlide-v3	1002	100000	4.2m	env.kind=panda_gym env.init_num_transitions=100000 env.increment_num_transitions=100000 agent.algorithm=crl +crl_model_size=m batch_size=256 interaction.exploration_eps=0 interaction.validation_seed=1000 interaction.test_seed=2000000 interaction.num_eval_episodes=200 interaction.num_test_episodes=200 save_steps=20000 eval_steps=null keep_only_latest_checkpoint=true keep_only_best_and_final_checkpoints=true save_replay_buffer=true save_final_replay_buffer=true resume_if_possible=true
extended_v1_CRL-M_100k_20kckpt_val200_test200_pandaslide_v3_online_s1003	online	PandaSlide-v3	1003	100000	4.2m	env.kind=panda_gym env.init_num_transitions=100000 env.increment_num_transitions=100000 agent.algorithm=crl +crl_model_size=m batch_size=256 interaction.exploration_eps=0 interaction.validation_seed=1000 interaction.test_seed=2000000 interaction.num_eval_episodes=200 interaction.num_test_episodes=200 save_steps=20000 eval_steps=null keep_only_latest_checkpoint=true keep_only_best_and_final_checkpoints=true save_replay_buffer=true save_final_replay_buffer=true resume_if_possible=true
extended_v1_CQRL-Inner1-M_100k_20kckpt_val200_test200_pandaslide_v3_online_s1000	online	PandaSlide-v3	1000	100000	4.4m	env.kind=panda_gym env.init_num_transitions=100000 env.increment_num_transitions=100000 +cqrl_model_size=m batch_size=256 agent.training_schedule=joint agent.actor.losses.min_dist.adaptive_entropy_regularizer=true agent.actor.losses.min_dist.entropy_mc_samples=100 agent.actor.losses.min_dist.add_goal_as_future_state=true agent.actor.losses.behavior_cloning.weight=0 agent.goal_set_distance.enabled=false interaction.exploration_eps=0 agent.quasimetric_critic.losses.separate_latent_dynamics=false agent.quasimetric_critic.losses.latent_dynamics.distance=iqe_mse agent.quasimetric_critic.losses.latent_dynamics.mse_weight=1.0 agent.quasimetric_critic.losses.latent_dynamics.iqe_weight=1.0 agent.quasimetric_critic.model.encoder.branch_normalization=none agent.actor.losses.min_dist.latent_goal_mode=max agent.actor.losses.min_dist.latent_goal_keep_best=true agent.actor.losses.min_dist.latent_goal_lr=0.01 agent.actor.losses.min_dist.latent_goal_search=direct agent.actor.losses.min_dist.latent_goal_optim=sgd agent.actor.losses.min_dist.latent_goal_steps=1 interaction.validation_seed=1000 interaction.test_seed=2000000 interaction.num_eval_episodes=200 interaction.num_test_episodes=200 save_steps=20000 eval_steps=null keep_only_latest_checkpoint=true keep_only_best_and_final_checkpoints=true save_replay_buffer=true save_final_replay_buffer=true resume_if_possible=true
extended_v1_CQRL-Inner1-M_100k_20kckpt_val200_test200_pandaslide_v3_online_s1001	online	PandaSlide-v3	1001	100000	4.4m	env.kind=panda_gym env.init_num_transitions=100000 env.increment_num_transitions=100000 +cqrl_model_size=m batch_size=256 agent.training_schedule=joint agent.actor.losses.min_dist.adaptive_entropy_regularizer=true agent.actor.losses.min_dist.entropy_mc_samples=100 agent.actor.losses.min_dist.add_goal_as_future_state=true agent.actor.losses.behavior_cloning.weight=0 agent.goal_set_distance.enabled=false interaction.exploration_eps=0 agent.quasimetric_critic.losses.separate_latent_dynamics=false agent.quasimetric_critic.losses.latent_dynamics.distance=iqe_mse agent.quasimetric_critic.losses.latent_dynamics.mse_weight=1.0 agent.quasimetric_critic.losses.latent_dynamics.iqe_weight=1.0 agent.quasimetric_critic.model.encoder.branch_normalization=none agent.actor.losses.min_dist.latent_goal_mode=max agent.actor.losses.min_dist.latent_goal_keep_best=true agent.actor.losses.min_dist.latent_goal_lr=0.01 agent.actor.losses.min_dist.latent_goal_search=direct agent.actor.losses.min_dist.latent_goal_optim=sgd agent.actor.losses.min_dist.latent_goal_steps=1 interaction.validation_seed=1000 interaction.test_seed=2000000 interaction.num_eval_episodes=200 interaction.num_test_episodes=200 save_steps=20000 eval_steps=null keep_only_latest_checkpoint=true keep_only_best_and_final_checkpoints=true save_replay_buffer=true save_final_replay_buffer=true resume_if_possible=true
extended_v1_CQRL-Inner1-M_100k_20kckpt_val200_test200_pandaslide_v3_online_s1003	online	PandaSlide-v3	1003	100000	4.4m	env.kind=panda_gym env.init_num_transitions=100000 env.increment_num_transitions=100000 +cqrl_model_size=m batch_size=256 agent.training_schedule=joint agent.actor.losses.min_dist.adaptive_entropy_regularizer=true agent.actor.losses.min_dist.entropy_mc_samples=100 agent.actor.losses.min_dist.add_goal_as_future_state=true agent.actor.losses.behavior_cloning.weight=0 agent.goal_set_distance.enabled=false interaction.exploration_eps=0 agent.quasimetric_critic.losses.separate_latent_dynamics=false agent.quasimetric_critic.losses.latent_dynamics.distance=iqe_mse agent.quasimetric_critic.losses.latent_dynamics.mse_weight=1.0 agent.quasimetric_critic.losses.latent_dynamics.iqe_weight=1.0 agent.quasimetric_critic.model.encoder.branch_normalization=none agent.actor.losses.min_dist.latent_goal_mode=max agent.actor.losses.min_dist.latent_goal_keep_best=true agent.actor.losses.min_dist.latent_goal_lr=0.01 agent.actor.losses.min_dist.latent_goal_search=direct agent.actor.losses.min_dist.latent_goal_optim=sgd agent.actor.losses.min_dist.latent_goal_steps=1 interaction.validation_seed=1000 interaction.test_seed=2000000 interaction.num_eval_episodes=200 interaction.num_test_episodes=200 save_steps=20000 eval_steps=null keep_only_latest_checkpoint=true keep_only_best_and_final_checkpoints=true save_replay_buffer=true save_final_replay_buffer=true resume_if_possible=true
extended_v1_CQRL-Inner1-M_100k_20kckpt_val200_test200_pandaslide_v3_online_s1004	online	PandaSlide-v3	1004	100000	4.4m	env.kind=panda_gym env.init_num_transitions=100000 env.increment_num_transitions=100000 +cqrl_model_size=m batch_size=256 agent.training_schedule=joint agent.actor.losses.min_dist.adaptive_entropy_regularizer=true agent.actor.losses.min_dist.entropy_mc_samples=100 agent.actor.losses.min_dist.add_goal_as_future_state=true agent.actor.losses.behavior_cloning.weight=0 agent.goal_set_distance.enabled=false interaction.exploration_eps=0 agent.quasimetric_critic.losses.separate_latent_dynamics=false agent.quasimetric_critic.losses.latent_dynamics.distance=iqe_mse agent.quasimetric_critic.losses.latent_dynamics.mse_weight=1.0 agent.quasimetric_critic.losses.latent_dynamics.iqe_weight=1.0 agent.quasimetric_critic.model.encoder.branch_normalization=none agent.actor.losses.min_dist.latent_goal_mode=max agent.actor.losses.min_dist.latent_goal_keep_best=true agent.actor.losses.min_dist.latent_goal_lr=0.01 agent.actor.losses.min_dist.latent_goal_search=direct agent.actor.losses.min_dist.latent_goal_optim=sgd agent.actor.losses.min_dist.latent_goal_steps=1 interaction.validation_seed=1000 interaction.test_seed=2000000 interaction.num_eval_episodes=200 interaction.num_test_episodes=200 save_steps=20000 eval_steps=null keep_only_latest_checkpoint=true keep_only_best_and_final_checkpoints=true save_replay_buffer=true save_final_replay_buffer=true resume_if_possible=true
extended_v1_QRL-M_100k_20kckpt_val200_test200_pandapickandplace_v3_online_s1000	online	PandaPickAndPlace-v3	1000	100000	4.2m	env.kind=panda_gym env.init_num_transitions=100000 env.increment_num_transitions=100000 +qrl_model_size=m batch_size=256 agent.training_schedule=joint agent.actor.losses.min_dist.adaptive_entropy_regularizer=true agent.actor.losses.min_dist.entropy_mc_samples=100 agent.actor.losses.min_dist.add_goal_as_future_state=true agent.actor.losses.behavior_cloning.weight=0 agent.goal_set_distance.enabled=false interaction.exploration_eps=0 interaction.validation_seed=1000 interaction.test_seed=2000000 interaction.num_eval_episodes=200 interaction.num_test_episodes=200 save_steps=20000 eval_steps=null keep_only_latest_checkpoint=true keep_only_best_and_final_checkpoints=true save_replay_buffer=true save_final_replay_buffer=true resume_if_possible=true
extended_v1_QRL-M_100k_20kckpt_val200_test200_pandapickandplace_v3_online_s1001	online	PandaPickAndPlace-v3	1001	100000	4.2m	env.kind=panda_gym env.init_num_transitions=100000 env.increment_num_transitions=100000 +qrl_model_size=m batch_size=256 agent.training_schedule=joint agent.actor.losses.min_dist.adaptive_entropy_regularizer=true agent.actor.losses.min_dist.entropy_mc_samples=100 agent.actor.losses.min_dist.add_goal_as_future_state=true agent.actor.losses.behavior_cloning.weight=0 agent.goal_set_distance.enabled=false interaction.exploration_eps=0 interaction.validation_seed=1000 interaction.test_seed=2000000 interaction.num_eval_episodes=200 interaction.num_test_episodes=200 save_steps=20000 eval_steps=null keep_only_latest_checkpoint=true keep_only_best_and_final_checkpoints=true save_replay_buffer=true save_final_replay_buffer=true resume_if_possible=true
extended_v1_QRL-M_100k_20kckpt_val200_test200_pandapickandplace_v3_online_s1003	online	PandaPickAndPlace-v3	1003	100000	4.2m	env.kind=panda_gym env.init_num_transitions=100000 env.increment_num_transitions=100000 +qrl_model_size=m batch_size=256 agent.training_schedule=joint agent.actor.losses.min_dist.adaptive_entropy_regularizer=true agent.actor.losses.min_dist.entropy_mc_samples=100 agent.actor.losses.min_dist.add_goal_as_future_state=true agent.actor.losses.behavior_cloning.weight=0 agent.goal_set_distance.enabled=false interaction.exploration_eps=0 interaction.validation_seed=1000 interaction.test_seed=2000000 interaction.num_eval_episodes=200 interaction.num_test_episodes=200 save_steps=20000 eval_steps=null keep_only_latest_checkpoint=true keep_only_best_and_final_checkpoints=true save_replay_buffer=true save_final_replay_buffer=true resume_if_possible=true
extended_v1_QRL-M_100k_20kckpt_val200_test200_pandapickandplace_v3_online_s1004	online	PandaPickAndPlace-v3	1004	100000	4.2m	env.kind=panda_gym env.init_num_transitions=100000 env.increment_num_transitions=100000 +qrl_model_size=m batch_size=256 agent.training_schedule=joint agent.actor.losses.min_dist.adaptive_entropy_regularizer=true agent.actor.losses.min_dist.entropy_mc_samples=100 agent.actor.losses.min_dist.add_goal_as_future_state=true agent.actor.losses.behavior_cloning.weight=0 agent.goal_set_distance.enabled=false interaction.exploration_eps=0 interaction.validation_seed=1000 interaction.test_seed=2000000 interaction.num_eval_episodes=200 interaction.num_test_episodes=200 save_steps=20000 eval_steps=null keep_only_latest_checkpoint=true keep_only_best_and_final_checkpoints=true save_replay_buffer=true save_final_replay_buffer=true resume_if_possible=true
extended_v1_TD-InfoNCE-M_100k_20kckpt_val200_test200_pandapickandplace_v3_online_s1001	online	PandaPickAndPlace-v3	1001	100000	4.0m	env.kind=panda_gym env.init_num_transitions=100000 env.increment_num_transitions=100000 agent.algorithm=td_infonce +td_infonce_model_size=m batch_size=256 interaction.exploration_eps=0 interaction.validation_seed=1000 interaction.test_seed=2000000 interaction.num_eval_episodes=200 interaction.num_test_episodes=200 save_steps=20000 eval_steps=null keep_only_latest_checkpoint=true keep_only_best_and_final_checkpoints=true save_replay_buffer=true save_final_replay_buffer=true resume_if_possible=true
extended_v1_TD-InfoNCE-M_100k_20kckpt_val200_test200_pandapickandplace_v3_online_s1002	online	PandaPickAndPlace-v3	1002	100000	4.0m	env.kind=panda_gym env.init_num_transitions=100000 env.increment_num_transitions=100000 agent.algorithm=td_infonce +td_infonce_model_size=m batch_size=256 interaction.exploration_eps=0 interaction.validation_seed=1000 interaction.test_seed=2000000 interaction.num_eval_episodes=200 interaction.num_test_episodes=200 save_steps=20000 eval_steps=null keep_only_latest_checkpoint=true keep_only_best_and_final_checkpoints=true save_replay_buffer=true save_final_replay_buffer=true resume_if_possible=true
extended_v1_TD-InfoNCE-M_100k_20kckpt_val200_test200_pandapickandplace_v3_online_s1004	online	PandaPickAndPlace-v3	1004	100000	4.0m	env.kind=panda_gym env.init_num_transitions=100000 env.increment_num_transitions=100000 agent.algorithm=td_infonce +td_infonce_model_size=m batch_size=256 interaction.exploration_eps=0 interaction.validation_seed=1000 interaction.test_seed=2000000 interaction.num_eval_episodes=200 interaction.num_test_episodes=200 save_steps=20000 eval_steps=null keep_only_latest_checkpoint=true keep_only_best_and_final_checkpoints=true save_replay_buffer=true save_final_replay_buffer=true resume_if_possible=true
extended_v1_GCSL-M_100k_20kckpt_val200_test200_pandapickandplace_v3_online_s1000	online	PandaPickAndPlace-v3	1000	100000	4.2m	env.kind=panda_gym env.init_num_transitions=100000 env.increment_num_transitions=100000 agent.algorithm=gcsl +gcsl_model_size=m batch_size=256 interaction.exploration_eps=0 interaction.validation_seed=1000 interaction.test_seed=2000000 interaction.num_eval_episodes=200 interaction.num_test_episodes=200 save_steps=20000 eval_steps=null keep_only_latest_checkpoint=true keep_only_best_and_final_checkpoints=true save_replay_buffer=true save_final_replay_buffer=true resume_if_possible=true
extended_v1_GCSL-M_100k_20kckpt_val200_test200_pandapickandplace_v3_online_s1002	online	PandaPickAndPlace-v3	1002	100000	4.2m	env.kind=panda_gym env.init_num_transitions=100000 env.increment_num_transitions=100000 agent.algorithm=gcsl +gcsl_model_size=m batch_size=256 interaction.exploration_eps=0 interaction.validation_seed=1000 interaction.test_seed=2000000 interaction.num_eval_episodes=200 interaction.num_test_episodes=200 save_steps=20000 eval_steps=null keep_only_latest_checkpoint=true keep_only_best_and_final_checkpoints=true save_replay_buffer=true save_final_replay_buffer=true resume_if_possible=true
extended_v1_GCSL-M_100k_20kckpt_val200_test200_pandapickandplace_v3_online_s1003	online	PandaPickAndPlace-v3	1003	100000	4.2m	env.kind=panda_gym env.init_num_transitions=100000 env.increment_num_transitions=100000 agent.algorithm=gcsl +gcsl_model_size=m batch_size=256 interaction.exploration_eps=0 interaction.validation_seed=1000 interaction.test_seed=2000000 interaction.num_eval_episodes=200 interaction.num_test_episodes=200 save_steps=20000 eval_steps=null keep_only_latest_checkpoint=true keep_only_best_and_final_checkpoints=true save_replay_buffer=true save_final_replay_buffer=true resume_if_possible=true
extended_v1_C-Learning-M_100k_20kckpt_val200_test200_pandapickandplace_v3_online_s1000	online	PandaPickAndPlace-v3	1000	100000	4.3m	env.kind=panda_gym env.init_num_transitions=100000 env.increment_num_transitions=100000 agent.algorithm=c_learning +c_learning_model_size=m batch_size=256 interaction.exploration_eps=0 interaction.validation_seed=1000 interaction.test_seed=2000000 interaction.num_eval_episodes=200 interaction.num_test_episodes=200 save_steps=20000 eval_steps=null keep_only_latest_checkpoint=true keep_only_best_and_final_checkpoints=true save_replay_buffer=true save_final_replay_buffer=true resume_if_possible=true
extended_v1_C-Learning-M_100k_20kckpt_val200_test200_pandapickandplace_v3_online_s1001	online	PandaPickAndPlace-v3	1001	100000	4.3m	env.kind=panda_gym env.init_num_transitions=100000 env.increment_num_transitions=100000 agent.algorithm=c_learning +c_learning_model_size=m batch_size=256 interaction.exploration_eps=0 interaction.validation_seed=1000 interaction.test_seed=2000000 interaction.num_eval_episodes=200 interaction.num_test_episodes=200 save_steps=20000 eval_steps=null keep_only_latest_checkpoint=true keep_only_best_and_final_checkpoints=true save_replay_buffer=true save_final_replay_buffer=true resume_if_possible=true
extended_v1_C-Learning-M_100k_20kckpt_val200_test200_pandapickandplace_v3_online_s1003	online	PandaPickAndPlace-v3	1003	100000	4.3m	env.kind=panda_gym env.init_num_transitions=100000 env.increment_num_transitions=100000 agent.algorithm=c_learning +c_learning_model_size=m batch_size=256 interaction.exploration_eps=0 interaction.validation_seed=1000 interaction.test_seed=2000000 interaction.num_eval_episodes=200 interaction.num_test_episodes=200 save_steps=20000 eval_steps=null keep_only_latest_checkpoint=true keep_only_best_and_final_checkpoints=true save_replay_buffer=true save_final_replay_buffer=true resume_if_possible=true
extended_v1_C-Learning-M_100k_20kckpt_val200_test200_pandapickandplace_v3_online_s1004	online	PandaPickAndPlace-v3	1004	100000	4.3m	env.kind=panda_gym env.init_num_transitions=100000 env.increment_num_transitions=100000 agent.algorithm=c_learning +c_learning_model_size=m batch_size=256 interaction.exploration_eps=0 interaction.validation_seed=1000 interaction.test_seed=2000000 interaction.num_eval_episodes=200 interaction.num_test_episodes=200 save_steps=20000 eval_steps=null keep_only_latest_checkpoint=true keep_only_best_and_final_checkpoints=true save_replay_buffer=true save_final_replay_buffer=true resume_if_possible=true
extended_v1_CRL-M_100k_20kckpt_val200_test200_pandapickandplace_v3_online_s1001	online	PandaPickAndPlace-v3	1001	100000	4.2m	env.kind=panda_gym env.init_num_transitions=100000 env.increment_num_transitions=100000 agent.algorithm=crl +crl_model_size=m batch_size=256 interaction.exploration_eps=0 interaction.validation_seed=1000 interaction.test_seed=2000000 interaction.num_eval_episodes=200 interaction.num_test_episodes=200 save_steps=20000 eval_steps=null keep_only_latest_checkpoint=true keep_only_best_and_final_checkpoints=true save_replay_buffer=true save_final_replay_buffer=true resume_if_possible=true
extended_v1_CRL-M_100k_20kckpt_val200_test200_pandapickandplace_v3_online_s1002	online	PandaPickAndPlace-v3	1002	100000	4.2m	env.kind=panda_gym env.init_num_transitions=100000 env.increment_num_transitions=100000 agent.algorithm=crl +crl_model_size=m batch_size=256 interaction.exploration_eps=0 interaction.validation_seed=1000 interaction.test_seed=2000000 interaction.num_eval_episodes=200 interaction.num_test_episodes=200 save_steps=20000 eval_steps=null keep_only_latest_checkpoint=true keep_only_best_and_final_checkpoints=true save_replay_buffer=true save_final_replay_buffer=true resume_if_possible=true
extended_v1_CRL-M_100k_20kckpt_val200_test200_pandapickandplace_v3_online_s1004	online	PandaPickAndPlace-v3	1004	100000	4.2m	env.kind=panda_gym env.init_num_transitions=100000 env.increment_num_transitions=100000 agent.algorithm=crl +crl_model_size=m batch_size=256 interaction.exploration_eps=0 interaction.validation_seed=1000 interaction.test_seed=2000000 interaction.num_eval_episodes=200 interaction.num_test_episodes=200 save_steps=20000 eval_steps=null keep_only_latest_checkpoint=true keep_only_best_and_final_checkpoints=true save_replay_buffer=true save_final_replay_buffer=true resume_if_possible=true
extended_v1_CQRL-Inner1-M_100k_20kckpt_val200_test200_pandapickandplace_v3_online_s1000	online	PandaPickAndPlace-v3	1000	100000	4.4m	env.kind=panda_gym env.init_num_transitions=100000 env.increment_num_transitions=100000 +cqrl_model_size=m batch_size=256 agent.training_schedule=joint agent.actor.losses.min_dist.adaptive_entropy_regularizer=true agent.actor.losses.min_dist.entropy_mc_samples=100 agent.actor.losses.min_dist.add_goal_as_future_state=true agent.actor.losses.behavior_cloning.weight=0 agent.goal_set_distance.enabled=false interaction.exploration_eps=0 agent.quasimetric_critic.losses.separate_latent_dynamics=false agent.quasimetric_critic.losses.latent_dynamics.distance=iqe_mse agent.quasimetric_critic.losses.latent_dynamics.mse_weight=1.0 agent.quasimetric_critic.losses.latent_dynamics.iqe_weight=1.0 agent.quasimetric_critic.model.encoder.branch_normalization=none agent.actor.losses.min_dist.latent_goal_mode=max agent.actor.losses.min_dist.latent_goal_keep_best=true agent.actor.losses.min_dist.latent_goal_lr=0.01 agent.actor.losses.min_dist.latent_goal_search=direct agent.actor.losses.min_dist.latent_goal_optim=sgd agent.actor.losses.min_dist.latent_goal_steps=1 interaction.validation_seed=1000 interaction.test_seed=2000000 interaction.num_eval_episodes=200 interaction.num_test_episodes=200 save_steps=20000 eval_steps=null keep_only_latest_checkpoint=true keep_only_best_and_final_checkpoints=true save_replay_buffer=true save_final_replay_buffer=true resume_if_possible=true
extended_v1_CQRL-Inner1-M_100k_20kckpt_val200_test200_pandapickandplace_v3_online_s1002	online	PandaPickAndPlace-v3	1002	100000	4.4m	env.kind=panda_gym env.init_num_transitions=100000 env.increment_num_transitions=100000 +cqrl_model_size=m batch_size=256 agent.training_schedule=joint agent.actor.losses.min_dist.adaptive_entropy_regularizer=true agent.actor.losses.min_dist.entropy_mc_samples=100 agent.actor.losses.min_dist.add_goal_as_future_state=true agent.actor.losses.behavior_cloning.weight=0 agent.goal_set_distance.enabled=false interaction.exploration_eps=0 agent.quasimetric_critic.losses.separate_latent_dynamics=false agent.quasimetric_critic.losses.latent_dynamics.distance=iqe_mse agent.quasimetric_critic.losses.latent_dynamics.mse_weight=1.0 agent.quasimetric_critic.losses.latent_dynamics.iqe_weight=1.0 agent.quasimetric_critic.model.encoder.branch_normalization=none agent.actor.losses.min_dist.latent_goal_mode=max agent.actor.losses.min_dist.latent_goal_keep_best=true agent.actor.losses.min_dist.latent_goal_lr=0.01 agent.actor.losses.min_dist.latent_goal_search=direct agent.actor.losses.min_dist.latent_goal_optim=sgd agent.actor.losses.min_dist.latent_goal_steps=1 interaction.validation_seed=1000 interaction.test_seed=2000000 interaction.num_eval_episodes=200 interaction.num_test_episodes=200 save_steps=20000 eval_steps=null keep_only_latest_checkpoint=true keep_only_best_and_final_checkpoints=true save_replay_buffer=true save_final_replay_buffer=true resume_if_possible=true
extended_v1_CQRL-Inner1-M_100k_20kckpt_val200_test200_pandapickandplace_v3_online_s1003	online	PandaPickAndPlace-v3	1003	100000	4.4m	env.kind=panda_gym env.init_num_transitions=100000 env.increment_num_transitions=100000 +cqrl_model_size=m batch_size=256 agent.training_schedule=joint agent.actor.losses.min_dist.adaptive_entropy_regularizer=true agent.actor.losses.min_dist.entropy_mc_samples=100 agent.actor.losses.min_dist.add_goal_as_future_state=true agent.actor.losses.behavior_cloning.weight=0 agent.goal_set_distance.enabled=false interaction.exploration_eps=0 agent.quasimetric_critic.losses.separate_latent_dynamics=false agent.quasimetric_critic.losses.latent_dynamics.distance=iqe_mse agent.quasimetric_critic.losses.latent_dynamics.mse_weight=1.0 agent.quasimetric_critic.losses.latent_dynamics.iqe_weight=1.0 agent.quasimetric_critic.model.encoder.branch_normalization=none agent.actor.losses.min_dist.latent_goal_mode=max agent.actor.losses.min_dist.latent_goal_keep_best=true agent.actor.losses.min_dist.latent_goal_lr=0.01 agent.actor.losses.min_dist.latent_goal_search=direct agent.actor.losses.min_dist.latent_goal_optim=sgd agent.actor.losses.min_dist.latent_goal_steps=1 interaction.validation_seed=1000 interaction.test_seed=2000000 interaction.num_eval_episodes=200 interaction.num_test_episodes=200 save_steps=20000 eval_steps=null keep_only_latest_checkpoint=true keep_only_best_and_final_checkpoints=true save_replay_buffer=true save_final_replay_buffer=true resume_if_possible=true
extended_v1_QRL-M_100k_20kckpt_val200_test200_pandastack_v3_online_s1000	online	PandaStack-v3	1000	100000	4.2m	env.kind=panda_gym env.init_num_transitions=100000 env.increment_num_transitions=100000 +qrl_model_size=m batch_size=256 agent.training_schedule=joint agent.actor.losses.min_dist.adaptive_entropy_regularizer=true agent.actor.losses.min_dist.entropy_mc_samples=100 agent.actor.losses.min_dist.add_goal_as_future_state=true agent.actor.losses.behavior_cloning.weight=0 agent.goal_set_distance.enabled=false interaction.exploration_eps=0 interaction.validation_seed=1000 interaction.test_seed=2000000 interaction.num_eval_episodes=200 interaction.num_test_episodes=200 save_steps=20000 eval_steps=null keep_only_latest_checkpoint=true keep_only_best_and_final_checkpoints=true save_replay_buffer=true save_final_replay_buffer=true resume_if_possible=true
extended_v1_QRL-M_100k_20kckpt_val200_test200_pandastack_v3_online_s1002	online	PandaStack-v3	1002	100000	4.2m	env.kind=panda_gym env.init_num_transitions=100000 env.increment_num_transitions=100000 +qrl_model_size=m batch_size=256 agent.training_schedule=joint agent.actor.losses.min_dist.adaptive_entropy_regularizer=true agent.actor.losses.min_dist.entropy_mc_samples=100 agent.actor.losses.min_dist.add_goal_as_future_state=true agent.actor.losses.behavior_cloning.weight=0 agent.goal_set_distance.enabled=false interaction.exploration_eps=0 interaction.validation_seed=1000 interaction.test_seed=2000000 interaction.num_eval_episodes=200 interaction.num_test_episodes=200 save_steps=20000 eval_steps=null keep_only_latest_checkpoint=true keep_only_best_and_final_checkpoints=true save_replay_buffer=true save_final_replay_buffer=true resume_if_possible=true
extended_v1_QRL-M_100k_20kckpt_val200_test200_pandastack_v3_online_s1003	online	PandaStack-v3	1003	100000	4.2m	env.kind=panda_gym env.init_num_transitions=100000 env.increment_num_transitions=100000 +qrl_model_size=m batch_size=256 agent.training_schedule=joint agent.actor.losses.min_dist.adaptive_entropy_regularizer=true agent.actor.losses.min_dist.entropy_mc_samples=100 agent.actor.losses.min_dist.add_goal_as_future_state=true agent.actor.losses.behavior_cloning.weight=0 agent.goal_set_distance.enabled=false interaction.exploration_eps=0 interaction.validation_seed=1000 interaction.test_seed=2000000 interaction.num_eval_episodes=200 interaction.num_test_episodes=200 save_steps=20000 eval_steps=null keep_only_latest_checkpoint=true keep_only_best_and_final_checkpoints=true save_replay_buffer=true save_final_replay_buffer=true resume_if_possible=true
extended_v1_TD-InfoNCE-M_100k_20kckpt_val200_test200_pandastack_v3_online_s1000	online	PandaStack-v3	1000	100000	4.0m	env.kind=panda_gym env.init_num_transitions=100000 env.increment_num_transitions=100000 agent.algorithm=td_infonce +td_infonce_model_size=m batch_size=256 interaction.exploration_eps=0 interaction.validation_seed=1000 interaction.test_seed=2000000 interaction.num_eval_episodes=200 interaction.num_test_episodes=200 save_steps=20000 eval_steps=null keep_only_latest_checkpoint=true keep_only_best_and_final_checkpoints=true save_replay_buffer=true save_final_replay_buffer=true resume_if_possible=true
extended_v1_TD-InfoNCE-M_100k_20kckpt_val200_test200_pandastack_v3_online_s1001	online	PandaStack-v3	1001	100000	4.0m	env.kind=panda_gym env.init_num_transitions=100000 env.increment_num_transitions=100000 agent.algorithm=td_infonce +td_infonce_model_size=m batch_size=256 interaction.exploration_eps=0 interaction.validation_seed=1000 interaction.test_seed=2000000 interaction.num_eval_episodes=200 interaction.num_test_episodes=200 save_steps=20000 eval_steps=null keep_only_latest_checkpoint=true keep_only_best_and_final_checkpoints=true save_replay_buffer=true save_final_replay_buffer=true resume_if_possible=true
extended_v1_TD-InfoNCE-M_100k_20kckpt_val200_test200_pandastack_v3_online_s1003	online	PandaStack-v3	1003	100000	4.0m	env.kind=panda_gym env.init_num_transitions=100000 env.increment_num_transitions=100000 agent.algorithm=td_infonce +td_infonce_model_size=m batch_size=256 interaction.exploration_eps=0 interaction.validation_seed=1000 interaction.test_seed=2000000 interaction.num_eval_episodes=200 interaction.num_test_episodes=200 save_steps=20000 eval_steps=null keep_only_latest_checkpoint=true keep_only_best_and_final_checkpoints=true save_replay_buffer=true save_final_replay_buffer=true resume_if_possible=true
extended_v1_TD-InfoNCE-M_100k_20kckpt_val200_test200_pandastack_v3_online_s1004	online	PandaStack-v3	1004	100000	4.0m	env.kind=panda_gym env.init_num_transitions=100000 env.increment_num_transitions=100000 agent.algorithm=td_infonce +td_infonce_model_size=m batch_size=256 interaction.exploration_eps=0 interaction.validation_seed=1000 interaction.test_seed=2000000 interaction.num_eval_episodes=200 interaction.num_test_episodes=200 save_steps=20000 eval_steps=null keep_only_latest_checkpoint=true keep_only_best_and_final_checkpoints=true save_replay_buffer=true save_final_replay_buffer=true resume_if_possible=true
extended_v1_GCSL-M_100k_20kckpt_val200_test200_pandastack_v3_online_s1001	online	PandaStack-v3	1001	100000	4.2m	env.kind=panda_gym env.init_num_transitions=100000 env.increment_num_transitions=100000 agent.algorithm=gcsl +gcsl_model_size=m batch_size=256 interaction.exploration_eps=0 interaction.validation_seed=1000 interaction.test_seed=2000000 interaction.num_eval_episodes=200 interaction.num_test_episodes=200 save_steps=20000 eval_steps=null keep_only_latest_checkpoint=true keep_only_best_and_final_checkpoints=true save_replay_buffer=true save_final_replay_buffer=true resume_if_possible=true
extended_v1_GCSL-M_100k_20kckpt_val200_test200_pandastack_v3_online_s1002	online	PandaStack-v3	1002	100000	4.2m	env.kind=panda_gym env.init_num_transitions=100000 env.increment_num_transitions=100000 agent.algorithm=gcsl +gcsl_model_size=m batch_size=256 interaction.exploration_eps=0 interaction.validation_seed=1000 interaction.test_seed=2000000 interaction.num_eval_episodes=200 interaction.num_test_episodes=200 save_steps=20000 eval_steps=null keep_only_latest_checkpoint=true keep_only_best_and_final_checkpoints=true save_replay_buffer=true save_final_replay_buffer=true resume_if_possible=true
extended_v1_GCSL-M_100k_20kckpt_val200_test200_pandastack_v3_online_s1004	online	PandaStack-v3	1004	100000	4.2m	env.kind=panda_gym env.init_num_transitions=100000 env.increment_num_transitions=100000 agent.algorithm=gcsl +gcsl_model_size=m batch_size=256 interaction.exploration_eps=0 interaction.validation_seed=1000 interaction.test_seed=2000000 interaction.num_eval_episodes=200 interaction.num_test_episodes=200 save_steps=20000 eval_steps=null keep_only_latest_checkpoint=true keep_only_best_and_final_checkpoints=true save_replay_buffer=true save_final_replay_buffer=true resume_if_possible=true
extended_v1_C-Learning-M_100k_20kckpt_val200_test200_pandastack_v3_online_s1000	online	PandaStack-v3	1000	100000	4.4m	env.kind=panda_gym env.init_num_transitions=100000 env.increment_num_transitions=100000 agent.algorithm=c_learning +c_learning_model_size=m batch_size=256 interaction.exploration_eps=0 interaction.validation_seed=1000 interaction.test_seed=2000000 interaction.num_eval_episodes=200 interaction.num_test_episodes=200 save_steps=20000 eval_steps=null keep_only_latest_checkpoint=true keep_only_best_and_final_checkpoints=true save_replay_buffer=true save_final_replay_buffer=true resume_if_possible=true
extended_v1_C-Learning-M_100k_20kckpt_val200_test200_pandastack_v3_online_s1002	online	PandaStack-v3	1002	100000	4.4m	env.kind=panda_gym env.init_num_transitions=100000 env.increment_num_transitions=100000 agent.algorithm=c_learning +c_learning_model_size=m batch_size=256 interaction.exploration_eps=0 interaction.validation_seed=1000 interaction.test_seed=2000000 interaction.num_eval_episodes=200 interaction.num_test_episodes=200 save_steps=20000 eval_steps=null keep_only_latest_checkpoint=true keep_only_best_and_final_checkpoints=true save_replay_buffer=true save_final_replay_buffer=true resume_if_possible=true
extended_v1_C-Learning-M_100k_20kckpt_val200_test200_pandastack_v3_online_s1003	online	PandaStack-v3	1003	100000	4.4m	env.kind=panda_gym env.init_num_transitions=100000 env.increment_num_transitions=100000 agent.algorithm=c_learning +c_learning_model_size=m batch_size=256 interaction.exploration_eps=0 interaction.validation_seed=1000 interaction.test_seed=2000000 interaction.num_eval_episodes=200 interaction.num_test_episodes=200 save_steps=20000 eval_steps=null keep_only_latest_checkpoint=true keep_only_best_and_final_checkpoints=true save_replay_buffer=true save_final_replay_buffer=true resume_if_possible=true
extended_v1_CRL-M_100k_20kckpt_val200_test200_pandastack_v3_online_s1000	online	PandaStack-v3	1000	100000	4.3m	env.kind=panda_gym env.init_num_transitions=100000 env.increment_num_transitions=100000 agent.algorithm=crl +crl_model_size=m batch_size=256 interaction.exploration_eps=0 interaction.validation_seed=1000 interaction.test_seed=2000000 interaction.num_eval_episodes=200 interaction.num_test_episodes=200 save_steps=20000 eval_steps=null keep_only_latest_checkpoint=true keep_only_best_and_final_checkpoints=true save_replay_buffer=true save_final_replay_buffer=true resume_if_possible=true
extended_v1_CRL-M_100k_20kckpt_val200_test200_pandastack_v3_online_s1001	online	PandaStack-v3	1001	100000	4.3m	env.kind=panda_gym env.init_num_transitions=100000 env.increment_num_transitions=100000 agent.algorithm=crl +crl_model_size=m batch_size=256 interaction.exploration_eps=0 interaction.validation_seed=1000 interaction.test_seed=2000000 interaction.num_eval_episodes=200 interaction.num_test_episodes=200 save_steps=20000 eval_steps=null keep_only_latest_checkpoint=true keep_only_best_and_final_checkpoints=true save_replay_buffer=true save_final_replay_buffer=true resume_if_possible=true
extended_v1_CRL-M_100k_20kckpt_val200_test200_pandastack_v3_online_s1003	online	PandaStack-v3	1003	100000	4.3m	env.kind=panda_gym env.init_num_transitions=100000 env.increment_num_transitions=100000 agent.algorithm=crl +crl_model_size=m batch_size=256 interaction.exploration_eps=0 interaction.validation_seed=1000 interaction.test_seed=2000000 interaction.num_eval_episodes=200 interaction.num_test_episodes=200 save_steps=20000 eval_steps=null keep_only_latest_checkpoint=true keep_only_best_and_final_checkpoints=true save_replay_buffer=true save_final_replay_buffer=true resume_if_possible=true
extended_v1_CRL-M_100k_20kckpt_val200_test200_pandastack_v3_online_s1004	online	PandaStack-v3	1004	100000	4.3m	env.kind=panda_gym env.init_num_transitions=100000 env.increment_num_transitions=100000 agent.algorithm=crl +crl_model_size=m batch_size=256 interaction.exploration_eps=0 interaction.validation_seed=1000 interaction.test_seed=2000000 interaction.num_eval_episodes=200 interaction.num_test_episodes=200 save_steps=20000 eval_steps=null keep_only_latest_checkpoint=true keep_only_best_and_final_checkpoints=true save_replay_buffer=true save_final_replay_buffer=true resume_if_possible=true
extended_v1_CQRL-Inner1-M_100k_20kckpt_val200_test200_pandastack_v3_online_s1001	online	PandaStack-v3	1001	100000	4.4m	env.kind=panda_gym env.init_num_transitions=100000 env.increment_num_transitions=100000 +cqrl_model_size=m batch_size=256 agent.training_schedule=joint agent.actor.losses.min_dist.adaptive_entropy_regularizer=true agent.actor.losses.min_dist.entropy_mc_samples=100 agent.actor.losses.min_dist.add_goal_as_future_state=true agent.actor.losses.behavior_cloning.weight=0 agent.goal_set_distance.enabled=false interaction.exploration_eps=0 agent.quasimetric_critic.losses.separate_latent_dynamics=false agent.quasimetric_critic.losses.latent_dynamics.distance=iqe_mse agent.quasimetric_critic.losses.latent_dynamics.mse_weight=1.0 agent.quasimetric_critic.losses.latent_dynamics.iqe_weight=1.0 agent.quasimetric_critic.model.encoder.branch_normalization=none agent.actor.losses.min_dist.latent_goal_mode=max agent.actor.losses.min_dist.latent_goal_keep_best=true agent.actor.losses.min_dist.latent_goal_lr=0.01 agent.actor.losses.min_dist.latent_goal_search=direct agent.actor.losses.min_dist.latent_goal_optim=sgd agent.actor.losses.min_dist.latent_goal_steps=1 interaction.validation_seed=1000 interaction.test_seed=2000000 interaction.num_eval_episodes=200 interaction.num_test_episodes=200 save_steps=20000 eval_steps=null keep_only_latest_checkpoint=true keep_only_best_and_final_checkpoints=true save_replay_buffer=true save_final_replay_buffer=true resume_if_possible=true
extended_v1_CQRL-Inner1-M_100k_20kckpt_val200_test200_pandastack_v3_online_s1002	online	PandaStack-v3	1002	100000	4.4m	env.kind=panda_gym env.init_num_transitions=100000 env.increment_num_transitions=100000 +cqrl_model_size=m batch_size=256 agent.training_schedule=joint agent.actor.losses.min_dist.adaptive_entropy_regularizer=true agent.actor.losses.min_dist.entropy_mc_samples=100 agent.actor.losses.min_dist.add_goal_as_future_state=true agent.actor.losses.behavior_cloning.weight=0 agent.goal_set_distance.enabled=false interaction.exploration_eps=0 agent.quasimetric_critic.losses.separate_latent_dynamics=false agent.quasimetric_critic.losses.latent_dynamics.distance=iqe_mse agent.quasimetric_critic.losses.latent_dynamics.mse_weight=1.0 agent.quasimetric_critic.losses.latent_dynamics.iqe_weight=1.0 agent.quasimetric_critic.model.encoder.branch_normalization=none agent.actor.losses.min_dist.latent_goal_mode=max agent.actor.losses.min_dist.latent_goal_keep_best=true agent.actor.losses.min_dist.latent_goal_lr=0.01 agent.actor.losses.min_dist.latent_goal_search=direct agent.actor.losses.min_dist.latent_goal_optim=sgd agent.actor.losses.min_dist.latent_goal_steps=1 interaction.validation_seed=1000 interaction.test_seed=2000000 interaction.num_eval_episodes=200 interaction.num_test_episodes=200 save_steps=20000 eval_steps=null keep_only_latest_checkpoint=true keep_only_best_and_final_checkpoints=true save_replay_buffer=true save_final_replay_buffer=true resume_if_possible=true
extended_v1_CQRL-Inner1-M_100k_20kckpt_val200_test200_pandastack_v3_online_s1004	online	PandaStack-v3	1004	100000	4.4m	env.kind=panda_gym env.init_num_transitions=100000 env.increment_num_transitions=100000 +cqrl_model_size=m batch_size=256 agent.training_schedule=joint agent.actor.losses.min_dist.adaptive_entropy_regularizer=true agent.actor.losses.min_dist.entropy_mc_samples=100 agent.actor.losses.min_dist.add_goal_as_future_state=true agent.actor.losses.behavior_cloning.weight=0 agent.goal_set_distance.enabled=false interaction.exploration_eps=0 agent.quasimetric_critic.losses.separate_latent_dynamics=false agent.quasimetric_critic.losses.latent_dynamics.distance=iqe_mse agent.quasimetric_critic.losses.latent_dynamics.mse_weight=1.0 agent.quasimetric_critic.losses.latent_dynamics.iqe_weight=1.0 agent.quasimetric_critic.model.encoder.branch_normalization=none agent.actor.losses.min_dist.latent_goal_mode=max agent.actor.losses.min_dist.latent_goal_keep_best=true agent.actor.losses.min_dist.latent_goal_lr=0.01 agent.actor.losses.min_dist.latent_goal_search=direct agent.actor.losses.min_dist.latent_goal_optim=sgd agent.actor.losses.min_dist.latent_goal_steps=1 interaction.validation_seed=1000 interaction.test_seed=2000000 interaction.num_eval_episodes=200 interaction.num_test_episodes=200 save_steps=20000 eval_steps=null keep_only_latest_checkpoint=true keep_only_best_and_final_checkpoints=true save_replay_buffer=true save_final_replay_buffer=true resume_if_possible=true
extended_v1_QRL-M_100k_20kckpt_val200_test200_pandaflip_v3_online_s1001	online	PandaFlip-v3	1001	100000	4.2m	env.kind=panda_gym env.init_num_transitions=100000 env.increment_num_transitions=100000 +qrl_model_size=m batch_size=256 agent.training_schedule=joint agent.actor.losses.min_dist.adaptive_entropy_regularizer=true agent.actor.losses.min_dist.entropy_mc_samples=100 agent.actor.losses.min_dist.add_goal_as_future_state=true agent.actor.losses.behavior_cloning.weight=0 agent.goal_set_distance.enabled=false interaction.exploration_eps=0 interaction.validation_seed=1000 interaction.test_seed=2000000 interaction.num_eval_episodes=200 interaction.num_test_episodes=200 save_steps=20000 eval_steps=null keep_only_latest_checkpoint=true keep_only_best_and_final_checkpoints=true save_replay_buffer=true save_final_replay_buffer=true resume_if_possible=true
extended_v1_QRL-M_100k_20kckpt_val200_test200_pandaflip_v3_online_s1002	online	PandaFlip-v3	1002	100000	4.2m	env.kind=panda_gym env.init_num_transitions=100000 env.increment_num_transitions=100000 +qrl_model_size=m batch_size=256 agent.training_schedule=joint agent.actor.losses.min_dist.adaptive_entropy_regularizer=true agent.actor.losses.min_dist.entropy_mc_samples=100 agent.actor.losses.min_dist.add_goal_as_future_state=true agent.actor.losses.behavior_cloning.weight=0 agent.goal_set_distance.enabled=false interaction.exploration_eps=0 interaction.validation_seed=1000 interaction.test_seed=2000000 interaction.num_eval_episodes=200 interaction.num_test_episodes=200 save_steps=20000 eval_steps=null keep_only_latest_checkpoint=true keep_only_best_and_final_checkpoints=true save_replay_buffer=true save_final_replay_buffer=true resume_if_possible=true
extended_v1_QRL-M_100k_20kckpt_val200_test200_pandaflip_v3_online_s1004	online	PandaFlip-v3	1004	100000	4.2m	env.kind=panda_gym env.init_num_transitions=100000 env.increment_num_transitions=100000 +qrl_model_size=m batch_size=256 agent.training_schedule=joint agent.actor.losses.min_dist.adaptive_entropy_regularizer=true agent.actor.losses.min_dist.entropy_mc_samples=100 agent.actor.losses.min_dist.add_goal_as_future_state=true agent.actor.losses.behavior_cloning.weight=0 agent.goal_set_distance.enabled=false interaction.exploration_eps=0 interaction.validation_seed=1000 interaction.test_seed=2000000 interaction.num_eval_episodes=200 interaction.num_test_episodes=200 save_steps=20000 eval_steps=null keep_only_latest_checkpoint=true keep_only_best_and_final_checkpoints=true save_replay_buffer=true save_final_replay_buffer=true resume_if_possible=true
extended_v1_TD-InfoNCE-M_100k_20kckpt_val200_test200_pandaflip_v3_online_s1000	online	PandaFlip-v3	1000	100000	4.0m	env.kind=panda_gym env.init_num_transitions=100000 env.increment_num_transitions=100000 agent.algorithm=td_infonce +td_infonce_model_size=m batch_size=256 interaction.exploration_eps=0 interaction.validation_seed=1000 interaction.test_seed=2000000 interaction.num_eval_episodes=200 interaction.num_test_episodes=200 save_steps=20000 eval_steps=null keep_only_latest_checkpoint=true keep_only_best_and_final_checkpoints=true save_replay_buffer=true save_final_replay_buffer=true resume_if_possible=true
extended_v1_TD-InfoNCE-M_100k_20kckpt_val200_test200_pandaflip_v3_online_s1002	online	PandaFlip-v3	1002	100000	4.0m	env.kind=panda_gym env.init_num_transitions=100000 env.increment_num_transitions=100000 agent.algorithm=td_infonce +td_infonce_model_size=m batch_size=256 interaction.exploration_eps=0 interaction.validation_seed=1000 interaction.test_seed=2000000 interaction.num_eval_episodes=200 interaction.num_test_episodes=200 save_steps=20000 eval_steps=null keep_only_latest_checkpoint=true keep_only_best_and_final_checkpoints=true save_replay_buffer=true save_final_replay_buffer=true resume_if_possible=true
extended_v1_TD-InfoNCE-M_100k_20kckpt_val200_test200_pandaflip_v3_online_s1003	online	PandaFlip-v3	1003	100000	4.0m	env.kind=panda_gym env.init_num_transitions=100000 env.increment_num_transitions=100000 agent.algorithm=td_infonce +td_infonce_model_size=m batch_size=256 interaction.exploration_eps=0 interaction.validation_seed=1000 interaction.test_seed=2000000 interaction.num_eval_episodes=200 interaction.num_test_episodes=200 save_steps=20000 eval_steps=null keep_only_latest_checkpoint=true keep_only_best_and_final_checkpoints=true save_replay_buffer=true save_final_replay_buffer=true resume_if_possible=true
extended_v1_GCSL-M_100k_20kckpt_val200_test200_pandaflip_v3_online_s1000	online	PandaFlip-v3	1000	100000	4.2m	env.kind=panda_gym env.init_num_transitions=100000 env.increment_num_transitions=100000 agent.algorithm=gcsl +gcsl_model_size=m batch_size=256 interaction.exploration_eps=0 interaction.validation_seed=1000 interaction.test_seed=2000000 interaction.num_eval_episodes=200 interaction.num_test_episodes=200 save_steps=20000 eval_steps=null keep_only_latest_checkpoint=true keep_only_best_and_final_checkpoints=true save_replay_buffer=true save_final_replay_buffer=true resume_if_possible=true
extended_v1_GCSL-M_100k_20kckpt_val200_test200_pandaflip_v3_online_s1001	online	PandaFlip-v3	1001	100000	4.2m	env.kind=panda_gym env.init_num_transitions=100000 env.increment_num_transitions=100000 agent.algorithm=gcsl +gcsl_model_size=m batch_size=256 interaction.exploration_eps=0 interaction.validation_seed=1000 interaction.test_seed=2000000 interaction.num_eval_episodes=200 interaction.num_test_episodes=200 save_steps=20000 eval_steps=null keep_only_latest_checkpoint=true keep_only_best_and_final_checkpoints=true save_replay_buffer=true save_final_replay_buffer=true resume_if_possible=true
extended_v1_GCSL-M_100k_20kckpt_val200_test200_pandaflip_v3_online_s1003	online	PandaFlip-v3	1003	100000	4.2m	env.kind=panda_gym env.init_num_transitions=100000 env.increment_num_transitions=100000 agent.algorithm=gcsl +gcsl_model_size=m batch_size=256 interaction.exploration_eps=0 interaction.validation_seed=1000 interaction.test_seed=2000000 interaction.num_eval_episodes=200 interaction.num_test_episodes=200 save_steps=20000 eval_steps=null keep_only_latest_checkpoint=true keep_only_best_and_final_checkpoints=true save_replay_buffer=true save_final_replay_buffer=true resume_if_possible=true
extended_v1_GCSL-M_100k_20kckpt_val200_test200_pandaflip_v3_online_s1004	online	PandaFlip-v3	1004	100000	4.2m	env.kind=panda_gym env.init_num_transitions=100000 env.increment_num_transitions=100000 agent.algorithm=gcsl +gcsl_model_size=m batch_size=256 interaction.exploration_eps=0 interaction.validation_seed=1000 interaction.test_seed=2000000 interaction.num_eval_episodes=200 interaction.num_test_episodes=200 save_steps=20000 eval_steps=null keep_only_latest_checkpoint=true keep_only_best_and_final_checkpoints=true save_replay_buffer=true save_final_replay_buffer=true resume_if_possible=true
extended_v1_C-Learning-M_100k_20kckpt_val200_test200_pandaflip_v3_online_s1001	online	PandaFlip-v3	1001	100000	4.3m	env.kind=panda_gym env.init_num_transitions=100000 env.increment_num_transitions=100000 agent.algorithm=c_learning +c_learning_model_size=m batch_size=256 interaction.exploration_eps=0 interaction.validation_seed=1000 interaction.test_seed=2000000 interaction.num_eval_episodes=200 interaction.num_test_episodes=200 save_steps=20000 eval_steps=null keep_only_latest_checkpoint=true keep_only_best_and_final_checkpoints=true save_replay_buffer=true save_final_replay_buffer=true resume_if_possible=true
extended_v1_C-Learning-M_100k_20kckpt_val200_test200_pandaflip_v3_online_s1002	online	PandaFlip-v3	1002	100000	4.3m	env.kind=panda_gym env.init_num_transitions=100000 env.increment_num_transitions=100000 agent.algorithm=c_learning +c_learning_model_size=m batch_size=256 interaction.exploration_eps=0 interaction.validation_seed=1000 interaction.test_seed=2000000 interaction.num_eval_episodes=200 interaction.num_test_episodes=200 save_steps=20000 eval_steps=null keep_only_latest_checkpoint=true keep_only_best_and_final_checkpoints=true save_replay_buffer=true save_final_replay_buffer=true resume_if_possible=true
extended_v1_C-Learning-M_100k_20kckpt_val200_test200_pandaflip_v3_online_s1004	online	PandaFlip-v3	1004	100000	4.3m	env.kind=panda_gym env.init_num_transitions=100000 env.increment_num_transitions=100000 agent.algorithm=c_learning +c_learning_model_size=m batch_size=256 interaction.exploration_eps=0 interaction.validation_seed=1000 interaction.test_seed=2000000 interaction.num_eval_episodes=200 interaction.num_test_episodes=200 save_steps=20000 eval_steps=null keep_only_latest_checkpoint=true keep_only_best_and_final_checkpoints=true save_replay_buffer=true save_final_replay_buffer=true resume_if_possible=true
extended_v1_CRL-M_100k_20kckpt_val200_test200_pandaflip_v3_online_s1000	online	PandaFlip-v3	1000	100000	4.2m	env.kind=panda_gym env.init_num_transitions=100000 env.increment_num_transitions=100000 agent.algorithm=crl +crl_model_size=m batch_size=256 interaction.exploration_eps=0 interaction.validation_seed=1000 interaction.test_seed=2000000 interaction.num_eval_episodes=200 interaction.num_test_episodes=200 save_steps=20000 eval_steps=null keep_only_latest_checkpoint=true keep_only_best_and_final_checkpoints=true save_replay_buffer=true save_final_replay_buffer=true resume_if_possible=true
extended_v1_CRL-M_100k_20kckpt_val200_test200_pandaflip_v3_online_s1002	online	PandaFlip-v3	1002	100000	4.2m	env.kind=panda_gym env.init_num_transitions=100000 env.increment_num_transitions=100000 agent.algorithm=crl +crl_model_size=m batch_size=256 interaction.exploration_eps=0 interaction.validation_seed=1000 interaction.test_seed=2000000 interaction.num_eval_episodes=200 interaction.num_test_episodes=200 save_steps=20000 eval_steps=null keep_only_latest_checkpoint=true keep_only_best_and_final_checkpoints=true save_replay_buffer=true save_final_replay_buffer=true resume_if_possible=true
extended_v1_CRL-M_100k_20kckpt_val200_test200_pandaflip_v3_online_s1003	online	PandaFlip-v3	1003	100000	4.2m	env.kind=panda_gym env.init_num_transitions=100000 env.increment_num_transitions=100000 agent.algorithm=crl +crl_model_size=m batch_size=256 interaction.exploration_eps=0 interaction.validation_seed=1000 interaction.test_seed=2000000 interaction.num_eval_episodes=200 interaction.num_test_episodes=200 save_steps=20000 eval_steps=null keep_only_latest_checkpoint=true keep_only_best_and_final_checkpoints=true save_replay_buffer=true save_final_replay_buffer=true resume_if_possible=true
extended_v1_CQRL-Inner1-M_100k_20kckpt_val200_test200_pandaflip_v3_online_s1000	online	PandaFlip-v3	1000	100000	4.4m	env.kind=panda_gym env.init_num_transitions=100000 env.increment_num_transitions=100000 +cqrl_model_size=m batch_size=256 agent.training_schedule=joint agent.actor.losses.min_dist.adaptive_entropy_regularizer=true agent.actor.losses.min_dist.entropy_mc_samples=100 agent.actor.losses.min_dist.add_goal_as_future_state=true agent.actor.losses.behavior_cloning.weight=0 agent.goal_set_distance.enabled=false interaction.exploration_eps=0 agent.quasimetric_critic.losses.separate_latent_dynamics=false agent.quasimetric_critic.losses.latent_dynamics.distance=iqe_mse agent.quasimetric_critic.losses.latent_dynamics.mse_weight=1.0 agent.quasimetric_critic.losses.latent_dynamics.iqe_weight=1.0 agent.quasimetric_critic.model.encoder.branch_normalization=none agent.actor.losses.min_dist.latent_goal_mode=max agent.actor.losses.min_dist.latent_goal_keep_best=true agent.actor.losses.min_dist.latent_goal_lr=0.01 agent.actor.losses.min_dist.latent_goal_search=direct agent.actor.losses.min_dist.latent_goal_optim=sgd agent.actor.losses.min_dist.latent_goal_steps=1 interaction.validation_seed=1000 interaction.test_seed=2000000 interaction.num_eval_episodes=200 interaction.num_test_episodes=200 save_steps=20000 eval_steps=null keep_only_latest_checkpoint=true keep_only_best_and_final_checkpoints=true save_replay_buffer=true save_final_replay_buffer=true resume_if_possible=true
extended_v1_CQRL-Inner1-M_100k_20kckpt_val200_test200_pandaflip_v3_online_s1001	online	PandaFlip-v3	1001	100000	4.4m	env.kind=panda_gym env.init_num_transitions=100000 env.increment_num_transitions=100000 +cqrl_model_size=m batch_size=256 agent.training_schedule=joint agent.actor.losses.min_dist.adaptive_entropy_regularizer=true agent.actor.losses.min_dist.entropy_mc_samples=100 agent.actor.losses.min_dist.add_goal_as_future_state=true agent.actor.losses.behavior_cloning.weight=0 agent.goal_set_distance.enabled=false interaction.exploration_eps=0 agent.quasimetric_critic.losses.separate_latent_dynamics=false agent.quasimetric_critic.losses.latent_dynamics.distance=iqe_mse agent.quasimetric_critic.losses.latent_dynamics.mse_weight=1.0 agent.quasimetric_critic.losses.latent_dynamics.iqe_weight=1.0 agent.quasimetric_critic.model.encoder.branch_normalization=none agent.actor.losses.min_dist.latent_goal_mode=max agent.actor.losses.min_dist.latent_goal_keep_best=true agent.actor.losses.min_dist.latent_goal_lr=0.01 agent.actor.losses.min_dist.latent_goal_search=direct agent.actor.losses.min_dist.latent_goal_optim=sgd agent.actor.losses.min_dist.latent_goal_steps=1 interaction.validation_seed=1000 interaction.test_seed=2000000 interaction.num_eval_episodes=200 interaction.num_test_episodes=200 save_steps=20000 eval_steps=null keep_only_latest_checkpoint=true keep_only_best_and_final_checkpoints=true save_replay_buffer=true save_final_replay_buffer=true resume_if_possible=true
extended_v1_CQRL-Inner1-M_100k_20kckpt_val200_test200_pandaflip_v3_online_s1003	online	PandaFlip-v3	1003	100000	4.4m	env.kind=panda_gym env.init_num_transitions=100000 env.increment_num_transitions=100000 +cqrl_model_size=m batch_size=256 agent.training_schedule=joint agent.actor.losses.min_dist.adaptive_entropy_regularizer=true agent.actor.losses.min_dist.entropy_mc_samples=100 agent.actor.losses.min_dist.add_goal_as_future_state=true agent.actor.losses.behavior_cloning.weight=0 agent.goal_set_distance.enabled=false interaction.exploration_eps=0 agent.quasimetric_critic.losses.separate_latent_dynamics=false agent.quasimetric_critic.losses.latent_dynamics.distance=iqe_mse agent.quasimetric_critic.losses.latent_dynamics.mse_weight=1.0 agent.quasimetric_critic.losses.latent_dynamics.iqe_weight=1.0 agent.quasimetric_critic.model.encoder.branch_normalization=none agent.actor.losses.min_dist.latent_goal_mode=max agent.actor.losses.min_dist.latent_goal_keep_best=true agent.actor.losses.min_dist.latent_goal_lr=0.01 agent.actor.losses.min_dist.latent_goal_search=direct agent.actor.losses.min_dist.latent_goal_optim=sgd agent.actor.losses.min_dist.latent_goal_steps=1 interaction.validation_seed=1000 interaction.test_seed=2000000 interaction.num_eval_episodes=200 interaction.num_test_episodes=200 save_steps=20000 eval_steps=null keep_only_latest_checkpoint=true keep_only_best_and_final_checkpoints=true save_replay_buffer=true save_final_replay_buffer=true resume_if_possible=true
extended_v1_CQRL-Inner1-M_100k_20kckpt_val200_test200_pandaflip_v3_online_s1004	online	PandaFlip-v3	1004	100000	4.4m	env.kind=panda_gym env.init_num_transitions=100000 env.increment_num_transitions=100000 +cqrl_model_size=m batch_size=256 agent.training_schedule=joint agent.actor.losses.min_dist.adaptive_entropy_regularizer=true agent.actor.losses.min_dist.entropy_mc_samples=100 agent.actor.losses.min_dist.add_goal_as_future_state=true agent.actor.losses.behavior_cloning.weight=0 agent.goal_set_distance.enabled=false interaction.exploration_eps=0 agent.quasimetric_critic.losses.separate_latent_dynamics=false agent.quasimetric_critic.losses.latent_dynamics.distance=iqe_mse agent.quasimetric_critic.losses.latent_dynamics.mse_weight=1.0 agent.quasimetric_critic.losses.latent_dynamics.iqe_weight=1.0 agent.quasimetric_critic.model.encoder.branch_normalization=none agent.actor.losses.min_dist.latent_goal_mode=max agent.actor.losses.min_dist.latent_goal_keep_best=true agent.actor.losses.min_dist.latent_goal_lr=0.01 agent.actor.losses.min_dist.latent_goal_search=direct agent.actor.losses.min_dist.latent_goal_optim=sgd agent.actor.losses.min_dist.latent_goal_steps=1 interaction.validation_seed=1000 interaction.test_seed=2000000 interaction.num_eval_episodes=200 interaction.num_test_episodes=200 save_steps=20000 eval_steps=null keep_only_latest_checkpoint=true keep_only_best_and_final_checkpoints=true save_replay_buffer=true save_final_replay_buffer=true resume_if_possible=true
extended_v1_QRL-M_100k_20kckpt_val200_test200_pandareachjoints_v3_online_s1000	online	PandaReachJoints-v3	1000	100000	4.2m	env.kind=panda_gym env.init_num_transitions=100000 env.increment_num_transitions=100000 +qrl_model_size=m batch_size=256 agent.training_schedule=joint agent.actor.losses.min_dist.adaptive_entropy_regularizer=true agent.actor.losses.min_dist.entropy_mc_samples=100 agent.actor.losses.min_dist.add_goal_as_future_state=true agent.actor.losses.behavior_cloning.weight=0 agent.goal_set_distance.enabled=false interaction.exploration_eps=0 interaction.validation_seed=1000 interaction.test_seed=2000000 interaction.num_eval_episodes=200 interaction.num_test_episodes=200 save_steps=20000 eval_steps=null keep_only_latest_checkpoint=true keep_only_best_and_final_checkpoints=true save_replay_buffer=true save_final_replay_buffer=true resume_if_possible=true
extended_v1_QRL-M_100k_20kckpt_val200_test200_pandareachjoints_v3_online_s1001	online	PandaReachJoints-v3	1001	100000	4.2m	env.kind=panda_gym env.init_num_transitions=100000 env.increment_num_transitions=100000 +qrl_model_size=m batch_size=256 agent.training_schedule=joint agent.actor.losses.min_dist.adaptive_entropy_regularizer=true agent.actor.losses.min_dist.entropy_mc_samples=100 agent.actor.losses.min_dist.add_goal_as_future_state=true agent.actor.losses.behavior_cloning.weight=0 agent.goal_set_distance.enabled=false interaction.exploration_eps=0 interaction.validation_seed=1000 interaction.test_seed=2000000 interaction.num_eval_episodes=200 interaction.num_test_episodes=200 save_steps=20000 eval_steps=null keep_only_latest_checkpoint=true keep_only_best_and_final_checkpoints=true save_replay_buffer=true save_final_replay_buffer=true resume_if_possible=true
extended_v1_QRL-M_100k_20kckpt_val200_test200_pandareachjoints_v3_online_s1003	online	PandaReachJoints-v3	1003	100000	4.2m	env.kind=panda_gym env.init_num_transitions=100000 env.increment_num_transitions=100000 +qrl_model_size=m batch_size=256 agent.training_schedule=joint agent.actor.losses.min_dist.adaptive_entropy_regularizer=true agent.actor.losses.min_dist.entropy_mc_samples=100 agent.actor.losses.min_dist.add_goal_as_future_state=true agent.actor.losses.behavior_cloning.weight=0 agent.goal_set_distance.enabled=false interaction.exploration_eps=0 interaction.validation_seed=1000 interaction.test_seed=2000000 interaction.num_eval_episodes=200 interaction.num_test_episodes=200 save_steps=20000 eval_steps=null keep_only_latest_checkpoint=true keep_only_best_and_final_checkpoints=true save_replay_buffer=true save_final_replay_buffer=true resume_if_possible=true
extended_v1_QRL-M_100k_20kckpt_val200_test200_pandareachjoints_v3_online_s1004	online	PandaReachJoints-v3	1004	100000	4.2m	env.kind=panda_gym env.init_num_transitions=100000 env.increment_num_transitions=100000 +qrl_model_size=m batch_size=256 agent.training_schedule=joint agent.actor.losses.min_dist.adaptive_entropy_regularizer=true agent.actor.losses.min_dist.entropy_mc_samples=100 agent.actor.losses.min_dist.add_goal_as_future_state=true agent.actor.losses.behavior_cloning.weight=0 agent.goal_set_distance.enabled=false interaction.exploration_eps=0 interaction.validation_seed=1000 interaction.test_seed=2000000 interaction.num_eval_episodes=200 interaction.num_test_episodes=200 save_steps=20000 eval_steps=null keep_only_latest_checkpoint=true keep_only_best_and_final_checkpoints=true save_replay_buffer=true save_final_replay_buffer=true resume_if_possible=true
extended_v1_TD-InfoNCE-M_100k_20kckpt_val200_test200_pandareachjoints_v3_online_s1001	online	PandaReachJoints-v3	1001	100000	4.0m	env.kind=panda_gym env.init_num_transitions=100000 env.increment_num_transitions=100000 agent.algorithm=td_infonce +td_infonce_model_size=m batch_size=256 interaction.exploration_eps=0 interaction.validation_seed=1000 interaction.test_seed=2000000 interaction.num_eval_episodes=200 interaction.num_test_episodes=200 save_steps=20000 eval_steps=null keep_only_latest_checkpoint=true keep_only_best_and_final_checkpoints=true save_replay_buffer=true save_final_replay_buffer=true resume_if_possible=true
extended_v1_TD-InfoNCE-M_100k_20kckpt_val200_test200_pandareachjoints_v3_online_s1002	online	PandaReachJoints-v3	1002	100000	4.0m	env.kind=panda_gym env.init_num_transitions=100000 env.increment_num_transitions=100000 agent.algorithm=td_infonce +td_infonce_model_size=m batch_size=256 interaction.exploration_eps=0 interaction.validation_seed=1000 interaction.test_seed=2000000 interaction.num_eval_episodes=200 interaction.num_test_episodes=200 save_steps=20000 eval_steps=null keep_only_latest_checkpoint=true keep_only_best_and_final_checkpoints=true save_replay_buffer=true save_final_replay_buffer=true resume_if_possible=true
extended_v1_TD-InfoNCE-M_100k_20kckpt_val200_test200_pandareachjoints_v3_online_s1004	online	PandaReachJoints-v3	1004	100000	4.0m	env.kind=panda_gym env.init_num_transitions=100000 env.increment_num_transitions=100000 agent.algorithm=td_infonce +td_infonce_model_size=m batch_size=256 interaction.exploration_eps=0 interaction.validation_seed=1000 interaction.test_seed=2000000 interaction.num_eval_episodes=200 interaction.num_test_episodes=200 save_steps=20000 eval_steps=null keep_only_latest_checkpoint=true keep_only_best_and_final_checkpoints=true save_replay_buffer=true save_final_replay_buffer=true resume_if_possible=true
extended_v1_GCSL-M_100k_20kckpt_val200_test200_factorized_pandareachjoints_v3_online_s1000	online	PandaReachJoints-v3	1000	100000	4.1m	env.kind=panda_gym env.init_num_transitions=100000 env.increment_num_transitions=100000 agent.algorithm=gcsl +gcsl_model_size=m batch_size=256 interaction.exploration_eps=0 agent.baselines.gcbc.action_discretization=factorized interaction.validation_seed=1000 interaction.test_seed=2000000 interaction.num_eval_episodes=200 interaction.num_test_episodes=200 save_steps=20000 eval_steps=null keep_only_latest_checkpoint=true keep_only_best_and_final_checkpoints=true save_replay_buffer=true save_final_replay_buffer=true resume_if_possible=true
extended_v1_GCSL-M_100k_20kckpt_val200_test200_factorized_pandareachjoints_v3_online_s1002	online	PandaReachJoints-v3	1002	100000	4.1m	env.kind=panda_gym env.init_num_transitions=100000 env.increment_num_transitions=100000 agent.algorithm=gcsl +gcsl_model_size=m batch_size=256 interaction.exploration_eps=0 agent.baselines.gcbc.action_discretization=factorized interaction.validation_seed=1000 interaction.test_seed=2000000 interaction.num_eval_episodes=200 interaction.num_test_episodes=200 save_steps=20000 eval_steps=null keep_only_latest_checkpoint=true keep_only_best_and_final_checkpoints=true save_replay_buffer=true save_final_replay_buffer=true resume_if_possible=true
extended_v1_GCSL-M_100k_20kckpt_val200_test200_factorized_pandareachjoints_v3_online_s1003	online	PandaReachJoints-v3	1003	100000	4.1m	env.kind=panda_gym env.init_num_transitions=100000 env.increment_num_transitions=100000 agent.algorithm=gcsl +gcsl_model_size=m batch_size=256 interaction.exploration_eps=0 agent.baselines.gcbc.action_discretization=factorized interaction.validation_seed=1000 interaction.test_seed=2000000 interaction.num_eval_episodes=200 interaction.num_test_episodes=200 save_steps=20000 eval_steps=null keep_only_latest_checkpoint=true keep_only_best_and_final_checkpoints=true save_replay_buffer=true save_final_replay_buffer=true resume_if_possible=true
extended_v1_C-Learning-M_100k_20kckpt_val200_test200_pandareachjoints_v3_online_s1000	online	PandaReachJoints-v3	1000	100000	4.3m	env.kind=panda_gym env.init_num_transitions=100000 env.increment_num_transitions=100000 agent.algorithm=c_learning +c_learning_model_size=m batch_size=256 interaction.exploration_eps=0 interaction.validation_seed=1000 interaction.test_seed=2000000 interaction.num_eval_episodes=200 interaction.num_test_episodes=200 save_steps=20000 eval_steps=null keep_only_latest_checkpoint=true keep_only_best_and_final_checkpoints=true save_replay_buffer=true save_final_replay_buffer=true resume_if_possible=true
extended_v1_C-Learning-M_100k_20kckpt_val200_test200_pandareachjoints_v3_online_s1001	online	PandaReachJoints-v3	1001	100000	4.3m	env.kind=panda_gym env.init_num_transitions=100000 env.increment_num_transitions=100000 agent.algorithm=c_learning +c_learning_model_size=m batch_size=256 interaction.exploration_eps=0 interaction.validation_seed=1000 interaction.test_seed=2000000 interaction.num_eval_episodes=200 interaction.num_test_episodes=200 save_steps=20000 eval_steps=null keep_only_latest_checkpoint=true keep_only_best_and_final_checkpoints=true save_replay_buffer=true save_final_replay_buffer=true resume_if_possible=true
extended_v1_C-Learning-M_100k_20kckpt_val200_test200_pandareachjoints_v3_online_s1003	online	PandaReachJoints-v3	1003	100000	4.3m	env.kind=panda_gym env.init_num_transitions=100000 env.increment_num_transitions=100000 agent.algorithm=c_learning +c_learning_model_size=m batch_size=256 interaction.exploration_eps=0 interaction.validation_seed=1000 interaction.test_seed=2000000 interaction.num_eval_episodes=200 interaction.num_test_episodes=200 save_steps=20000 eval_steps=null keep_only_latest_checkpoint=true keep_only_best_and_final_checkpoints=true save_replay_buffer=true save_final_replay_buffer=true resume_if_possible=true
extended_v1_C-Learning-M_100k_20kckpt_val200_test200_pandareachjoints_v3_online_s1004	online	PandaReachJoints-v3	1004	100000	4.3m	env.kind=panda_gym env.init_num_transitions=100000 env.increment_num_transitions=100000 agent.algorithm=c_learning +c_learning_model_size=m batch_size=256 interaction.exploration_eps=0 interaction.validation_seed=1000 interaction.test_seed=2000000 interaction.num_eval_episodes=200 interaction.num_test_episodes=200 save_steps=20000 eval_steps=null keep_only_latest_checkpoint=true keep_only_best_and_final_checkpoints=true save_replay_buffer=true save_final_replay_buffer=true resume_if_possible=true
extended_v1_CRL-M_100k_20kckpt_val200_test200_pandareachjoints_v3_online_s1001	online	PandaReachJoints-v3	1001	100000	4.3m	env.kind=panda_gym env.init_num_transitions=100000 env.increment_num_transitions=100000 agent.algorithm=crl +crl_model_size=m batch_size=256 interaction.exploration_eps=0 interaction.validation_seed=1000 interaction.test_seed=2000000 interaction.num_eval_episodes=200 interaction.num_test_episodes=200 save_steps=20000 eval_steps=null keep_only_latest_checkpoint=true keep_only_best_and_final_checkpoints=true save_replay_buffer=true save_final_replay_buffer=true resume_if_possible=true
extended_v1_CRL-M_100k_20kckpt_val200_test200_pandareachjoints_v3_online_s1002	online	PandaReachJoints-v3	1002	100000	4.3m	env.kind=panda_gym env.init_num_transitions=100000 env.increment_num_transitions=100000 agent.algorithm=crl +crl_model_size=m batch_size=256 interaction.exploration_eps=0 interaction.validation_seed=1000 interaction.test_seed=2000000 interaction.num_eval_episodes=200 interaction.num_test_episodes=200 save_steps=20000 eval_steps=null keep_only_latest_checkpoint=true keep_only_best_and_final_checkpoints=true save_replay_buffer=true save_final_replay_buffer=true resume_if_possible=true
extended_v1_CRL-M_100k_20kckpt_val200_test200_pandareachjoints_v3_online_s1004	online	PandaReachJoints-v3	1004	100000	4.3m	env.kind=panda_gym env.init_num_transitions=100000 env.increment_num_transitions=100000 agent.algorithm=crl +crl_model_size=m batch_size=256 interaction.exploration_eps=0 interaction.validation_seed=1000 interaction.test_seed=2000000 interaction.num_eval_episodes=200 interaction.num_test_episodes=200 save_steps=20000 eval_steps=null keep_only_latest_checkpoint=true keep_only_best_and_final_checkpoints=true save_replay_buffer=true save_final_replay_buffer=true resume_if_possible=true
extended_v1_CQRL-Inner1-M_100k_20kckpt_val200_test200_pandareachjoints_v3_online_s1000	online	PandaReachJoints-v3	1000	100000	4.4m	env.kind=panda_gym env.init_num_transitions=100000 env.increment_num_transitions=100000 +cqrl_model_size=m batch_size=256 agent.training_schedule=joint agent.actor.losses.min_dist.adaptive_entropy_regularizer=true agent.actor.losses.min_dist.entropy_mc_samples=100 agent.actor.losses.min_dist.add_goal_as_future_state=true agent.actor.losses.behavior_cloning.weight=0 agent.goal_set_distance.enabled=false interaction.exploration_eps=0 agent.quasimetric_critic.losses.separate_latent_dynamics=false agent.quasimetric_critic.losses.latent_dynamics.distance=iqe_mse agent.quasimetric_critic.losses.latent_dynamics.mse_weight=1.0 agent.quasimetric_critic.losses.latent_dynamics.iqe_weight=1.0 agent.quasimetric_critic.model.encoder.branch_normalization=none agent.actor.losses.min_dist.latent_goal_mode=max agent.actor.losses.min_dist.latent_goal_keep_best=true agent.actor.losses.min_dist.latent_goal_lr=0.01 agent.actor.losses.min_dist.latent_goal_search=direct agent.actor.losses.min_dist.latent_goal_optim=sgd agent.actor.losses.min_dist.latent_goal_steps=1 interaction.validation_seed=1000 interaction.test_seed=2000000 interaction.num_eval_episodes=200 interaction.num_test_episodes=200 save_steps=20000 eval_steps=null keep_only_latest_checkpoint=true keep_only_best_and_final_checkpoints=true save_replay_buffer=true save_final_replay_buffer=true resume_if_possible=true
extended_v1_CQRL-Inner1-M_100k_20kckpt_val200_test200_pandareachjoints_v3_online_s1002	online	PandaReachJoints-v3	1002	100000	4.4m	env.kind=panda_gym env.init_num_transitions=100000 env.increment_num_transitions=100000 +cqrl_model_size=m batch_size=256 agent.training_schedule=joint agent.actor.losses.min_dist.adaptive_entropy_regularizer=true agent.actor.losses.min_dist.entropy_mc_samples=100 agent.actor.losses.min_dist.add_goal_as_future_state=true agent.actor.losses.behavior_cloning.weight=0 agent.goal_set_distance.enabled=false interaction.exploration_eps=0 agent.quasimetric_critic.losses.separate_latent_dynamics=false agent.quasimetric_critic.losses.latent_dynamics.distance=iqe_mse agent.quasimetric_critic.losses.latent_dynamics.mse_weight=1.0 agent.quasimetric_critic.losses.latent_dynamics.iqe_weight=1.0 agent.quasimetric_critic.model.encoder.branch_normalization=none agent.actor.losses.min_dist.latent_goal_mode=max agent.actor.losses.min_dist.latent_goal_keep_best=true agent.actor.losses.min_dist.latent_goal_lr=0.01 agent.actor.losses.min_dist.latent_goal_search=direct agent.actor.losses.min_dist.latent_goal_optim=sgd agent.actor.losses.min_dist.latent_goal_steps=1 interaction.validation_seed=1000 interaction.test_seed=2000000 interaction.num_eval_episodes=200 interaction.num_test_episodes=200 save_steps=20000 eval_steps=null keep_only_latest_checkpoint=true keep_only_best_and_final_checkpoints=true save_replay_buffer=true save_final_replay_buffer=true resume_if_possible=true
extended_v1_CQRL-Inner1-M_100k_20kckpt_val200_test200_pandareachjoints_v3_online_s1003	online	PandaReachJoints-v3	1003	100000	4.4m	env.kind=panda_gym env.init_num_transitions=100000 env.increment_num_transitions=100000 +cqrl_model_size=m batch_size=256 agent.training_schedule=joint agent.actor.losses.min_dist.adaptive_entropy_regularizer=true agent.actor.losses.min_dist.entropy_mc_samples=100 agent.actor.losses.min_dist.add_goal_as_future_state=true agent.actor.losses.behavior_cloning.weight=0 agent.goal_set_distance.enabled=false interaction.exploration_eps=0 agent.quasimetric_critic.losses.separate_latent_dynamics=false agent.quasimetric_critic.losses.latent_dynamics.distance=iqe_mse agent.quasimetric_critic.losses.latent_dynamics.mse_weight=1.0 agent.quasimetric_critic.losses.latent_dynamics.iqe_weight=1.0 agent.quasimetric_critic.model.encoder.branch_normalization=none agent.actor.losses.min_dist.latent_goal_mode=max agent.actor.losses.min_dist.latent_goal_keep_best=true agent.actor.losses.min_dist.latent_goal_lr=0.01 agent.actor.losses.min_dist.latent_goal_search=direct agent.actor.losses.min_dist.latent_goal_optim=sgd agent.actor.losses.min_dist.latent_goal_steps=1 interaction.validation_seed=1000 interaction.test_seed=2000000 interaction.num_eval_episodes=200 interaction.num_test_episodes=200 save_steps=20000 eval_steps=null keep_only_latest_checkpoint=true keep_only_best_and_final_checkpoints=true save_replay_buffer=true save_final_replay_buffer=true resume_if_possible=true
extended_v1_QRL-M_100k_20kckpt_val200_test200_pandapushjoints_v3_online_s1000	online	PandaPushJoints-v3	1000	100000	4.2m	env.kind=panda_gym env.init_num_transitions=100000 env.increment_num_transitions=100000 +qrl_model_size=m batch_size=256 agent.training_schedule=joint agent.actor.losses.min_dist.adaptive_entropy_regularizer=true agent.actor.losses.min_dist.entropy_mc_samples=100 agent.actor.losses.min_dist.add_goal_as_future_state=true agent.actor.losses.behavior_cloning.weight=0 agent.goal_set_distance.enabled=false interaction.exploration_eps=0 interaction.validation_seed=1000 interaction.test_seed=2000000 interaction.num_eval_episodes=200 interaction.num_test_episodes=200 save_steps=20000 eval_steps=null keep_only_latest_checkpoint=true keep_only_best_and_final_checkpoints=true save_replay_buffer=true save_final_replay_buffer=true resume_if_possible=true
extended_v1_QRL-M_100k_20kckpt_val200_test200_pandapushjoints_v3_online_s1002	online	PandaPushJoints-v3	1002	100000	4.2m	env.kind=panda_gym env.init_num_transitions=100000 env.increment_num_transitions=100000 +qrl_model_size=m batch_size=256 agent.training_schedule=joint agent.actor.losses.min_dist.adaptive_entropy_regularizer=true agent.actor.losses.min_dist.entropy_mc_samples=100 agent.actor.losses.min_dist.add_goal_as_future_state=true agent.actor.losses.behavior_cloning.weight=0 agent.goal_set_distance.enabled=false interaction.exploration_eps=0 interaction.validation_seed=1000 interaction.test_seed=2000000 interaction.num_eval_episodes=200 interaction.num_test_episodes=200 save_steps=20000 eval_steps=null keep_only_latest_checkpoint=true keep_only_best_and_final_checkpoints=true save_replay_buffer=true save_final_replay_buffer=true resume_if_possible=true
extended_v1_QRL-M_100k_20kckpt_val200_test200_pandapushjoints_v3_online_s1003	online	PandaPushJoints-v3	1003	100000	4.2m	env.kind=panda_gym env.init_num_transitions=100000 env.increment_num_transitions=100000 +qrl_model_size=m batch_size=256 agent.training_schedule=joint agent.actor.losses.min_dist.adaptive_entropy_regularizer=true agent.actor.losses.min_dist.entropy_mc_samples=100 agent.actor.losses.min_dist.add_goal_as_future_state=true agent.actor.losses.behavior_cloning.weight=0 agent.goal_set_distance.enabled=false interaction.exploration_eps=0 interaction.validation_seed=1000 interaction.test_seed=2000000 interaction.num_eval_episodes=200 interaction.num_test_episodes=200 save_steps=20000 eval_steps=null keep_only_latest_checkpoint=true keep_only_best_and_final_checkpoints=true save_replay_buffer=true save_final_replay_buffer=true resume_if_possible=true
extended_v1_TD-InfoNCE-M_100k_20kckpt_val200_test200_pandapushjoints_v3_online_s1000	online	PandaPushJoints-v3	1000	100000	4.0m	env.kind=panda_gym env.init_num_transitions=100000 env.increment_num_transitions=100000 agent.algorithm=td_infonce +td_infonce_model_size=m batch_size=256 interaction.exploration_eps=0 interaction.validation_seed=1000 interaction.test_seed=2000000 interaction.num_eval_episodes=200 interaction.num_test_episodes=200 save_steps=20000 eval_steps=null keep_only_latest_checkpoint=true keep_only_best_and_final_checkpoints=true save_replay_buffer=true save_final_replay_buffer=true resume_if_possible=true
extended_v1_TD-InfoNCE-M_100k_20kckpt_val200_test200_pandapushjoints_v3_online_s1001	online	PandaPushJoints-v3	1001	100000	4.0m	env.kind=panda_gym env.init_num_transitions=100000 env.increment_num_transitions=100000 agent.algorithm=td_infonce +td_infonce_model_size=m batch_size=256 interaction.exploration_eps=0 interaction.validation_seed=1000 interaction.test_seed=2000000 interaction.num_eval_episodes=200 interaction.num_test_episodes=200 save_steps=20000 eval_steps=null keep_only_latest_checkpoint=true keep_only_best_and_final_checkpoints=true save_replay_buffer=true save_final_replay_buffer=true resume_if_possible=true
extended_v1_TD-InfoNCE-M_100k_20kckpt_val200_test200_pandapushjoints_v3_online_s1003	online	PandaPushJoints-v3	1003	100000	4.0m	env.kind=panda_gym env.init_num_transitions=100000 env.increment_num_transitions=100000 agent.algorithm=td_infonce +td_infonce_model_size=m batch_size=256 interaction.exploration_eps=0 interaction.validation_seed=1000 interaction.test_seed=2000000 interaction.num_eval_episodes=200 interaction.num_test_episodes=200 save_steps=20000 eval_steps=null keep_only_latest_checkpoint=true keep_only_best_and_final_checkpoints=true save_replay_buffer=true save_final_replay_buffer=true resume_if_possible=true
extended_v1_TD-InfoNCE-M_100k_20kckpt_val200_test200_pandapushjoints_v3_online_s1004	online	PandaPushJoints-v3	1004	100000	4.0m	env.kind=panda_gym env.init_num_transitions=100000 env.increment_num_transitions=100000 agent.algorithm=td_infonce +td_infonce_model_size=m batch_size=256 interaction.exploration_eps=0 interaction.validation_seed=1000 interaction.test_seed=2000000 interaction.num_eval_episodes=200 interaction.num_test_episodes=200 save_steps=20000 eval_steps=null keep_only_latest_checkpoint=true keep_only_best_and_final_checkpoints=true save_replay_buffer=true save_final_replay_buffer=true resume_if_possible=true
extended_v1_GCSL-M_100k_20kckpt_val200_test200_factorized_pandapushjoints_v3_online_s1001	online	PandaPushJoints-v3	1001	100000	4.1m	env.kind=panda_gym env.init_num_transitions=100000 env.increment_num_transitions=100000 agent.algorithm=gcsl +gcsl_model_size=m batch_size=256 interaction.exploration_eps=0 agent.baselines.gcbc.action_discretization=factorized interaction.validation_seed=1000 interaction.test_seed=2000000 interaction.num_eval_episodes=200 interaction.num_test_episodes=200 save_steps=20000 eval_steps=null keep_only_latest_checkpoint=true keep_only_best_and_final_checkpoints=true save_replay_buffer=true save_final_replay_buffer=true resume_if_possible=true
extended_v1_GCSL-M_100k_20kckpt_val200_test200_factorized_pandapushjoints_v3_online_s1002	online	PandaPushJoints-v3	1002	100000	4.1m	env.kind=panda_gym env.init_num_transitions=100000 env.increment_num_transitions=100000 agent.algorithm=gcsl +gcsl_model_size=m batch_size=256 interaction.exploration_eps=0 agent.baselines.gcbc.action_discretization=factorized interaction.validation_seed=1000 interaction.test_seed=2000000 interaction.num_eval_episodes=200 interaction.num_test_episodes=200 save_steps=20000 eval_steps=null keep_only_latest_checkpoint=true keep_only_best_and_final_checkpoints=true save_replay_buffer=true save_final_replay_buffer=true resume_if_possible=true
extended_v1_GCSL-M_100k_20kckpt_val200_test200_factorized_pandapushjoints_v3_online_s1004	online	PandaPushJoints-v3	1004	100000	4.1m	env.kind=panda_gym env.init_num_transitions=100000 env.increment_num_transitions=100000 agent.algorithm=gcsl +gcsl_model_size=m batch_size=256 interaction.exploration_eps=0 agent.baselines.gcbc.action_discretization=factorized interaction.validation_seed=1000 interaction.test_seed=2000000 interaction.num_eval_episodes=200 interaction.num_test_episodes=200 save_steps=20000 eval_steps=null keep_only_latest_checkpoint=true keep_only_best_and_final_checkpoints=true save_replay_buffer=true save_final_replay_buffer=true resume_if_possible=true
extended_v1_C-Learning-M_100k_20kckpt_val200_test200_pandapushjoints_v3_online_s1000	online	PandaPushJoints-v3	1000	100000	4.4m	env.kind=panda_gym env.init_num_transitions=100000 env.increment_num_transitions=100000 agent.algorithm=c_learning +c_learning_model_size=m batch_size=256 interaction.exploration_eps=0 interaction.validation_seed=1000 interaction.test_seed=2000000 interaction.num_eval_episodes=200 interaction.num_test_episodes=200 save_steps=20000 eval_steps=null keep_only_latest_checkpoint=true keep_only_best_and_final_checkpoints=true save_replay_buffer=true save_final_replay_buffer=true resume_if_possible=true
extended_v1_C-Learning-M_100k_20kckpt_val200_test200_pandapushjoints_v3_online_s1002	online	PandaPushJoints-v3	1002	100000	4.4m	env.kind=panda_gym env.init_num_transitions=100000 env.increment_num_transitions=100000 agent.algorithm=c_learning +c_learning_model_size=m batch_size=256 interaction.exploration_eps=0 interaction.validation_seed=1000 interaction.test_seed=2000000 interaction.num_eval_episodes=200 interaction.num_test_episodes=200 save_steps=20000 eval_steps=null keep_only_latest_checkpoint=true keep_only_best_and_final_checkpoints=true save_replay_buffer=true save_final_replay_buffer=true resume_if_possible=true
extended_v1_C-Learning-M_100k_20kckpt_val200_test200_pandapushjoints_v3_online_s1003	online	PandaPushJoints-v3	1003	100000	4.4m	env.kind=panda_gym env.init_num_transitions=100000 env.increment_num_transitions=100000 agent.algorithm=c_learning +c_learning_model_size=m batch_size=256 interaction.exploration_eps=0 interaction.validation_seed=1000 interaction.test_seed=2000000 interaction.num_eval_episodes=200 interaction.num_test_episodes=200 save_steps=20000 eval_steps=null keep_only_latest_checkpoint=true keep_only_best_and_final_checkpoints=true save_replay_buffer=true save_final_replay_buffer=true resume_if_possible=true
extended_v1_CRL-M_100k_20kckpt_val200_test200_pandapushjoints_v3_online_s1000	online	PandaPushJoints-v3	1000	100000	4.3m	env.kind=panda_gym env.init_num_transitions=100000 env.increment_num_transitions=100000 agent.algorithm=crl +crl_model_size=m batch_size=256 interaction.exploration_eps=0 interaction.validation_seed=1000 interaction.test_seed=2000000 interaction.num_eval_episodes=200 interaction.num_test_episodes=200 save_steps=20000 eval_steps=null keep_only_latest_checkpoint=true keep_only_best_and_final_checkpoints=true save_replay_buffer=true save_final_replay_buffer=true resume_if_possible=true
extended_v1_CRL-M_100k_20kckpt_val200_test200_pandapushjoints_v3_online_s1001	online	PandaPushJoints-v3	1001	100000	4.3m	env.kind=panda_gym env.init_num_transitions=100000 env.increment_num_transitions=100000 agent.algorithm=crl +crl_model_size=m batch_size=256 interaction.exploration_eps=0 interaction.validation_seed=1000 interaction.test_seed=2000000 interaction.num_eval_episodes=200 interaction.num_test_episodes=200 save_steps=20000 eval_steps=null keep_only_latest_checkpoint=true keep_only_best_and_final_checkpoints=true save_replay_buffer=true save_final_replay_buffer=true resume_if_possible=true
extended_v1_CRL-M_100k_20kckpt_val200_test200_pandapushjoints_v3_online_s1003	online	PandaPushJoints-v3	1003	100000	4.3m	env.kind=panda_gym env.init_num_transitions=100000 env.increment_num_transitions=100000 agent.algorithm=crl +crl_model_size=m batch_size=256 interaction.exploration_eps=0 interaction.validation_seed=1000 interaction.test_seed=2000000 interaction.num_eval_episodes=200 interaction.num_test_episodes=200 save_steps=20000 eval_steps=null keep_only_latest_checkpoint=true keep_only_best_and_final_checkpoints=true save_replay_buffer=true save_final_replay_buffer=true resume_if_possible=true
extended_v1_CRL-M_100k_20kckpt_val200_test200_pandapushjoints_v3_online_s1004	online	PandaPushJoints-v3	1004	100000	4.3m	env.kind=panda_gym env.init_num_transitions=100000 env.increment_num_transitions=100000 agent.algorithm=crl +crl_model_size=m batch_size=256 interaction.exploration_eps=0 interaction.validation_seed=1000 interaction.test_seed=2000000 interaction.num_eval_episodes=200 interaction.num_test_episodes=200 save_steps=20000 eval_steps=null keep_only_latest_checkpoint=true keep_only_best_and_final_checkpoints=true save_replay_buffer=true save_final_replay_buffer=true resume_if_possible=true
extended_v1_CQRL-Inner1-M_100k_20kckpt_val200_test200_pandapushjoints_v3_online_s1001	online	PandaPushJoints-v3	1001	100000	4.4m	env.kind=panda_gym env.init_num_transitions=100000 env.increment_num_transitions=100000 +cqrl_model_size=m batch_size=256 agent.training_schedule=joint agent.actor.losses.min_dist.adaptive_entropy_regularizer=true agent.actor.losses.min_dist.entropy_mc_samples=100 agent.actor.losses.min_dist.add_goal_as_future_state=true agent.actor.losses.behavior_cloning.weight=0 agent.goal_set_distance.enabled=false interaction.exploration_eps=0 agent.quasimetric_critic.losses.separate_latent_dynamics=false agent.quasimetric_critic.losses.latent_dynamics.distance=iqe_mse agent.quasimetric_critic.losses.latent_dynamics.mse_weight=1.0 agent.quasimetric_critic.losses.latent_dynamics.iqe_weight=1.0 agent.quasimetric_critic.model.encoder.branch_normalization=none agent.actor.losses.min_dist.latent_goal_mode=max agent.actor.losses.min_dist.latent_goal_keep_best=true agent.actor.losses.min_dist.latent_goal_lr=0.01 agent.actor.losses.min_dist.latent_goal_search=direct agent.actor.losses.min_dist.latent_goal_optim=sgd agent.actor.losses.min_dist.latent_goal_steps=1 interaction.validation_seed=1000 interaction.test_seed=2000000 interaction.num_eval_episodes=200 interaction.num_test_episodes=200 save_steps=20000 eval_steps=null keep_only_latest_checkpoint=true keep_only_best_and_final_checkpoints=true save_replay_buffer=true save_final_replay_buffer=true resume_if_possible=true
extended_v1_CQRL-Inner1-M_100k_20kckpt_val200_test200_pandapushjoints_v3_online_s1002	online	PandaPushJoints-v3	1002	100000	4.4m	env.kind=panda_gym env.init_num_transitions=100000 env.increment_num_transitions=100000 +cqrl_model_size=m batch_size=256 agent.training_schedule=joint agent.actor.losses.min_dist.adaptive_entropy_regularizer=true agent.actor.losses.min_dist.entropy_mc_samples=100 agent.actor.losses.min_dist.add_goal_as_future_state=true agent.actor.losses.behavior_cloning.weight=0 agent.goal_set_distance.enabled=false interaction.exploration_eps=0 agent.quasimetric_critic.losses.separate_latent_dynamics=false agent.quasimetric_critic.losses.latent_dynamics.distance=iqe_mse agent.quasimetric_critic.losses.latent_dynamics.mse_weight=1.0 agent.quasimetric_critic.losses.latent_dynamics.iqe_weight=1.0 agent.quasimetric_critic.model.encoder.branch_normalization=none agent.actor.losses.min_dist.latent_goal_mode=max agent.actor.losses.min_dist.latent_goal_keep_best=true agent.actor.losses.min_dist.latent_goal_lr=0.01 agent.actor.losses.min_dist.latent_goal_search=direct agent.actor.losses.min_dist.latent_goal_optim=sgd agent.actor.losses.min_dist.latent_goal_steps=1 interaction.validation_seed=1000 interaction.test_seed=2000000 interaction.num_eval_episodes=200 interaction.num_test_episodes=200 save_steps=20000 eval_steps=null keep_only_latest_checkpoint=true keep_only_best_and_final_checkpoints=true save_replay_buffer=true save_final_replay_buffer=true resume_if_possible=true
extended_v1_CQRL-Inner1-M_100k_20kckpt_val200_test200_pandapushjoints_v3_online_s1004	online	PandaPushJoints-v3	1004	100000	4.4m	env.kind=panda_gym env.init_num_transitions=100000 env.increment_num_transitions=100000 +cqrl_model_size=m batch_size=256 agent.training_schedule=joint agent.actor.losses.min_dist.adaptive_entropy_regularizer=true agent.actor.losses.min_dist.entropy_mc_samples=100 agent.actor.losses.min_dist.add_goal_as_future_state=true agent.actor.losses.behavior_cloning.weight=0 agent.goal_set_distance.enabled=false interaction.exploration_eps=0 agent.quasimetric_critic.losses.separate_latent_dynamics=false agent.quasimetric_critic.losses.latent_dynamics.distance=iqe_mse agent.quasimetric_critic.losses.latent_dynamics.mse_weight=1.0 agent.quasimetric_critic.losses.latent_dynamics.iqe_weight=1.0 agent.quasimetric_critic.model.encoder.branch_normalization=none agent.actor.losses.min_dist.latent_goal_mode=max agent.actor.losses.min_dist.latent_goal_keep_best=true agent.actor.losses.min_dist.latent_goal_lr=0.01 agent.actor.losses.min_dist.latent_goal_search=direct agent.actor.losses.min_dist.latent_goal_optim=sgd agent.actor.losses.min_dist.latent_goal_steps=1 interaction.validation_seed=1000 interaction.test_seed=2000000 interaction.num_eval_episodes=200 interaction.num_test_episodes=200 save_steps=20000 eval_steps=null keep_only_latest_checkpoint=true keep_only_best_and_final_checkpoints=true save_replay_buffer=true save_final_replay_buffer=true resume_if_possible=true
extended_v1_QRL-M_100k_20kckpt_val200_test200_pandaslidejoints_v3_online_s1001	online	PandaSlideJoints-v3	1001	100000	4.2m	env.kind=panda_gym env.init_num_transitions=100000 env.increment_num_transitions=100000 +qrl_model_size=m batch_size=256 agent.training_schedule=joint agent.actor.losses.min_dist.adaptive_entropy_regularizer=true agent.actor.losses.min_dist.entropy_mc_samples=100 agent.actor.losses.min_dist.add_goal_as_future_state=true agent.actor.losses.behavior_cloning.weight=0 agent.goal_set_distance.enabled=false interaction.exploration_eps=0 interaction.validation_seed=1000 interaction.test_seed=2000000 interaction.num_eval_episodes=200 interaction.num_test_episodes=200 save_steps=20000 eval_steps=null keep_only_latest_checkpoint=true keep_only_best_and_final_checkpoints=true save_replay_buffer=true save_final_replay_buffer=true resume_if_possible=true
extended_v1_QRL-M_100k_20kckpt_val200_test200_pandaslidejoints_v3_online_s1002	online	PandaSlideJoints-v3	1002	100000	4.2m	env.kind=panda_gym env.init_num_transitions=100000 env.increment_num_transitions=100000 +qrl_model_size=m batch_size=256 agent.training_schedule=joint agent.actor.losses.min_dist.adaptive_entropy_regularizer=true agent.actor.losses.min_dist.entropy_mc_samples=100 agent.actor.losses.min_dist.add_goal_as_future_state=true agent.actor.losses.behavior_cloning.weight=0 agent.goal_set_distance.enabled=false interaction.exploration_eps=0 interaction.validation_seed=1000 interaction.test_seed=2000000 interaction.num_eval_episodes=200 interaction.num_test_episodes=200 save_steps=20000 eval_steps=null keep_only_latest_checkpoint=true keep_only_best_and_final_checkpoints=true save_replay_buffer=true save_final_replay_buffer=true resume_if_possible=true
extended_v1_QRL-M_100k_20kckpt_val200_test200_pandaslidejoints_v3_online_s1004	online	PandaSlideJoints-v3	1004	100000	4.2m	env.kind=panda_gym env.init_num_transitions=100000 env.increment_num_transitions=100000 +qrl_model_size=m batch_size=256 agent.training_schedule=joint agent.actor.losses.min_dist.adaptive_entropy_regularizer=true agent.actor.losses.min_dist.entropy_mc_samples=100 agent.actor.losses.min_dist.add_goal_as_future_state=true agent.actor.losses.behavior_cloning.weight=0 agent.goal_set_distance.enabled=false interaction.exploration_eps=0 interaction.validation_seed=1000 interaction.test_seed=2000000 interaction.num_eval_episodes=200 interaction.num_test_episodes=200 save_steps=20000 eval_steps=null keep_only_latest_checkpoint=true keep_only_best_and_final_checkpoints=true save_replay_buffer=true save_final_replay_buffer=true resume_if_possible=true
extended_v1_TD-InfoNCE-M_100k_20kckpt_val200_test200_pandaslidejoints_v3_online_s1000	online	PandaSlideJoints-v3	1000	100000	4.0m	env.kind=panda_gym env.init_num_transitions=100000 env.increment_num_transitions=100000 agent.algorithm=td_infonce +td_infonce_model_size=m batch_size=256 interaction.exploration_eps=0 interaction.validation_seed=1000 interaction.test_seed=2000000 interaction.num_eval_episodes=200 interaction.num_test_episodes=200 save_steps=20000 eval_steps=null keep_only_latest_checkpoint=true keep_only_best_and_final_checkpoints=true save_replay_buffer=true save_final_replay_buffer=true resume_if_possible=true
extended_v1_TD-InfoNCE-M_100k_20kckpt_val200_test200_pandaslidejoints_v3_online_s1002	online	PandaSlideJoints-v3	1002	100000	4.0m	env.kind=panda_gym env.init_num_transitions=100000 env.increment_num_transitions=100000 agent.algorithm=td_infonce +td_infonce_model_size=m batch_size=256 interaction.exploration_eps=0 interaction.validation_seed=1000 interaction.test_seed=2000000 interaction.num_eval_episodes=200 interaction.num_test_episodes=200 save_steps=20000 eval_steps=null keep_only_latest_checkpoint=true keep_only_best_and_final_checkpoints=true save_replay_buffer=true save_final_replay_buffer=true resume_if_possible=true
extended_v1_TD-InfoNCE-M_100k_20kckpt_val200_test200_pandaslidejoints_v3_online_s1003	online	PandaSlideJoints-v3	1003	100000	4.0m	env.kind=panda_gym env.init_num_transitions=100000 env.increment_num_transitions=100000 agent.algorithm=td_infonce +td_infonce_model_size=m batch_size=256 interaction.exploration_eps=0 interaction.validation_seed=1000 interaction.test_seed=2000000 interaction.num_eval_episodes=200 interaction.num_test_episodes=200 save_steps=20000 eval_steps=null keep_only_latest_checkpoint=true keep_only_best_and_final_checkpoints=true save_replay_buffer=true save_final_replay_buffer=true resume_if_possible=true
extended_v1_GCSL-M_100k_20kckpt_val200_test200_factorized_pandaslidejoints_v3_online_s1000	online	PandaSlideJoints-v3	1000	100000	4.1m	env.kind=panda_gym env.init_num_transitions=100000 env.increment_num_transitions=100000 agent.algorithm=gcsl +gcsl_model_size=m batch_size=256 interaction.exploration_eps=0 agent.baselines.gcbc.action_discretization=factorized interaction.validation_seed=1000 interaction.test_seed=2000000 interaction.num_eval_episodes=200 interaction.num_test_episodes=200 save_steps=20000 eval_steps=null keep_only_latest_checkpoint=true keep_only_best_and_final_checkpoints=true save_replay_buffer=true save_final_replay_buffer=true resume_if_possible=true
extended_v1_GCSL-M_100k_20kckpt_val200_test200_factorized_pandaslidejoints_v3_online_s1001	online	PandaSlideJoints-v3	1001	100000	4.1m	env.kind=panda_gym env.init_num_transitions=100000 env.increment_num_transitions=100000 agent.algorithm=gcsl +gcsl_model_size=m batch_size=256 interaction.exploration_eps=0 agent.baselines.gcbc.action_discretization=factorized interaction.validation_seed=1000 interaction.test_seed=2000000 interaction.num_eval_episodes=200 interaction.num_test_episodes=200 save_steps=20000 eval_steps=null keep_only_latest_checkpoint=true keep_only_best_and_final_checkpoints=true save_replay_buffer=true save_final_replay_buffer=true resume_if_possible=true
extended_v1_GCSL-M_100k_20kckpt_val200_test200_factorized_pandaslidejoints_v3_online_s1003	online	PandaSlideJoints-v3	1003	100000	4.1m	env.kind=panda_gym env.init_num_transitions=100000 env.increment_num_transitions=100000 agent.algorithm=gcsl +gcsl_model_size=m batch_size=256 interaction.exploration_eps=0 agent.baselines.gcbc.action_discretization=factorized interaction.validation_seed=1000 interaction.test_seed=2000000 interaction.num_eval_episodes=200 interaction.num_test_episodes=200 save_steps=20000 eval_steps=null keep_only_latest_checkpoint=true keep_only_best_and_final_checkpoints=true save_replay_buffer=true save_final_replay_buffer=true resume_if_possible=true
extended_v1_GCSL-M_100k_20kckpt_val200_test200_factorized_pandaslidejoints_v3_online_s1004	online	PandaSlideJoints-v3	1004	100000	4.1m	env.kind=panda_gym env.init_num_transitions=100000 env.increment_num_transitions=100000 agent.algorithm=gcsl +gcsl_model_size=m batch_size=256 interaction.exploration_eps=0 agent.baselines.gcbc.action_discretization=factorized interaction.validation_seed=1000 interaction.test_seed=2000000 interaction.num_eval_episodes=200 interaction.num_test_episodes=200 save_steps=20000 eval_steps=null keep_only_latest_checkpoint=true keep_only_best_and_final_checkpoints=true save_replay_buffer=true save_final_replay_buffer=true resume_if_possible=true
extended_v1_C-Learning-M_100k_20kckpt_val200_test200_pandaslidejoints_v3_online_s1001	online	PandaSlideJoints-v3	1001	100000	4.4m	env.kind=panda_gym env.init_num_transitions=100000 env.increment_num_transitions=100000 agent.algorithm=c_learning +c_learning_model_size=m batch_size=256 interaction.exploration_eps=0 interaction.validation_seed=1000 interaction.test_seed=2000000 interaction.num_eval_episodes=200 interaction.num_test_episodes=200 save_steps=20000 eval_steps=null keep_only_latest_checkpoint=true keep_only_best_and_final_checkpoints=true save_replay_buffer=true save_final_replay_buffer=true resume_if_possible=true
extended_v1_C-Learning-M_100k_20kckpt_val200_test200_pandaslidejoints_v3_online_s1002	online	PandaSlideJoints-v3	1002	100000	4.4m	env.kind=panda_gym env.init_num_transitions=100000 env.increment_num_transitions=100000 agent.algorithm=c_learning +c_learning_model_size=m batch_size=256 interaction.exploration_eps=0 interaction.validation_seed=1000 interaction.test_seed=2000000 interaction.num_eval_episodes=200 interaction.num_test_episodes=200 save_steps=20000 eval_steps=null keep_only_latest_checkpoint=true keep_only_best_and_final_checkpoints=true save_replay_buffer=true save_final_replay_buffer=true resume_if_possible=true
extended_v1_C-Learning-M_100k_20kckpt_val200_test200_pandaslidejoints_v3_online_s1004	online	PandaSlideJoints-v3	1004	100000	4.4m	env.kind=panda_gym env.init_num_transitions=100000 env.increment_num_transitions=100000 agent.algorithm=c_learning +c_learning_model_size=m batch_size=256 interaction.exploration_eps=0 interaction.validation_seed=1000 interaction.test_seed=2000000 interaction.num_eval_episodes=200 interaction.num_test_episodes=200 save_steps=20000 eval_steps=null keep_only_latest_checkpoint=true keep_only_best_and_final_checkpoints=true save_replay_buffer=true save_final_replay_buffer=true resume_if_possible=true
extended_v1_CRL-M_100k_20kckpt_val200_test200_pandaslidejoints_v3_online_s1000	online	PandaSlideJoints-v3	1000	100000	4.3m	env.kind=panda_gym env.init_num_transitions=100000 env.increment_num_transitions=100000 agent.algorithm=crl +crl_model_size=m batch_size=256 interaction.exploration_eps=0 interaction.validation_seed=1000 interaction.test_seed=2000000 interaction.num_eval_episodes=200 interaction.num_test_episodes=200 save_steps=20000 eval_steps=null keep_only_latest_checkpoint=true keep_only_best_and_final_checkpoints=true save_replay_buffer=true save_final_replay_buffer=true resume_if_possible=true
extended_v1_CRL-M_100k_20kckpt_val200_test200_pandaslidejoints_v3_online_s1002	online	PandaSlideJoints-v3	1002	100000	4.3m	env.kind=panda_gym env.init_num_transitions=100000 env.increment_num_transitions=100000 agent.algorithm=crl +crl_model_size=m batch_size=256 interaction.exploration_eps=0 interaction.validation_seed=1000 interaction.test_seed=2000000 interaction.num_eval_episodes=200 interaction.num_test_episodes=200 save_steps=20000 eval_steps=null keep_only_latest_checkpoint=true keep_only_best_and_final_checkpoints=true save_replay_buffer=true save_final_replay_buffer=true resume_if_possible=true
extended_v1_CRL-M_100k_20kckpt_val200_test200_pandaslidejoints_v3_online_s1003	online	PandaSlideJoints-v3	1003	100000	4.3m	env.kind=panda_gym env.init_num_transitions=100000 env.increment_num_transitions=100000 agent.algorithm=crl +crl_model_size=m batch_size=256 interaction.exploration_eps=0 interaction.validation_seed=1000 interaction.test_seed=2000000 interaction.num_eval_episodes=200 interaction.num_test_episodes=200 save_steps=20000 eval_steps=null keep_only_latest_checkpoint=true keep_only_best_and_final_checkpoints=true save_replay_buffer=true save_final_replay_buffer=true resume_if_possible=true
extended_v1_CQRL-Inner1-M_100k_20kckpt_val200_test200_pandaslidejoints_v3_online_s1000	online	PandaSlideJoints-v3	1000	100000	4.4m	env.kind=panda_gym env.init_num_transitions=100000 env.increment_num_transitions=100000 +cqrl_model_size=m batch_size=256 agent.training_schedule=joint agent.actor.losses.min_dist.adaptive_entropy_regularizer=true agent.actor.losses.min_dist.entropy_mc_samples=100 agent.actor.losses.min_dist.add_goal_as_future_state=true agent.actor.losses.behavior_cloning.weight=0 agent.goal_set_distance.enabled=false interaction.exploration_eps=0 agent.quasimetric_critic.losses.separate_latent_dynamics=false agent.quasimetric_critic.losses.latent_dynamics.distance=iqe_mse agent.quasimetric_critic.losses.latent_dynamics.mse_weight=1.0 agent.quasimetric_critic.losses.latent_dynamics.iqe_weight=1.0 agent.quasimetric_critic.model.encoder.branch_normalization=none agent.actor.losses.min_dist.latent_goal_mode=max agent.actor.losses.min_dist.latent_goal_keep_best=true agent.actor.losses.min_dist.latent_goal_lr=0.01 agent.actor.losses.min_dist.latent_goal_search=direct agent.actor.losses.min_dist.latent_goal_optim=sgd agent.actor.losses.min_dist.latent_goal_steps=1 interaction.validation_seed=1000 interaction.test_seed=2000000 interaction.num_eval_episodes=200 interaction.num_test_episodes=200 save_steps=20000 eval_steps=null keep_only_latest_checkpoint=true keep_only_best_and_final_checkpoints=true save_replay_buffer=true save_final_replay_buffer=true resume_if_possible=true
extended_v1_CQRL-Inner1-M_100k_20kckpt_val200_test200_pandaslidejoints_v3_online_s1001	online	PandaSlideJoints-v3	1001	100000	4.4m	env.kind=panda_gym env.init_num_transitions=100000 env.increment_num_transitions=100000 +cqrl_model_size=m batch_size=256 agent.training_schedule=joint agent.actor.losses.min_dist.adaptive_entropy_regularizer=true agent.actor.losses.min_dist.entropy_mc_samples=100 agent.actor.losses.min_dist.add_goal_as_future_state=true agent.actor.losses.behavior_cloning.weight=0 agent.goal_set_distance.enabled=false interaction.exploration_eps=0 agent.quasimetric_critic.losses.separate_latent_dynamics=false agent.quasimetric_critic.losses.latent_dynamics.distance=iqe_mse agent.quasimetric_critic.losses.latent_dynamics.mse_weight=1.0 agent.quasimetric_critic.losses.latent_dynamics.iqe_weight=1.0 agent.quasimetric_critic.model.encoder.branch_normalization=none agent.actor.losses.min_dist.latent_goal_mode=max agent.actor.losses.min_dist.latent_goal_keep_best=true agent.actor.losses.min_dist.latent_goal_lr=0.01 agent.actor.losses.min_dist.latent_goal_search=direct agent.actor.losses.min_dist.latent_goal_optim=sgd agent.actor.losses.min_dist.latent_goal_steps=1 interaction.validation_seed=1000 interaction.test_seed=2000000 interaction.num_eval_episodes=200 interaction.num_test_episodes=200 save_steps=20000 eval_steps=null keep_only_latest_checkpoint=true keep_only_best_and_final_checkpoints=true save_replay_buffer=true save_final_replay_buffer=true resume_if_possible=true
extended_v1_CQRL-Inner1-M_100k_20kckpt_val200_test200_pandaslidejoints_v3_online_s1003	online	PandaSlideJoints-v3	1003	100000	4.4m	env.kind=panda_gym env.init_num_transitions=100000 env.increment_num_transitions=100000 +cqrl_model_size=m batch_size=256 agent.training_schedule=joint agent.actor.losses.min_dist.adaptive_entropy_regularizer=true agent.actor.losses.min_dist.entropy_mc_samples=100 agent.actor.losses.min_dist.add_goal_as_future_state=true agent.actor.losses.behavior_cloning.weight=0 agent.goal_set_distance.enabled=false interaction.exploration_eps=0 agent.quasimetric_critic.losses.separate_latent_dynamics=false agent.quasimetric_critic.losses.latent_dynamics.distance=iqe_mse agent.quasimetric_critic.losses.latent_dynamics.mse_weight=1.0 agent.quasimetric_critic.losses.latent_dynamics.iqe_weight=1.0 agent.quasimetric_critic.model.encoder.branch_normalization=none agent.actor.losses.min_dist.latent_goal_mode=max agent.actor.losses.min_dist.latent_goal_keep_best=true agent.actor.losses.min_dist.latent_goal_lr=0.01 agent.actor.losses.min_dist.latent_goal_search=direct agent.actor.losses.min_dist.latent_goal_optim=sgd agent.actor.losses.min_dist.latent_goal_steps=1 interaction.validation_seed=1000 interaction.test_seed=2000000 interaction.num_eval_episodes=200 interaction.num_test_episodes=200 save_steps=20000 eval_steps=null keep_only_latest_checkpoint=true keep_only_best_and_final_checkpoints=true save_replay_buffer=true save_final_replay_buffer=true resume_if_possible=true
extended_v1_CQRL-Inner1-M_100k_20kckpt_val200_test200_pandaslidejoints_v3_online_s1004	online	PandaSlideJoints-v3	1004	100000	4.4m	env.kind=panda_gym env.init_num_transitions=100000 env.increment_num_transitions=100000 +cqrl_model_size=m batch_size=256 agent.training_schedule=joint agent.actor.losses.min_dist.adaptive_entropy_regularizer=true agent.actor.losses.min_dist.entropy_mc_samples=100 agent.actor.losses.min_dist.add_goal_as_future_state=true agent.actor.losses.behavior_cloning.weight=0 agent.goal_set_distance.enabled=false interaction.exploration_eps=0 agent.quasimetric_critic.losses.separate_latent_dynamics=false agent.quasimetric_critic.losses.latent_dynamics.distance=iqe_mse agent.quasimetric_critic.losses.latent_dynamics.mse_weight=1.0 agent.quasimetric_critic.losses.latent_dynamics.iqe_weight=1.0 agent.quasimetric_critic.model.encoder.branch_normalization=none agent.actor.losses.min_dist.latent_goal_mode=max agent.actor.losses.min_dist.latent_goal_keep_best=true agent.actor.losses.min_dist.latent_goal_lr=0.01 agent.actor.losses.min_dist.latent_goal_search=direct agent.actor.losses.min_dist.latent_goal_optim=sgd agent.actor.losses.min_dist.latent_goal_steps=1 interaction.validation_seed=1000 interaction.test_seed=2000000 interaction.num_eval_episodes=200 interaction.num_test_episodes=200 save_steps=20000 eval_steps=null keep_only_latest_checkpoint=true keep_only_best_and_final_checkpoints=true save_replay_buffer=true save_final_replay_buffer=true resume_if_possible=true
extended_v1_QRL-M_100k_20kckpt_val200_test200_pandapickandplacejoints_v3_online_s1000	online	PandaPickAndPlaceJoints-v3	1000	100000	4.2m	env.kind=panda_gym env.init_num_transitions=100000 env.increment_num_transitions=100000 +qrl_model_size=m batch_size=256 agent.training_schedule=joint agent.actor.losses.min_dist.adaptive_entropy_regularizer=true agent.actor.losses.min_dist.entropy_mc_samples=100 agent.actor.losses.min_dist.add_goal_as_future_state=true agent.actor.losses.behavior_cloning.weight=0 agent.goal_set_distance.enabled=false interaction.exploration_eps=0 interaction.validation_seed=1000 interaction.test_seed=2000000 interaction.num_eval_episodes=200 interaction.num_test_episodes=200 save_steps=20000 eval_steps=null keep_only_latest_checkpoint=true keep_only_best_and_final_checkpoints=true save_replay_buffer=true save_final_replay_buffer=true resume_if_possible=true
extended_v1_QRL-M_100k_20kckpt_val200_test200_pandapickandplacejoints_v3_online_s1001	online	PandaPickAndPlaceJoints-v3	1001	100000	4.2m	env.kind=panda_gym env.init_num_transitions=100000 env.increment_num_transitions=100000 +qrl_model_size=m batch_size=256 agent.training_schedule=joint agent.actor.losses.min_dist.adaptive_entropy_regularizer=true agent.actor.losses.min_dist.entropy_mc_samples=100 agent.actor.losses.min_dist.add_goal_as_future_state=true agent.actor.losses.behavior_cloning.weight=0 agent.goal_set_distance.enabled=false interaction.exploration_eps=0 interaction.validation_seed=1000 interaction.test_seed=2000000 interaction.num_eval_episodes=200 interaction.num_test_episodes=200 save_steps=20000 eval_steps=null keep_only_latest_checkpoint=true keep_only_best_and_final_checkpoints=true save_replay_buffer=true save_final_replay_buffer=true resume_if_possible=true
extended_v1_QRL-M_100k_20kckpt_val200_test200_pandapickandplacejoints_v3_online_s1003	online	PandaPickAndPlaceJoints-v3	1003	100000	4.2m	env.kind=panda_gym env.init_num_transitions=100000 env.increment_num_transitions=100000 +qrl_model_size=m batch_size=256 agent.training_schedule=joint agent.actor.losses.min_dist.adaptive_entropy_regularizer=true agent.actor.losses.min_dist.entropy_mc_samples=100 agent.actor.losses.min_dist.add_goal_as_future_state=true agent.actor.losses.behavior_cloning.weight=0 agent.goal_set_distance.enabled=false interaction.exploration_eps=0 interaction.validation_seed=1000 interaction.test_seed=2000000 interaction.num_eval_episodes=200 interaction.num_test_episodes=200 save_steps=20000 eval_steps=null keep_only_latest_checkpoint=true keep_only_best_and_final_checkpoints=true save_replay_buffer=true save_final_replay_buffer=true resume_if_possible=true
extended_v1_QRL-M_100k_20kckpt_val200_test200_pandapickandplacejoints_v3_online_s1004	online	PandaPickAndPlaceJoints-v3	1004	100000	4.2m	env.kind=panda_gym env.init_num_transitions=100000 env.increment_num_transitions=100000 +qrl_model_size=m batch_size=256 agent.training_schedule=joint agent.actor.losses.min_dist.adaptive_entropy_regularizer=true agent.actor.losses.min_dist.entropy_mc_samples=100 agent.actor.losses.min_dist.add_goal_as_future_state=true agent.actor.losses.behavior_cloning.weight=0 agent.goal_set_distance.enabled=false interaction.exploration_eps=0 interaction.validation_seed=1000 interaction.test_seed=2000000 interaction.num_eval_episodes=200 interaction.num_test_episodes=200 save_steps=20000 eval_steps=null keep_only_latest_checkpoint=true keep_only_best_and_final_checkpoints=true save_replay_buffer=true save_final_replay_buffer=true resume_if_possible=true
extended_v1_TD-InfoNCE-M_100k_20kckpt_val200_test200_pandapickandplacejoints_v3_online_s1001	online	PandaPickAndPlaceJoints-v3	1001	100000	4.1m	env.kind=panda_gym env.init_num_transitions=100000 env.increment_num_transitions=100000 agent.algorithm=td_infonce +td_infonce_model_size=m batch_size=256 interaction.exploration_eps=0 interaction.validation_seed=1000 interaction.test_seed=2000000 interaction.num_eval_episodes=200 interaction.num_test_episodes=200 save_steps=20000 eval_steps=null keep_only_latest_checkpoint=true keep_only_best_and_final_checkpoints=true save_replay_buffer=true save_final_replay_buffer=true resume_if_possible=true
extended_v1_TD-InfoNCE-M_100k_20kckpt_val200_test200_pandapickandplacejoints_v3_online_s1002	online	PandaPickAndPlaceJoints-v3	1002	100000	4.1m	env.kind=panda_gym env.init_num_transitions=100000 env.increment_num_transitions=100000 agent.algorithm=td_infonce +td_infonce_model_size=m batch_size=256 interaction.exploration_eps=0 interaction.validation_seed=1000 interaction.test_seed=2000000 interaction.num_eval_episodes=200 interaction.num_test_episodes=200 save_steps=20000 eval_steps=null keep_only_latest_checkpoint=true keep_only_best_and_final_checkpoints=true save_replay_buffer=true save_final_replay_buffer=true resume_if_possible=true
extended_v1_TD-InfoNCE-M_100k_20kckpt_val200_test200_pandapickandplacejoints_v3_online_s1004	online	PandaPickAndPlaceJoints-v3	1004	100000	4.1m	env.kind=panda_gym env.init_num_transitions=100000 env.increment_num_transitions=100000 agent.algorithm=td_infonce +td_infonce_model_size=m batch_size=256 interaction.exploration_eps=0 interaction.validation_seed=1000 interaction.test_seed=2000000 interaction.num_eval_episodes=200 interaction.num_test_episodes=200 save_steps=20000 eval_steps=null keep_only_latest_checkpoint=true keep_only_best_and_final_checkpoints=true save_replay_buffer=true save_final_replay_buffer=true resume_if_possible=true
extended_v1_GCSL-M_100k_20kckpt_val200_test200_factorized_pandapickandplacejoints_v3_online_s1000	online	PandaPickAndPlaceJoints-v3	1000	100000	4.1m	env.kind=panda_gym env.init_num_transitions=100000 env.increment_num_transitions=100000 agent.algorithm=gcsl +gcsl_model_size=m batch_size=256 interaction.exploration_eps=0 agent.baselines.gcbc.action_discretization=factorized interaction.validation_seed=1000 interaction.test_seed=2000000 interaction.num_eval_episodes=200 interaction.num_test_episodes=200 save_steps=20000 eval_steps=null keep_only_latest_checkpoint=true keep_only_best_and_final_checkpoints=true save_replay_buffer=true save_final_replay_buffer=true resume_if_possible=true
extended_v1_GCSL-M_100k_20kckpt_val200_test200_factorized_pandapickandplacejoints_v3_online_s1002	online	PandaPickAndPlaceJoints-v3	1002	100000	4.1m	env.kind=panda_gym env.init_num_transitions=100000 env.increment_num_transitions=100000 agent.algorithm=gcsl +gcsl_model_size=m batch_size=256 interaction.exploration_eps=0 agent.baselines.gcbc.action_discretization=factorized interaction.validation_seed=1000 interaction.test_seed=2000000 interaction.num_eval_episodes=200 interaction.num_test_episodes=200 save_steps=20000 eval_steps=null keep_only_latest_checkpoint=true keep_only_best_and_final_checkpoints=true save_replay_buffer=true save_final_replay_buffer=true resume_if_possible=true
extended_v1_GCSL-M_100k_20kckpt_val200_test200_factorized_pandapickandplacejoints_v3_online_s1003	online	PandaPickAndPlaceJoints-v3	1003	100000	4.1m	env.kind=panda_gym env.init_num_transitions=100000 env.increment_num_transitions=100000 agent.algorithm=gcsl +gcsl_model_size=m batch_size=256 interaction.exploration_eps=0 agent.baselines.gcbc.action_discretization=factorized interaction.validation_seed=1000 interaction.test_seed=2000000 interaction.num_eval_episodes=200 interaction.num_test_episodes=200 save_steps=20000 eval_steps=null keep_only_latest_checkpoint=true keep_only_best_and_final_checkpoints=true save_replay_buffer=true save_final_replay_buffer=true resume_if_possible=true
extended_v1_C-Learning-M_100k_20kckpt_val200_test200_pandapickandplacejoints_v3_online_s1000	online	PandaPickAndPlaceJoints-v3	1000	100000	4.4m	env.kind=panda_gym env.init_num_transitions=100000 env.increment_num_transitions=100000 agent.algorithm=c_learning +c_learning_model_size=m batch_size=256 interaction.exploration_eps=0 interaction.validation_seed=1000 interaction.test_seed=2000000 interaction.num_eval_episodes=200 interaction.num_test_episodes=200 save_steps=20000 eval_steps=null keep_only_latest_checkpoint=true keep_only_best_and_final_checkpoints=true save_replay_buffer=true save_final_replay_buffer=true resume_if_possible=true
extended_v1_C-Learning-M_100k_20kckpt_val200_test200_pandapickandplacejoints_v3_online_s1001	online	PandaPickAndPlaceJoints-v3	1001	100000	4.4m	env.kind=panda_gym env.init_num_transitions=100000 env.increment_num_transitions=100000 agent.algorithm=c_learning +c_learning_model_size=m batch_size=256 interaction.exploration_eps=0 interaction.validation_seed=1000 interaction.test_seed=2000000 interaction.num_eval_episodes=200 interaction.num_test_episodes=200 save_steps=20000 eval_steps=null keep_only_latest_checkpoint=true keep_only_best_and_final_checkpoints=true save_replay_buffer=true save_final_replay_buffer=true resume_if_possible=true
extended_v1_C-Learning-M_100k_20kckpt_val200_test200_pandapickandplacejoints_v3_online_s1003	online	PandaPickAndPlaceJoints-v3	1003	100000	4.4m	env.kind=panda_gym env.init_num_transitions=100000 env.increment_num_transitions=100000 agent.algorithm=c_learning +c_learning_model_size=m batch_size=256 interaction.exploration_eps=0 interaction.validation_seed=1000 interaction.test_seed=2000000 interaction.num_eval_episodes=200 interaction.num_test_episodes=200 save_steps=20000 eval_steps=null keep_only_latest_checkpoint=true keep_only_best_and_final_checkpoints=true save_replay_buffer=true save_final_replay_buffer=true resume_if_possible=true
extended_v1_C-Learning-M_100k_20kckpt_val200_test200_pandapickandplacejoints_v3_online_s1004	online	PandaPickAndPlaceJoints-v3	1004	100000	4.4m	env.kind=panda_gym env.init_num_transitions=100000 env.increment_num_transitions=100000 agent.algorithm=c_learning +c_learning_model_size=m batch_size=256 interaction.exploration_eps=0 interaction.validation_seed=1000 interaction.test_seed=2000000 interaction.num_eval_episodes=200 interaction.num_test_episodes=200 save_steps=20000 eval_steps=null keep_only_latest_checkpoint=true keep_only_best_and_final_checkpoints=true save_replay_buffer=true save_final_replay_buffer=true resume_if_possible=true
extended_v1_CRL-M_100k_20kckpt_val200_test200_pandapickandplacejoints_v3_online_s1001	online	PandaPickAndPlaceJoints-v3	1001	100000	4.3m	env.kind=panda_gym env.init_num_transitions=100000 env.increment_num_transitions=100000 agent.algorithm=crl +crl_model_size=m batch_size=256 interaction.exploration_eps=0 interaction.validation_seed=1000 interaction.test_seed=2000000 interaction.num_eval_episodes=200 interaction.num_test_episodes=200 save_steps=20000 eval_steps=null keep_only_latest_checkpoint=true keep_only_best_and_final_checkpoints=true save_replay_buffer=true save_final_replay_buffer=true resume_if_possible=true
extended_v1_CRL-M_100k_20kckpt_val200_test200_pandapickandplacejoints_v3_online_s1002	online	PandaPickAndPlaceJoints-v3	1002	100000	4.3m	env.kind=panda_gym env.init_num_transitions=100000 env.increment_num_transitions=100000 agent.algorithm=crl +crl_model_size=m batch_size=256 interaction.exploration_eps=0 interaction.validation_seed=1000 interaction.test_seed=2000000 interaction.num_eval_episodes=200 interaction.num_test_episodes=200 save_steps=20000 eval_steps=null keep_only_latest_checkpoint=true keep_only_best_and_final_checkpoints=true save_replay_buffer=true save_final_replay_buffer=true resume_if_possible=true
extended_v1_CRL-M_100k_20kckpt_val200_test200_pandapickandplacejoints_v3_online_s1004	online	PandaPickAndPlaceJoints-v3	1004	100000	4.3m	env.kind=panda_gym env.init_num_transitions=100000 env.increment_num_transitions=100000 agent.algorithm=crl +crl_model_size=m batch_size=256 interaction.exploration_eps=0 interaction.validation_seed=1000 interaction.test_seed=2000000 interaction.num_eval_episodes=200 interaction.num_test_episodes=200 save_steps=20000 eval_steps=null keep_only_latest_checkpoint=true keep_only_best_and_final_checkpoints=true save_replay_buffer=true save_final_replay_buffer=true resume_if_possible=true
extended_v1_CQRL-Inner1-M_100k_20kckpt_val200_test200_pandapickandplacejoints_v3_online_s1000	online	PandaPickAndPlaceJoints-v3	1000	100000	4.4m	env.kind=panda_gym env.init_num_transitions=100000 env.increment_num_transitions=100000 +cqrl_model_size=m batch_size=256 agent.training_schedule=joint agent.actor.losses.min_dist.adaptive_entropy_regularizer=true agent.actor.losses.min_dist.entropy_mc_samples=100 agent.actor.losses.min_dist.add_goal_as_future_state=true agent.actor.losses.behavior_cloning.weight=0 agent.goal_set_distance.enabled=false interaction.exploration_eps=0 agent.quasimetric_critic.losses.separate_latent_dynamics=false agent.quasimetric_critic.losses.latent_dynamics.distance=iqe_mse agent.quasimetric_critic.losses.latent_dynamics.mse_weight=1.0 agent.quasimetric_critic.losses.latent_dynamics.iqe_weight=1.0 agent.quasimetric_critic.model.encoder.branch_normalization=none agent.actor.losses.min_dist.latent_goal_mode=max agent.actor.losses.min_dist.latent_goal_keep_best=true agent.actor.losses.min_dist.latent_goal_lr=0.01 agent.actor.losses.min_dist.latent_goal_search=direct agent.actor.losses.min_dist.latent_goal_optim=sgd agent.actor.losses.min_dist.latent_goal_steps=1 interaction.validation_seed=1000 interaction.test_seed=2000000 interaction.num_eval_episodes=200 interaction.num_test_episodes=200 save_steps=20000 eval_steps=null keep_only_latest_checkpoint=true keep_only_best_and_final_checkpoints=true save_replay_buffer=true save_final_replay_buffer=true resume_if_possible=true
extended_v1_CQRL-Inner1-M_100k_20kckpt_val200_test200_pandapickandplacejoints_v3_online_s1002	online	PandaPickAndPlaceJoints-v3	1002	100000	4.4m	env.kind=panda_gym env.init_num_transitions=100000 env.increment_num_transitions=100000 +cqrl_model_size=m batch_size=256 agent.training_schedule=joint agent.actor.losses.min_dist.adaptive_entropy_regularizer=true agent.actor.losses.min_dist.entropy_mc_samples=100 agent.actor.losses.min_dist.add_goal_as_future_state=true agent.actor.losses.behavior_cloning.weight=0 agent.goal_set_distance.enabled=false interaction.exploration_eps=0 agent.quasimetric_critic.losses.separate_latent_dynamics=false agent.quasimetric_critic.losses.latent_dynamics.distance=iqe_mse agent.quasimetric_critic.losses.latent_dynamics.mse_weight=1.0 agent.quasimetric_critic.losses.latent_dynamics.iqe_weight=1.0 agent.quasimetric_critic.model.encoder.branch_normalization=none agent.actor.losses.min_dist.latent_goal_mode=max agent.actor.losses.min_dist.latent_goal_keep_best=true agent.actor.losses.min_dist.latent_goal_lr=0.01 agent.actor.losses.min_dist.latent_goal_search=direct agent.actor.losses.min_dist.latent_goal_optim=sgd agent.actor.losses.min_dist.latent_goal_steps=1 interaction.validation_seed=1000 interaction.test_seed=2000000 interaction.num_eval_episodes=200 interaction.num_test_episodes=200 save_steps=20000 eval_steps=null keep_only_latest_checkpoint=true keep_only_best_and_final_checkpoints=true save_replay_buffer=true save_final_replay_buffer=true resume_if_possible=true
extended_v1_CQRL-Inner1-M_100k_20kckpt_val200_test200_pandapickandplacejoints_v3_online_s1003	online	PandaPickAndPlaceJoints-v3	1003	100000	4.4m	env.kind=panda_gym env.init_num_transitions=100000 env.increment_num_transitions=100000 +cqrl_model_size=m batch_size=256 agent.training_schedule=joint agent.actor.losses.min_dist.adaptive_entropy_regularizer=true agent.actor.losses.min_dist.entropy_mc_samples=100 agent.actor.losses.min_dist.add_goal_as_future_state=true agent.actor.losses.behavior_cloning.weight=0 agent.goal_set_distance.enabled=false interaction.exploration_eps=0 agent.quasimetric_critic.losses.separate_latent_dynamics=false agent.quasimetric_critic.losses.latent_dynamics.distance=iqe_mse agent.quasimetric_critic.losses.latent_dynamics.mse_weight=1.0 agent.quasimetric_critic.losses.latent_dynamics.iqe_weight=1.0 agent.quasimetric_critic.model.encoder.branch_normalization=none agent.actor.losses.min_dist.latent_goal_mode=max agent.actor.losses.min_dist.latent_goal_keep_best=true agent.actor.losses.min_dist.latent_goal_lr=0.01 agent.actor.losses.min_dist.latent_goal_search=direct agent.actor.losses.min_dist.latent_goal_optim=sgd agent.actor.losses.min_dist.latent_goal_steps=1 interaction.validation_seed=1000 interaction.test_seed=2000000 interaction.num_eval_episodes=200 interaction.num_test_episodes=200 save_steps=20000 eval_steps=null keep_only_latest_checkpoint=true keep_only_best_and_final_checkpoints=true save_replay_buffer=true save_final_replay_buffer=true resume_if_possible=true
extended_v1_QRL-M_100k_20kckpt_val200_test200_pandastackjoints_v3_online_s1000	online	PandaStackJoints-v3	1000	100000	4.3m	env.kind=panda_gym env.init_num_transitions=100000 env.increment_num_transitions=100000 +qrl_model_size=m batch_size=256 agent.training_schedule=joint agent.actor.losses.min_dist.adaptive_entropy_regularizer=true agent.actor.losses.min_dist.entropy_mc_samples=100 agent.actor.losses.min_dist.add_goal_as_future_state=true agent.actor.losses.behavior_cloning.weight=0 agent.goal_set_distance.enabled=false interaction.exploration_eps=0 interaction.validation_seed=1000 interaction.test_seed=2000000 interaction.num_eval_episodes=200 interaction.num_test_episodes=200 save_steps=20000 eval_steps=null keep_only_latest_checkpoint=true keep_only_best_and_final_checkpoints=true save_replay_buffer=true save_final_replay_buffer=true resume_if_possible=true
extended_v1_QRL-M_100k_20kckpt_val200_test200_pandastackjoints_v3_online_s1002	online	PandaStackJoints-v3	1002	100000	4.3m	env.kind=panda_gym env.init_num_transitions=100000 env.increment_num_transitions=100000 +qrl_model_size=m batch_size=256 agent.training_schedule=joint agent.actor.losses.min_dist.adaptive_entropy_regularizer=true agent.actor.losses.min_dist.entropy_mc_samples=100 agent.actor.losses.min_dist.add_goal_as_future_state=true agent.actor.losses.behavior_cloning.weight=0 agent.goal_set_distance.enabled=false interaction.exploration_eps=0 interaction.validation_seed=1000 interaction.test_seed=2000000 interaction.num_eval_episodes=200 interaction.num_test_episodes=200 save_steps=20000 eval_steps=null keep_only_latest_checkpoint=true keep_only_best_and_final_checkpoints=true save_replay_buffer=true save_final_replay_buffer=true resume_if_possible=true
extended_v1_QRL-M_100k_20kckpt_val200_test200_pandastackjoints_v3_online_s1003	online	PandaStackJoints-v3	1003	100000	4.3m	env.kind=panda_gym env.init_num_transitions=100000 env.increment_num_transitions=100000 +qrl_model_size=m batch_size=256 agent.training_schedule=joint agent.actor.losses.min_dist.adaptive_entropy_regularizer=true agent.actor.losses.min_dist.entropy_mc_samples=100 agent.actor.losses.min_dist.add_goal_as_future_state=true agent.actor.losses.behavior_cloning.weight=0 agent.goal_set_distance.enabled=false interaction.exploration_eps=0 interaction.validation_seed=1000 interaction.test_seed=2000000 interaction.num_eval_episodes=200 interaction.num_test_episodes=200 save_steps=20000 eval_steps=null keep_only_latest_checkpoint=true keep_only_best_and_final_checkpoints=true save_replay_buffer=true save_final_replay_buffer=true resume_if_possible=true
extended_v1_TD-InfoNCE-M_100k_20kckpt_val200_test200_pandastackjoints_v3_online_s1000	online	PandaStackJoints-v3	1000	100000	4.1m	env.kind=panda_gym env.init_num_transitions=100000 env.increment_num_transitions=100000 agent.algorithm=td_infonce +td_infonce_model_size=m batch_size=256 interaction.exploration_eps=0 interaction.validation_seed=1000 interaction.test_seed=2000000 interaction.num_eval_episodes=200 interaction.num_test_episodes=200 save_steps=20000 eval_steps=null keep_only_latest_checkpoint=true keep_only_best_and_final_checkpoints=true save_replay_buffer=true save_final_replay_buffer=true resume_if_possible=true
extended_v1_TD-InfoNCE-M_100k_20kckpt_val200_test200_pandastackjoints_v3_online_s1001	online	PandaStackJoints-v3	1001	100000	4.1m	env.kind=panda_gym env.init_num_transitions=100000 env.increment_num_transitions=100000 agent.algorithm=td_infonce +td_infonce_model_size=m batch_size=256 interaction.exploration_eps=0 interaction.validation_seed=1000 interaction.test_seed=2000000 interaction.num_eval_episodes=200 interaction.num_test_episodes=200 save_steps=20000 eval_steps=null keep_only_latest_checkpoint=true keep_only_best_and_final_checkpoints=true save_replay_buffer=true save_final_replay_buffer=true resume_if_possible=true
extended_v1_TD-InfoNCE-M_100k_20kckpt_val200_test200_pandastackjoints_v3_online_s1003	online	PandaStackJoints-v3	1003	100000	4.1m	env.kind=panda_gym env.init_num_transitions=100000 env.increment_num_transitions=100000 agent.algorithm=td_infonce +td_infonce_model_size=m batch_size=256 interaction.exploration_eps=0 interaction.validation_seed=1000 interaction.test_seed=2000000 interaction.num_eval_episodes=200 interaction.num_test_episodes=200 save_steps=20000 eval_steps=null keep_only_latest_checkpoint=true keep_only_best_and_final_checkpoints=true save_replay_buffer=true save_final_replay_buffer=true resume_if_possible=true
extended_v1_TD-InfoNCE-M_100k_20kckpt_val200_test200_pandastackjoints_v3_online_s1004	online	PandaStackJoints-v3	1004	100000	4.1m	env.kind=panda_gym env.init_num_transitions=100000 env.increment_num_transitions=100000 agent.algorithm=td_infonce +td_infonce_model_size=m batch_size=256 interaction.exploration_eps=0 interaction.validation_seed=1000 interaction.test_seed=2000000 interaction.num_eval_episodes=200 interaction.num_test_episodes=200 save_steps=20000 eval_steps=null keep_only_latest_checkpoint=true keep_only_best_and_final_checkpoints=true save_replay_buffer=true save_final_replay_buffer=true resume_if_possible=true
extended_v1_GCSL-M_100k_20kckpt_val200_test200_factorized_pandastackjoints_v3_online_s1001	online	PandaStackJoints-v3	1001	100000	4.2m	env.kind=panda_gym env.init_num_transitions=100000 env.increment_num_transitions=100000 agent.algorithm=gcsl +gcsl_model_size=m batch_size=256 interaction.exploration_eps=0 agent.baselines.gcbc.action_discretization=factorized interaction.validation_seed=1000 interaction.test_seed=2000000 interaction.num_eval_episodes=200 interaction.num_test_episodes=200 save_steps=20000 eval_steps=null keep_only_latest_checkpoint=true keep_only_best_and_final_checkpoints=true save_replay_buffer=true save_final_replay_buffer=true resume_if_possible=true
extended_v1_GCSL-M_100k_20kckpt_val200_test200_factorized_pandastackjoints_v3_online_s1002	online	PandaStackJoints-v3	1002	100000	4.2m	env.kind=panda_gym env.init_num_transitions=100000 env.increment_num_transitions=100000 agent.algorithm=gcsl +gcsl_model_size=m batch_size=256 interaction.exploration_eps=0 agent.baselines.gcbc.action_discretization=factorized interaction.validation_seed=1000 interaction.test_seed=2000000 interaction.num_eval_episodes=200 interaction.num_test_episodes=200 save_steps=20000 eval_steps=null keep_only_latest_checkpoint=true keep_only_best_and_final_checkpoints=true save_replay_buffer=true save_final_replay_buffer=true resume_if_possible=true
extended_v1_GCSL-M_100k_20kckpt_val200_test200_factorized_pandastackjoints_v3_online_s1004	online	PandaStackJoints-v3	1004	100000	4.2m	env.kind=panda_gym env.init_num_transitions=100000 env.increment_num_transitions=100000 agent.algorithm=gcsl +gcsl_model_size=m batch_size=256 interaction.exploration_eps=0 agent.baselines.gcbc.action_discretization=factorized interaction.validation_seed=1000 interaction.test_seed=2000000 interaction.num_eval_episodes=200 interaction.num_test_episodes=200 save_steps=20000 eval_steps=null keep_only_latest_checkpoint=true keep_only_best_and_final_checkpoints=true save_replay_buffer=true save_final_replay_buffer=true resume_if_possible=true
extended_v1_C-Learning-M_100k_20kckpt_val200_test200_pandastackjoints_v3_online_s1000	online	PandaStackJoints-v3	1000	100000	4.4m	env.kind=panda_gym env.init_num_transitions=100000 env.increment_num_transitions=100000 agent.algorithm=c_learning +c_learning_model_size=m batch_size=256 interaction.exploration_eps=0 interaction.validation_seed=1000 interaction.test_seed=2000000 interaction.num_eval_episodes=200 interaction.num_test_episodes=200 save_steps=20000 eval_steps=null keep_only_latest_checkpoint=true keep_only_best_and_final_checkpoints=true save_replay_buffer=true save_final_replay_buffer=true resume_if_possible=true
extended_v1_C-Learning-M_100k_20kckpt_val200_test200_pandastackjoints_v3_online_s1002	online	PandaStackJoints-v3	1002	100000	4.4m	env.kind=panda_gym env.init_num_transitions=100000 env.increment_num_transitions=100000 agent.algorithm=c_learning +c_learning_model_size=m batch_size=256 interaction.exploration_eps=0 interaction.validation_seed=1000 interaction.test_seed=2000000 interaction.num_eval_episodes=200 interaction.num_test_episodes=200 save_steps=20000 eval_steps=null keep_only_latest_checkpoint=true keep_only_best_and_final_checkpoints=true save_replay_buffer=true save_final_replay_buffer=true resume_if_possible=true
extended_v1_C-Learning-M_100k_20kckpt_val200_test200_pandastackjoints_v3_online_s1003	online	PandaStackJoints-v3	1003	100000	4.4m	env.kind=panda_gym env.init_num_transitions=100000 env.increment_num_transitions=100000 agent.algorithm=c_learning +c_learning_model_size=m batch_size=256 interaction.exploration_eps=0 interaction.validation_seed=1000 interaction.test_seed=2000000 interaction.num_eval_episodes=200 interaction.num_test_episodes=200 save_steps=20000 eval_steps=null keep_only_latest_checkpoint=true keep_only_best_and_final_checkpoints=true save_replay_buffer=true save_final_replay_buffer=true resume_if_possible=true
extended_v1_CRL-M_100k_20kckpt_val200_test200_pandastackjoints_v3_online_s1000	online	PandaStackJoints-v3	1000	100000	4.4m	env.kind=panda_gym env.init_num_transitions=100000 env.increment_num_transitions=100000 agent.algorithm=crl +crl_model_size=m batch_size=256 interaction.exploration_eps=0 interaction.validation_seed=1000 interaction.test_seed=2000000 interaction.num_eval_episodes=200 interaction.num_test_episodes=200 save_steps=20000 eval_steps=null keep_only_latest_checkpoint=true keep_only_best_and_final_checkpoints=true save_replay_buffer=true save_final_replay_buffer=true resume_if_possible=true
extended_v1_CRL-M_100k_20kckpt_val200_test200_pandastackjoints_v3_online_s1001	online	PandaStackJoints-v3	1001	100000	4.4m	env.kind=panda_gym env.init_num_transitions=100000 env.increment_num_transitions=100000 agent.algorithm=crl +crl_model_size=m batch_size=256 interaction.exploration_eps=0 interaction.validation_seed=1000 interaction.test_seed=2000000 interaction.num_eval_episodes=200 interaction.num_test_episodes=200 save_steps=20000 eval_steps=null keep_only_latest_checkpoint=true keep_only_best_and_final_checkpoints=true save_replay_buffer=true save_final_replay_buffer=true resume_if_possible=true
extended_v1_CRL-M_100k_20kckpt_val200_test200_pandastackjoints_v3_online_s1003	online	PandaStackJoints-v3	1003	100000	4.4m	env.kind=panda_gym env.init_num_transitions=100000 env.increment_num_transitions=100000 agent.algorithm=crl +crl_model_size=m batch_size=256 interaction.exploration_eps=0 interaction.validation_seed=1000 interaction.test_seed=2000000 interaction.num_eval_episodes=200 interaction.num_test_episodes=200 save_steps=20000 eval_steps=null keep_only_latest_checkpoint=true keep_only_best_and_final_checkpoints=true save_replay_buffer=true save_final_replay_buffer=true resume_if_possible=true
extended_v1_CRL-M_100k_20kckpt_val200_test200_pandastackjoints_v3_online_s1004	online	PandaStackJoints-v3	1004	100000	4.4m	env.kind=panda_gym env.init_num_transitions=100000 env.increment_num_transitions=100000 agent.algorithm=crl +crl_model_size=m batch_size=256 interaction.exploration_eps=0 interaction.validation_seed=1000 interaction.test_seed=2000000 interaction.num_eval_episodes=200 interaction.num_test_episodes=200 save_steps=20000 eval_steps=null keep_only_latest_checkpoint=true keep_only_best_and_final_checkpoints=true save_replay_buffer=true save_final_replay_buffer=true resume_if_possible=true
extended_v1_CQRL-Inner1-M_100k_20kckpt_val200_test200_pandastackjoints_v3_online_s1001	online	PandaStackJoints-v3	1001	100000	4.4m	env.kind=panda_gym env.init_num_transitions=100000 env.increment_num_transitions=100000 +cqrl_model_size=m batch_size=256 agent.training_schedule=joint agent.actor.losses.min_dist.adaptive_entropy_regularizer=true agent.actor.losses.min_dist.entropy_mc_samples=100 agent.actor.losses.min_dist.add_goal_as_future_state=true agent.actor.losses.behavior_cloning.weight=0 agent.goal_set_distance.enabled=false interaction.exploration_eps=0 agent.quasimetric_critic.losses.separate_latent_dynamics=false agent.quasimetric_critic.losses.latent_dynamics.distance=iqe_mse agent.quasimetric_critic.losses.latent_dynamics.mse_weight=1.0 agent.quasimetric_critic.losses.latent_dynamics.iqe_weight=1.0 agent.quasimetric_critic.model.encoder.branch_normalization=none agent.actor.losses.min_dist.latent_goal_mode=max agent.actor.losses.min_dist.latent_goal_keep_best=true agent.actor.losses.min_dist.latent_goal_lr=0.01 agent.actor.losses.min_dist.latent_goal_search=direct agent.actor.losses.min_dist.latent_goal_optim=sgd agent.actor.losses.min_dist.latent_goal_steps=1 interaction.validation_seed=1000 interaction.test_seed=2000000 interaction.num_eval_episodes=200 interaction.num_test_episodes=200 save_steps=20000 eval_steps=null keep_only_latest_checkpoint=true keep_only_best_and_final_checkpoints=true save_replay_buffer=true save_final_replay_buffer=true resume_if_possible=true
extended_v1_CQRL-Inner1-M_100k_20kckpt_val200_test200_pandastackjoints_v3_online_s1002	online	PandaStackJoints-v3	1002	100000	4.4m	env.kind=panda_gym env.init_num_transitions=100000 env.increment_num_transitions=100000 +cqrl_model_size=m batch_size=256 agent.training_schedule=joint agent.actor.losses.min_dist.adaptive_entropy_regularizer=true agent.actor.losses.min_dist.entropy_mc_samples=100 agent.actor.losses.min_dist.add_goal_as_future_state=true agent.actor.losses.behavior_cloning.weight=0 agent.goal_set_distance.enabled=false interaction.exploration_eps=0 agent.quasimetric_critic.losses.separate_latent_dynamics=false agent.quasimetric_critic.losses.latent_dynamics.distance=iqe_mse agent.quasimetric_critic.losses.latent_dynamics.mse_weight=1.0 agent.quasimetric_critic.losses.latent_dynamics.iqe_weight=1.0 agent.quasimetric_critic.model.encoder.branch_normalization=none agent.actor.losses.min_dist.latent_goal_mode=max agent.actor.losses.min_dist.latent_goal_keep_best=true agent.actor.losses.min_dist.latent_goal_lr=0.01 agent.actor.losses.min_dist.latent_goal_search=direct agent.actor.losses.min_dist.latent_goal_optim=sgd agent.actor.losses.min_dist.latent_goal_steps=1 interaction.validation_seed=1000 interaction.test_seed=2000000 interaction.num_eval_episodes=200 interaction.num_test_episodes=200 save_steps=20000 eval_steps=null keep_only_latest_checkpoint=true keep_only_best_and_final_checkpoints=true save_replay_buffer=true save_final_replay_buffer=true resume_if_possible=true
extended_v1_CQRL-Inner1-M_100k_20kckpt_val200_test200_pandastackjoints_v3_online_s1004	online	PandaStackJoints-v3	1004	100000	4.4m	env.kind=panda_gym env.init_num_transitions=100000 env.increment_num_transitions=100000 +cqrl_model_size=m batch_size=256 agent.training_schedule=joint agent.actor.losses.min_dist.adaptive_entropy_regularizer=true agent.actor.losses.min_dist.entropy_mc_samples=100 agent.actor.losses.min_dist.add_goal_as_future_state=true agent.actor.losses.behavior_cloning.weight=0 agent.goal_set_distance.enabled=false interaction.exploration_eps=0 agent.quasimetric_critic.losses.separate_latent_dynamics=false agent.quasimetric_critic.losses.latent_dynamics.distance=iqe_mse agent.quasimetric_critic.losses.latent_dynamics.mse_weight=1.0 agent.quasimetric_critic.losses.latent_dynamics.iqe_weight=1.0 agent.quasimetric_critic.model.encoder.branch_normalization=none agent.actor.losses.min_dist.latent_goal_mode=max agent.actor.losses.min_dist.latent_goal_keep_best=true agent.actor.losses.min_dist.latent_goal_lr=0.01 agent.actor.losses.min_dist.latent_goal_search=direct agent.actor.losses.min_dist.latent_goal_optim=sgd agent.actor.losses.min_dist.latent_goal_steps=1 interaction.validation_seed=1000 interaction.test_seed=2000000 interaction.num_eval_episodes=200 interaction.num_test_episodes=200 save_steps=20000 eval_steps=null keep_only_latest_checkpoint=true keep_only_best_and_final_checkpoints=true save_replay_buffer=true save_final_replay_buffer=true resume_if_possible=true
extended_v1_QRL-M_100k_20kckpt_val200_test200_pandaflipjoints_v3_online_s1001	online	PandaFlipJoints-v3	1001	100000	4.2m	env.kind=panda_gym env.init_num_transitions=100000 env.increment_num_transitions=100000 +qrl_model_size=m batch_size=256 agent.training_schedule=joint agent.actor.losses.min_dist.adaptive_entropy_regularizer=true agent.actor.losses.min_dist.entropy_mc_samples=100 agent.actor.losses.min_dist.add_goal_as_future_state=true agent.actor.losses.behavior_cloning.weight=0 agent.goal_set_distance.enabled=false interaction.exploration_eps=0 interaction.validation_seed=1000 interaction.test_seed=2000000 interaction.num_eval_episodes=200 interaction.num_test_episodes=200 save_steps=20000 eval_steps=null keep_only_latest_checkpoint=true keep_only_best_and_final_checkpoints=true save_replay_buffer=true save_final_replay_buffer=true resume_if_possible=true
extended_v1_QRL-M_100k_20kckpt_val200_test200_pandaflipjoints_v3_online_s1002	online	PandaFlipJoints-v3	1002	100000	4.2m	env.kind=panda_gym env.init_num_transitions=100000 env.increment_num_transitions=100000 +qrl_model_size=m batch_size=256 agent.training_schedule=joint agent.actor.losses.min_dist.adaptive_entropy_regularizer=true agent.actor.losses.min_dist.entropy_mc_samples=100 agent.actor.losses.min_dist.add_goal_as_future_state=true agent.actor.losses.behavior_cloning.weight=0 agent.goal_set_distance.enabled=false interaction.exploration_eps=0 interaction.validation_seed=1000 interaction.test_seed=2000000 interaction.num_eval_episodes=200 interaction.num_test_episodes=200 save_steps=20000 eval_steps=null keep_only_latest_checkpoint=true keep_only_best_and_final_checkpoints=true save_replay_buffer=true save_final_replay_buffer=true resume_if_possible=true
extended_v1_QRL-M_100k_20kckpt_val200_test200_pandaflipjoints_v3_online_s1004	online	PandaFlipJoints-v3	1004	100000	4.2m	env.kind=panda_gym env.init_num_transitions=100000 env.increment_num_transitions=100000 +qrl_model_size=m batch_size=256 agent.training_schedule=joint agent.actor.losses.min_dist.adaptive_entropy_regularizer=true agent.actor.losses.min_dist.entropy_mc_samples=100 agent.actor.losses.min_dist.add_goal_as_future_state=true agent.actor.losses.behavior_cloning.weight=0 agent.goal_set_distance.enabled=false interaction.exploration_eps=0 interaction.validation_seed=1000 interaction.test_seed=2000000 interaction.num_eval_episodes=200 interaction.num_test_episodes=200 save_steps=20000 eval_steps=null keep_only_latest_checkpoint=true keep_only_best_and_final_checkpoints=true save_replay_buffer=true save_final_replay_buffer=true resume_if_possible=true
extended_v1_TD-InfoNCE-M_100k_20kckpt_val200_test200_pandaflipjoints_v3_online_s1000	online	PandaFlipJoints-v3	1000	100000	4.1m	env.kind=panda_gym env.init_num_transitions=100000 env.increment_num_transitions=100000 agent.algorithm=td_infonce +td_infonce_model_size=m batch_size=256 interaction.exploration_eps=0 interaction.validation_seed=1000 interaction.test_seed=2000000 interaction.num_eval_episodes=200 interaction.num_test_episodes=200 save_steps=20000 eval_steps=null keep_only_latest_checkpoint=true keep_only_best_and_final_checkpoints=true save_replay_buffer=true save_final_replay_buffer=true resume_if_possible=true
extended_v1_TD-InfoNCE-M_100k_20kckpt_val200_test200_pandaflipjoints_v3_online_s1002	online	PandaFlipJoints-v3	1002	100000	4.1m	env.kind=panda_gym env.init_num_transitions=100000 env.increment_num_transitions=100000 agent.algorithm=td_infonce +td_infonce_model_size=m batch_size=256 interaction.exploration_eps=0 interaction.validation_seed=1000 interaction.test_seed=2000000 interaction.num_eval_episodes=200 interaction.num_test_episodes=200 save_steps=20000 eval_steps=null keep_only_latest_checkpoint=true keep_only_best_and_final_checkpoints=true save_replay_buffer=true save_final_replay_buffer=true resume_if_possible=true
extended_v1_TD-InfoNCE-M_100k_20kckpt_val200_test200_pandaflipjoints_v3_online_s1003	online	PandaFlipJoints-v3	1003	100000	4.1m	env.kind=panda_gym env.init_num_transitions=100000 env.increment_num_transitions=100000 agent.algorithm=td_infonce +td_infonce_model_size=m batch_size=256 interaction.exploration_eps=0 interaction.validation_seed=1000 interaction.test_seed=2000000 interaction.num_eval_episodes=200 interaction.num_test_episodes=200 save_steps=20000 eval_steps=null keep_only_latest_checkpoint=true keep_only_best_and_final_checkpoints=true save_replay_buffer=true save_final_replay_buffer=true resume_if_possible=true
extended_v1_GCSL-M_100k_20kckpt_val200_test200_factorized_pandaflipjoints_v3_online_s1000	online	PandaFlipJoints-v3	1000	100000	4.1m	env.kind=panda_gym env.init_num_transitions=100000 env.increment_num_transitions=100000 agent.algorithm=gcsl +gcsl_model_size=m batch_size=256 interaction.exploration_eps=0 agent.baselines.gcbc.action_discretization=factorized interaction.validation_seed=1000 interaction.test_seed=2000000 interaction.num_eval_episodes=200 interaction.num_test_episodes=200 save_steps=20000 eval_steps=null keep_only_latest_checkpoint=true keep_only_best_and_final_checkpoints=true save_replay_buffer=true save_final_replay_buffer=true resume_if_possible=true
extended_v1_GCSL-M_100k_20kckpt_val200_test200_factorized_pandaflipjoints_v3_online_s1001	online	PandaFlipJoints-v3	1001	100000	4.1m	env.kind=panda_gym env.init_num_transitions=100000 env.increment_num_transitions=100000 agent.algorithm=gcsl +gcsl_model_size=m batch_size=256 interaction.exploration_eps=0 agent.baselines.gcbc.action_discretization=factorized interaction.validation_seed=1000 interaction.test_seed=2000000 interaction.num_eval_episodes=200 interaction.num_test_episodes=200 save_steps=20000 eval_steps=null keep_only_latest_checkpoint=true keep_only_best_and_final_checkpoints=true save_replay_buffer=true save_final_replay_buffer=true resume_if_possible=true
extended_v1_GCSL-M_100k_20kckpt_val200_test200_factorized_pandaflipjoints_v3_online_s1003	online	PandaFlipJoints-v3	1003	100000	4.1m	env.kind=panda_gym env.init_num_transitions=100000 env.increment_num_transitions=100000 agent.algorithm=gcsl +gcsl_model_size=m batch_size=256 interaction.exploration_eps=0 agent.baselines.gcbc.action_discretization=factorized interaction.validation_seed=1000 interaction.test_seed=2000000 interaction.num_eval_episodes=200 interaction.num_test_episodes=200 save_steps=20000 eval_steps=null keep_only_latest_checkpoint=true keep_only_best_and_final_checkpoints=true save_replay_buffer=true save_final_replay_buffer=true resume_if_possible=true
extended_v1_GCSL-M_100k_20kckpt_val200_test200_factorized_pandaflipjoints_v3_online_s1004	online	PandaFlipJoints-v3	1004	100000	4.1m	env.kind=panda_gym env.init_num_transitions=100000 env.increment_num_transitions=100000 agent.algorithm=gcsl +gcsl_model_size=m batch_size=256 interaction.exploration_eps=0 agent.baselines.gcbc.action_discretization=factorized interaction.validation_seed=1000 interaction.test_seed=2000000 interaction.num_eval_episodes=200 interaction.num_test_episodes=200 save_steps=20000 eval_steps=null keep_only_latest_checkpoint=true keep_only_best_and_final_checkpoints=true save_replay_buffer=true save_final_replay_buffer=true resume_if_possible=true
extended_v1_C-Learning-M_100k_20kckpt_val200_test200_pandaflipjoints_v3_online_s1001	online	PandaFlipJoints-v3	1001	100000	4.4m	env.kind=panda_gym env.init_num_transitions=100000 env.increment_num_transitions=100000 agent.algorithm=c_learning +c_learning_model_size=m batch_size=256 interaction.exploration_eps=0 interaction.validation_seed=1000 interaction.test_seed=2000000 interaction.num_eval_episodes=200 interaction.num_test_episodes=200 save_steps=20000 eval_steps=null keep_only_latest_checkpoint=true keep_only_best_and_final_checkpoints=true save_replay_buffer=true save_final_replay_buffer=true resume_if_possible=true
extended_v1_C-Learning-M_100k_20kckpt_val200_test200_pandaflipjoints_v3_online_s1002	online	PandaFlipJoints-v3	1002	100000	4.4m	env.kind=panda_gym env.init_num_transitions=100000 env.increment_num_transitions=100000 agent.algorithm=c_learning +c_learning_model_size=m batch_size=256 interaction.exploration_eps=0 interaction.validation_seed=1000 interaction.test_seed=2000000 interaction.num_eval_episodes=200 interaction.num_test_episodes=200 save_steps=20000 eval_steps=null keep_only_latest_checkpoint=true keep_only_best_and_final_checkpoints=true save_replay_buffer=true save_final_replay_buffer=true resume_if_possible=true
extended_v1_C-Learning-M_100k_20kckpt_val200_test200_pandaflipjoints_v3_online_s1004	online	PandaFlipJoints-v3	1004	100000	4.4m	env.kind=panda_gym env.init_num_transitions=100000 env.increment_num_transitions=100000 agent.algorithm=c_learning +c_learning_model_size=m batch_size=256 interaction.exploration_eps=0 interaction.validation_seed=1000 interaction.test_seed=2000000 interaction.num_eval_episodes=200 interaction.num_test_episodes=200 save_steps=20000 eval_steps=null keep_only_latest_checkpoint=true keep_only_best_and_final_checkpoints=true save_replay_buffer=true save_final_replay_buffer=true resume_if_possible=true
extended_v1_CRL-M_100k_20kckpt_val200_test200_pandaflipjoints_v3_online_s1000	online	PandaFlipJoints-v3	1000	100000	4.3m	env.kind=panda_gym env.init_num_transitions=100000 env.increment_num_transitions=100000 agent.algorithm=crl +crl_model_size=m batch_size=256 interaction.exploration_eps=0 interaction.validation_seed=1000 interaction.test_seed=2000000 interaction.num_eval_episodes=200 interaction.num_test_episodes=200 save_steps=20000 eval_steps=null keep_only_latest_checkpoint=true keep_only_best_and_final_checkpoints=true save_replay_buffer=true save_final_replay_buffer=true resume_if_possible=true
extended_v1_CRL-M_100k_20kckpt_val200_test200_pandaflipjoints_v3_online_s1002	online	PandaFlipJoints-v3	1002	100000	4.3m	env.kind=panda_gym env.init_num_transitions=100000 env.increment_num_transitions=100000 agent.algorithm=crl +crl_model_size=m batch_size=256 interaction.exploration_eps=0 interaction.validation_seed=1000 interaction.test_seed=2000000 interaction.num_eval_episodes=200 interaction.num_test_episodes=200 save_steps=20000 eval_steps=null keep_only_latest_checkpoint=true keep_only_best_and_final_checkpoints=true save_replay_buffer=true save_final_replay_buffer=true resume_if_possible=true
extended_v1_CRL-M_100k_20kckpt_val200_test200_pandaflipjoints_v3_online_s1003	online	PandaFlipJoints-v3	1003	100000	4.3m	env.kind=panda_gym env.init_num_transitions=100000 env.increment_num_transitions=100000 agent.algorithm=crl +crl_model_size=m batch_size=256 interaction.exploration_eps=0 interaction.validation_seed=1000 interaction.test_seed=2000000 interaction.num_eval_episodes=200 interaction.num_test_episodes=200 save_steps=20000 eval_steps=null keep_only_latest_checkpoint=true keep_only_best_and_final_checkpoints=true save_replay_buffer=true save_final_replay_buffer=true resume_if_possible=true
extended_v1_CQRL-Inner1-M_100k_20kckpt_val200_test200_pandaflipjoints_v3_online_s1000	online	PandaFlipJoints-v3	1000	100000	4.4m	env.kind=panda_gym env.init_num_transitions=100000 env.increment_num_transitions=100000 +cqrl_model_size=m batch_size=256 agent.training_schedule=joint agent.actor.losses.min_dist.adaptive_entropy_regularizer=true agent.actor.losses.min_dist.entropy_mc_samples=100 agent.actor.losses.min_dist.add_goal_as_future_state=true agent.actor.losses.behavior_cloning.weight=0 agent.goal_set_distance.enabled=false interaction.exploration_eps=0 agent.quasimetric_critic.losses.separate_latent_dynamics=false agent.quasimetric_critic.losses.latent_dynamics.distance=iqe_mse agent.quasimetric_critic.losses.latent_dynamics.mse_weight=1.0 agent.quasimetric_critic.losses.latent_dynamics.iqe_weight=1.0 agent.quasimetric_critic.model.encoder.branch_normalization=none agent.actor.losses.min_dist.latent_goal_mode=max agent.actor.losses.min_dist.latent_goal_keep_best=true agent.actor.losses.min_dist.latent_goal_lr=0.01 agent.actor.losses.min_dist.latent_goal_search=direct agent.actor.losses.min_dist.latent_goal_optim=sgd agent.actor.losses.min_dist.latent_goal_steps=1 interaction.validation_seed=1000 interaction.test_seed=2000000 interaction.num_eval_episodes=200 interaction.num_test_episodes=200 save_steps=20000 eval_steps=null keep_only_latest_checkpoint=true keep_only_best_and_final_checkpoints=true save_replay_buffer=true save_final_replay_buffer=true resume_if_possible=true
extended_v1_CQRL-Inner1-M_100k_20kckpt_val200_test200_pandaflipjoints_v3_online_s1001	online	PandaFlipJoints-v3	1001	100000	4.4m	env.kind=panda_gym env.init_num_transitions=100000 env.increment_num_transitions=100000 +cqrl_model_size=m batch_size=256 agent.training_schedule=joint agent.actor.losses.min_dist.adaptive_entropy_regularizer=true agent.actor.losses.min_dist.entropy_mc_samples=100 agent.actor.losses.min_dist.add_goal_as_future_state=true agent.actor.losses.behavior_cloning.weight=0 agent.goal_set_distance.enabled=false interaction.exploration_eps=0 agent.quasimetric_critic.losses.separate_latent_dynamics=false agent.quasimetric_critic.losses.latent_dynamics.distance=iqe_mse agent.quasimetric_critic.losses.latent_dynamics.mse_weight=1.0 agent.quasimetric_critic.losses.latent_dynamics.iqe_weight=1.0 agent.quasimetric_critic.model.encoder.branch_normalization=none agent.actor.losses.min_dist.latent_goal_mode=max agent.actor.losses.min_dist.latent_goal_keep_best=true agent.actor.losses.min_dist.latent_goal_lr=0.01 agent.actor.losses.min_dist.latent_goal_search=direct agent.actor.losses.min_dist.latent_goal_optim=sgd agent.actor.losses.min_dist.latent_goal_steps=1 interaction.validation_seed=1000 interaction.test_seed=2000000 interaction.num_eval_episodes=200 interaction.num_test_episodes=200 save_steps=20000 eval_steps=null keep_only_latest_checkpoint=true keep_only_best_and_final_checkpoints=true save_replay_buffer=true save_final_replay_buffer=true resume_if_possible=true
extended_v1_CQRL-Inner1-M_100k_20kckpt_val200_test200_pandaflipjoints_v3_online_s1003	online	PandaFlipJoints-v3	1003	100000	4.4m	env.kind=panda_gym env.init_num_transitions=100000 env.increment_num_transitions=100000 +cqrl_model_size=m batch_size=256 agent.training_schedule=joint agent.actor.losses.min_dist.adaptive_entropy_regularizer=true agent.actor.losses.min_dist.entropy_mc_samples=100 agent.actor.losses.min_dist.add_goal_as_future_state=true agent.actor.losses.behavior_cloning.weight=0 agent.goal_set_distance.enabled=false interaction.exploration_eps=0 agent.quasimetric_critic.losses.separate_latent_dynamics=false agent.quasimetric_critic.losses.latent_dynamics.distance=iqe_mse agent.quasimetric_critic.losses.latent_dynamics.mse_weight=1.0 agent.quasimetric_critic.losses.latent_dynamics.iqe_weight=1.0 agent.quasimetric_critic.model.encoder.branch_normalization=none agent.actor.losses.min_dist.latent_goal_mode=max agent.actor.losses.min_dist.latent_goal_keep_best=true agent.actor.losses.min_dist.latent_goal_lr=0.01 agent.actor.losses.min_dist.latent_goal_search=direct agent.actor.losses.min_dist.latent_goal_optim=sgd agent.actor.losses.min_dist.latent_goal_steps=1 interaction.validation_seed=1000 interaction.test_seed=2000000 interaction.num_eval_episodes=200 interaction.num_test_episodes=200 save_steps=20000 eval_steps=null keep_only_latest_checkpoint=true keep_only_best_and_final_checkpoints=true save_replay_buffer=true save_final_replay_buffer=true resume_if_possible=true
extended_v1_CQRL-Inner1-M_100k_20kckpt_val200_test200_pandaflipjoints_v3_online_s1004	online	PandaFlipJoints-v3	1004	100000	4.4m	env.kind=panda_gym env.init_num_transitions=100000 env.increment_num_transitions=100000 +cqrl_model_size=m batch_size=256 agent.training_schedule=joint agent.actor.losses.min_dist.adaptive_entropy_regularizer=true agent.actor.losses.min_dist.entropy_mc_samples=100 agent.actor.losses.min_dist.add_goal_as_future_state=true agent.actor.losses.behavior_cloning.weight=0 agent.goal_set_distance.enabled=false interaction.exploration_eps=0 agent.quasimetric_critic.losses.separate_latent_dynamics=false agent.quasimetric_critic.losses.latent_dynamics.distance=iqe_mse agent.quasimetric_critic.losses.latent_dynamics.mse_weight=1.0 agent.quasimetric_critic.losses.latent_dynamics.iqe_weight=1.0 agent.quasimetric_critic.model.encoder.branch_normalization=none agent.actor.losses.min_dist.latent_goal_mode=max agent.actor.losses.min_dist.latent_goal_keep_best=true agent.actor.losses.min_dist.latent_goal_lr=0.01 agent.actor.losses.min_dist.latent_goal_search=direct agent.actor.losses.min_dist.latent_goal_optim=sgd agent.actor.losses.min_dist.latent_goal_steps=1 interaction.validation_seed=1000 interaction.test_seed=2000000 interaction.num_eval_episodes=200 interaction.num_test_episodes=200 save_steps=20000 eval_steps=null keep_only_latest_checkpoint=true keep_only_best_and_final_checkpoints=true save_replay_buffer=true save_final_replay_buffer=true resume_if_possible=true
