# task_id	mode	env_name	seed	steps	params	extra_args
# GO-QRL Max4 Hybrid model-scale sweep; partition: all.
# 500k steps; validation every 50k on seeds 1000-1499 (500 episodes).
# Best validation checkpoint is tested on seeds 1500-2499 (1000 episodes).
scale_GO-QRL+Max4-Hybrid-M_500k_50kckpt_val500_test1000_dmc_manipulator_online_s1000	online	manipulator_bring_ball	1000	500000	4.4m	env.kind=dmc +go_qrl_model_size=m batch_size=256 agent.training_schedule=joint agent.quasimetric_critic.losses.separate_latent_dynamics=false agent.quasimetric_critic.losses.latent_dynamics.distance=iqe_mse agent.quasimetric_critic.losses.latent_dynamics.mse_weight=1.0 agent.quasimetric_critic.losses.latent_dynamics.iqe_weight=1.0 agent.actor.losses.min_dist.latent_goal_steps=4 agent.actor.losses.min_dist.latent_goal_keep_best=true agent.actor.losses.min_dist.latent_goal_lr=0.01 agent.actor.losses.min_dist.latent_goal_search=direct agent.quasimetric_critic.model.encoder.branch_normalization=none agent.actor.losses.min_dist.latent_goal_mode=max agent.actor.losses.min_dist.latent_goal_optim=sgd agent.actor.losses.min_dist.adaptive_entropy_regularizer=true agent.actor.losses.min_dist.entropy_mc_samples=100 agent.actor.losses.min_dist.add_goal_as_future_state=true agent.actor.losses.behavior_cloning.weight=0 agent.goal_set_distance.enabled=false interaction.exploration_eps=0 interaction.validation_seed=1000 interaction.test_seed=1500 interaction.num_eval_episodes=500 interaction.num_test_episodes=1000 eval_steps=null save_steps=50000 keep_only_latest_checkpoint=false save_replay_buffer=true save_final_replay_buffer=true resume_if_possible=true
scale_GO-QRL+Max4-Hybrid-M_500k_50kckpt_val500_test1000_dmc_manipulator_online_s1001	online	manipulator_bring_ball	1001	500000	4.4m	env.kind=dmc +go_qrl_model_size=m batch_size=256 agent.training_schedule=joint agent.quasimetric_critic.losses.separate_latent_dynamics=false agent.quasimetric_critic.losses.latent_dynamics.distance=iqe_mse agent.quasimetric_critic.losses.latent_dynamics.mse_weight=1.0 agent.quasimetric_critic.losses.latent_dynamics.iqe_weight=1.0 agent.actor.losses.min_dist.latent_goal_steps=4 agent.actor.losses.min_dist.latent_goal_keep_best=true agent.actor.losses.min_dist.latent_goal_lr=0.01 agent.actor.losses.min_dist.latent_goal_search=direct agent.quasimetric_critic.model.encoder.branch_normalization=none agent.actor.losses.min_dist.latent_goal_mode=max agent.actor.losses.min_dist.latent_goal_optim=sgd agent.actor.losses.min_dist.adaptive_entropy_regularizer=true agent.actor.losses.min_dist.entropy_mc_samples=100 agent.actor.losses.min_dist.add_goal_as_future_state=true agent.actor.losses.behavior_cloning.weight=0 agent.goal_set_distance.enabled=false interaction.exploration_eps=0 interaction.validation_seed=1000 interaction.test_seed=1500 interaction.num_eval_episodes=500 interaction.num_test_episodes=1000 eval_steps=null save_steps=50000 keep_only_latest_checkpoint=false save_replay_buffer=true save_final_replay_buffer=true resume_if_possible=true
scale_GO-QRL+Max4-Hybrid-M_500k_50kckpt_val500_test1000_dmc_manipulator_online_s1002	online	manipulator_bring_ball	1002	500000	4.4m	env.kind=dmc +go_qrl_model_size=m batch_size=256 agent.training_schedule=joint agent.quasimetric_critic.losses.separate_latent_dynamics=false agent.quasimetric_critic.losses.latent_dynamics.distance=iqe_mse agent.quasimetric_critic.losses.latent_dynamics.mse_weight=1.0 agent.quasimetric_critic.losses.latent_dynamics.iqe_weight=1.0 agent.actor.losses.min_dist.latent_goal_steps=4 agent.actor.losses.min_dist.latent_goal_keep_best=true agent.actor.losses.min_dist.latent_goal_lr=0.01 agent.actor.losses.min_dist.latent_goal_search=direct agent.quasimetric_critic.model.encoder.branch_normalization=none agent.actor.losses.min_dist.latent_goal_mode=max agent.actor.losses.min_dist.latent_goal_optim=sgd agent.actor.losses.min_dist.adaptive_entropy_regularizer=true agent.actor.losses.min_dist.entropy_mc_samples=100 agent.actor.losses.min_dist.add_goal_as_future_state=true agent.actor.losses.behavior_cloning.weight=0 agent.goal_set_distance.enabled=false interaction.exploration_eps=0 interaction.validation_seed=1000 interaction.test_seed=1500 interaction.num_eval_episodes=500 interaction.num_test_episodes=1000 eval_steps=null save_steps=50000 keep_only_latest_checkpoint=false save_replay_buffer=true save_final_replay_buffer=true resume_if_possible=true
scale_GO-QRL+Max4-Hybrid-M_500k_50kckpt_val500_test1000_dmc_manipulator_online_s1003	online	manipulator_bring_ball	1003	500000	4.4m	env.kind=dmc +go_qrl_model_size=m batch_size=256 agent.training_schedule=joint agent.quasimetric_critic.losses.separate_latent_dynamics=false agent.quasimetric_critic.losses.latent_dynamics.distance=iqe_mse agent.quasimetric_critic.losses.latent_dynamics.mse_weight=1.0 agent.quasimetric_critic.losses.latent_dynamics.iqe_weight=1.0 agent.actor.losses.min_dist.latent_goal_steps=4 agent.actor.losses.min_dist.latent_goal_keep_best=true agent.actor.losses.min_dist.latent_goal_lr=0.01 agent.actor.losses.min_dist.latent_goal_search=direct agent.quasimetric_critic.model.encoder.branch_normalization=none agent.actor.losses.min_dist.latent_goal_mode=max agent.actor.losses.min_dist.latent_goal_optim=sgd agent.actor.losses.min_dist.adaptive_entropy_regularizer=true agent.actor.losses.min_dist.entropy_mc_samples=100 agent.actor.losses.min_dist.add_goal_as_future_state=true agent.actor.losses.behavior_cloning.weight=0 agent.goal_set_distance.enabled=false interaction.exploration_eps=0 interaction.validation_seed=1000 interaction.test_seed=1500 interaction.num_eval_episodes=500 interaction.num_test_episodes=1000 eval_steps=null save_steps=50000 keep_only_latest_checkpoint=false save_replay_buffer=true save_final_replay_buffer=true resume_if_possible=true
scale_GO-QRL+Max4-Hybrid-M_500k_50kckpt_val500_test1000_dmc_manipulator_online_s1004	online	manipulator_bring_ball	1004	500000	4.4m	env.kind=dmc +go_qrl_model_size=m batch_size=256 agent.training_schedule=joint agent.quasimetric_critic.losses.separate_latent_dynamics=false agent.quasimetric_critic.losses.latent_dynamics.distance=iqe_mse agent.quasimetric_critic.losses.latent_dynamics.mse_weight=1.0 agent.quasimetric_critic.losses.latent_dynamics.iqe_weight=1.0 agent.actor.losses.min_dist.latent_goal_steps=4 agent.actor.losses.min_dist.latent_goal_keep_best=true agent.actor.losses.min_dist.latent_goal_lr=0.01 agent.actor.losses.min_dist.latent_goal_search=direct agent.quasimetric_critic.model.encoder.branch_normalization=none agent.actor.losses.min_dist.latent_goal_mode=max agent.actor.losses.min_dist.latent_goal_optim=sgd agent.actor.losses.min_dist.adaptive_entropy_regularizer=true agent.actor.losses.min_dist.entropy_mc_samples=100 agent.actor.losses.min_dist.add_goal_as_future_state=true agent.actor.losses.behavior_cloning.weight=0 agent.goal_set_distance.enabled=false interaction.exploration_eps=0 interaction.validation_seed=1000 interaction.test_seed=1500 interaction.num_eval_episodes=500 interaction.num_test_episodes=1000 eval_steps=null save_steps=50000 keep_only_latest_checkpoint=false save_replay_buffer=true save_final_replay_buffer=true resume_if_possible=true
scale_GO-QRL+Max4-Hybrid-M_500k_50kckpt_val500_test1000_fetchslide_online_s1000	online	FetchSlide	1000	500000	4.4m	env.kind=gcrl +go_qrl_model_size=m batch_size=256 agent.training_schedule=joint agent.quasimetric_critic.losses.separate_latent_dynamics=false agent.quasimetric_critic.losses.latent_dynamics.distance=iqe_mse agent.quasimetric_critic.losses.latent_dynamics.mse_weight=1.0 agent.quasimetric_critic.losses.latent_dynamics.iqe_weight=1.0 agent.actor.losses.min_dist.latent_goal_steps=4 agent.actor.losses.min_dist.latent_goal_keep_best=true agent.actor.losses.min_dist.latent_goal_lr=0.01 agent.actor.losses.min_dist.latent_goal_search=direct agent.quasimetric_critic.model.encoder.branch_normalization=none agent.actor.losses.min_dist.latent_goal_mode=max agent.actor.losses.min_dist.latent_goal_optim=sgd agent.actor.losses.min_dist.adaptive_entropy_regularizer=true agent.actor.losses.min_dist.entropy_mc_samples=100 agent.actor.losses.min_dist.add_goal_as_future_state=true agent.actor.losses.behavior_cloning.weight=0 agent.goal_set_distance.enabled=false interaction.exploration_eps=0 interaction.validation_seed=1000 interaction.test_seed=1500 interaction.num_eval_episodes=500 interaction.num_test_episodes=1000 eval_steps=null save_steps=50000 keep_only_latest_checkpoint=false save_replay_buffer=true save_final_replay_buffer=true resume_if_possible=true
scale_GO-QRL+Max4-Hybrid-M_500k_50kckpt_val500_test1000_fetchslide_online_s1001	online	FetchSlide	1001	500000	4.4m	env.kind=gcrl +go_qrl_model_size=m batch_size=256 agent.training_schedule=joint agent.quasimetric_critic.losses.separate_latent_dynamics=false agent.quasimetric_critic.losses.latent_dynamics.distance=iqe_mse agent.quasimetric_critic.losses.latent_dynamics.mse_weight=1.0 agent.quasimetric_critic.losses.latent_dynamics.iqe_weight=1.0 agent.actor.losses.min_dist.latent_goal_steps=4 agent.actor.losses.min_dist.latent_goal_keep_best=true agent.actor.losses.min_dist.latent_goal_lr=0.01 agent.actor.losses.min_dist.latent_goal_search=direct agent.quasimetric_critic.model.encoder.branch_normalization=none agent.actor.losses.min_dist.latent_goal_mode=max agent.actor.losses.min_dist.latent_goal_optim=sgd agent.actor.losses.min_dist.adaptive_entropy_regularizer=true agent.actor.losses.min_dist.entropy_mc_samples=100 agent.actor.losses.min_dist.add_goal_as_future_state=true agent.actor.losses.behavior_cloning.weight=0 agent.goal_set_distance.enabled=false interaction.exploration_eps=0 interaction.validation_seed=1000 interaction.test_seed=1500 interaction.num_eval_episodes=500 interaction.num_test_episodes=1000 eval_steps=null save_steps=50000 keep_only_latest_checkpoint=false save_replay_buffer=true save_final_replay_buffer=true resume_if_possible=true
scale_GO-QRL+Max4-Hybrid-M_500k_50kckpt_val500_test1000_fetchslide_online_s1002	online	FetchSlide	1002	500000	4.4m	env.kind=gcrl +go_qrl_model_size=m batch_size=256 agent.training_schedule=joint agent.quasimetric_critic.losses.separate_latent_dynamics=false agent.quasimetric_critic.losses.latent_dynamics.distance=iqe_mse agent.quasimetric_critic.losses.latent_dynamics.mse_weight=1.0 agent.quasimetric_critic.losses.latent_dynamics.iqe_weight=1.0 agent.actor.losses.min_dist.latent_goal_steps=4 agent.actor.losses.min_dist.latent_goal_keep_best=true agent.actor.losses.min_dist.latent_goal_lr=0.01 agent.actor.losses.min_dist.latent_goal_search=direct agent.quasimetric_critic.model.encoder.branch_normalization=none agent.actor.losses.min_dist.latent_goal_mode=max agent.actor.losses.min_dist.latent_goal_optim=sgd agent.actor.losses.min_dist.adaptive_entropy_regularizer=true agent.actor.losses.min_dist.entropy_mc_samples=100 agent.actor.losses.min_dist.add_goal_as_future_state=true agent.actor.losses.behavior_cloning.weight=0 agent.goal_set_distance.enabled=false interaction.exploration_eps=0 interaction.validation_seed=1000 interaction.test_seed=1500 interaction.num_eval_episodes=500 interaction.num_test_episodes=1000 eval_steps=null save_steps=50000 keep_only_latest_checkpoint=false save_replay_buffer=true save_final_replay_buffer=true resume_if_possible=true
scale_GO-QRL+Max4-Hybrid-M_500k_50kckpt_val500_test1000_fetchslide_online_s1003	online	FetchSlide	1003	500000	4.4m	env.kind=gcrl +go_qrl_model_size=m batch_size=256 agent.training_schedule=joint agent.quasimetric_critic.losses.separate_latent_dynamics=false agent.quasimetric_critic.losses.latent_dynamics.distance=iqe_mse agent.quasimetric_critic.losses.latent_dynamics.mse_weight=1.0 agent.quasimetric_critic.losses.latent_dynamics.iqe_weight=1.0 agent.actor.losses.min_dist.latent_goal_steps=4 agent.actor.losses.min_dist.latent_goal_keep_best=true agent.actor.losses.min_dist.latent_goal_lr=0.01 agent.actor.losses.min_dist.latent_goal_search=direct agent.quasimetric_critic.model.encoder.branch_normalization=none agent.actor.losses.min_dist.latent_goal_mode=max agent.actor.losses.min_dist.latent_goal_optim=sgd agent.actor.losses.min_dist.adaptive_entropy_regularizer=true agent.actor.losses.min_dist.entropy_mc_samples=100 agent.actor.losses.min_dist.add_goal_as_future_state=true agent.actor.losses.behavior_cloning.weight=0 agent.goal_set_distance.enabled=false interaction.exploration_eps=0 interaction.validation_seed=1000 interaction.test_seed=1500 interaction.num_eval_episodes=500 interaction.num_test_episodes=1000 eval_steps=null save_steps=50000 keep_only_latest_checkpoint=false save_replay_buffer=true save_final_replay_buffer=true resume_if_possible=true
scale_GO-QRL+Max4-Hybrid-M_500k_50kckpt_val500_test1000_fetchslide_online_s1004	online	FetchSlide	1004	500000	4.4m	env.kind=gcrl +go_qrl_model_size=m batch_size=256 agent.training_schedule=joint agent.quasimetric_critic.losses.separate_latent_dynamics=false agent.quasimetric_critic.losses.latent_dynamics.distance=iqe_mse agent.quasimetric_critic.losses.latent_dynamics.mse_weight=1.0 agent.quasimetric_critic.losses.latent_dynamics.iqe_weight=1.0 agent.actor.losses.min_dist.latent_goal_steps=4 agent.actor.losses.min_dist.latent_goal_keep_best=true agent.actor.losses.min_dist.latent_goal_lr=0.01 agent.actor.losses.min_dist.latent_goal_search=direct agent.quasimetric_critic.model.encoder.branch_normalization=none agent.actor.losses.min_dist.latent_goal_mode=max agent.actor.losses.min_dist.latent_goal_optim=sgd agent.actor.losses.min_dist.adaptive_entropy_regularizer=true agent.actor.losses.min_dist.entropy_mc_samples=100 agent.actor.losses.min_dist.add_goal_as_future_state=true agent.actor.losses.behavior_cloning.weight=0 agent.goal_set_distance.enabled=false interaction.exploration_eps=0 interaction.validation_seed=1000 interaction.test_seed=1500 interaction.num_eval_episodes=500 interaction.num_test_episodes=1000 eval_steps=null save_steps=50000 keep_only_latest_checkpoint=false save_replay_buffer=true save_final_replay_buffer=true resume_if_possible=true
scale_GO-QRL+Max4-Hybrid-M_500k_50kckpt_val500_test1000_dmc_swimmer6_online_s1000	online	swimmer6	1000	500000	4.4m	env.kind=dmc +go_qrl_model_size=m batch_size=256 agent.training_schedule=joint agent.quasimetric_critic.losses.separate_latent_dynamics=false agent.quasimetric_critic.losses.latent_dynamics.distance=iqe_mse agent.quasimetric_critic.losses.latent_dynamics.mse_weight=1.0 agent.quasimetric_critic.losses.latent_dynamics.iqe_weight=1.0 agent.actor.losses.min_dist.latent_goal_steps=4 agent.actor.losses.min_dist.latent_goal_keep_best=true agent.actor.losses.min_dist.latent_goal_lr=0.01 agent.actor.losses.min_dist.latent_goal_search=direct agent.quasimetric_critic.model.encoder.branch_normalization=none agent.actor.losses.min_dist.latent_goal_mode=max agent.actor.losses.min_dist.latent_goal_optim=sgd agent.actor.losses.min_dist.adaptive_entropy_regularizer=true agent.actor.losses.min_dist.entropy_mc_samples=100 agent.actor.losses.min_dist.add_goal_as_future_state=true agent.actor.losses.behavior_cloning.weight=0 agent.goal_set_distance.enabled=false interaction.exploration_eps=0 interaction.validation_seed=1000 interaction.test_seed=1500 interaction.num_eval_episodes=500 interaction.num_test_episodes=1000 eval_steps=null save_steps=50000 keep_only_latest_checkpoint=false save_replay_buffer=true save_final_replay_buffer=true resume_if_possible=true
scale_GO-QRL+Max4-Hybrid-M_500k_50kckpt_val500_test1000_dmc_swimmer6_online_s1001	online	swimmer6	1001	500000	4.4m	env.kind=dmc +go_qrl_model_size=m batch_size=256 agent.training_schedule=joint agent.quasimetric_critic.losses.separate_latent_dynamics=false agent.quasimetric_critic.losses.latent_dynamics.distance=iqe_mse agent.quasimetric_critic.losses.latent_dynamics.mse_weight=1.0 agent.quasimetric_critic.losses.latent_dynamics.iqe_weight=1.0 agent.actor.losses.min_dist.latent_goal_steps=4 agent.actor.losses.min_dist.latent_goal_keep_best=true agent.actor.losses.min_dist.latent_goal_lr=0.01 agent.actor.losses.min_dist.latent_goal_search=direct agent.quasimetric_critic.model.encoder.branch_normalization=none agent.actor.losses.min_dist.latent_goal_mode=max agent.actor.losses.min_dist.latent_goal_optim=sgd agent.actor.losses.min_dist.adaptive_entropy_regularizer=true agent.actor.losses.min_dist.entropy_mc_samples=100 agent.actor.losses.min_dist.add_goal_as_future_state=true agent.actor.losses.behavior_cloning.weight=0 agent.goal_set_distance.enabled=false interaction.exploration_eps=0 interaction.validation_seed=1000 interaction.test_seed=1500 interaction.num_eval_episodes=500 interaction.num_test_episodes=1000 eval_steps=null save_steps=50000 keep_only_latest_checkpoint=false save_replay_buffer=true save_final_replay_buffer=true resume_if_possible=true
scale_GO-QRL+Max4-Hybrid-M_500k_50kckpt_val500_test1000_dmc_swimmer6_online_s1002	online	swimmer6	1002	500000	4.4m	env.kind=dmc +go_qrl_model_size=m batch_size=256 agent.training_schedule=joint agent.quasimetric_critic.losses.separate_latent_dynamics=false agent.quasimetric_critic.losses.latent_dynamics.distance=iqe_mse agent.quasimetric_critic.losses.latent_dynamics.mse_weight=1.0 agent.quasimetric_critic.losses.latent_dynamics.iqe_weight=1.0 agent.actor.losses.min_dist.latent_goal_steps=4 agent.actor.losses.min_dist.latent_goal_keep_best=true agent.actor.losses.min_dist.latent_goal_lr=0.01 agent.actor.losses.min_dist.latent_goal_search=direct agent.quasimetric_critic.model.encoder.branch_normalization=none agent.actor.losses.min_dist.latent_goal_mode=max agent.actor.losses.min_dist.latent_goal_optim=sgd agent.actor.losses.min_dist.adaptive_entropy_regularizer=true agent.actor.losses.min_dist.entropy_mc_samples=100 agent.actor.losses.min_dist.add_goal_as_future_state=true agent.actor.losses.behavior_cloning.weight=0 agent.goal_set_distance.enabled=false interaction.exploration_eps=0 interaction.validation_seed=1000 interaction.test_seed=1500 interaction.num_eval_episodes=500 interaction.num_test_episodes=1000 eval_steps=null save_steps=50000 keep_only_latest_checkpoint=false save_replay_buffer=true save_final_replay_buffer=true resume_if_possible=true
scale_GO-QRL+Max4-Hybrid-M_500k_50kckpt_val500_test1000_dmc_swimmer6_online_s1003	online	swimmer6	1003	500000	4.4m	env.kind=dmc +go_qrl_model_size=m batch_size=256 agent.training_schedule=joint agent.quasimetric_critic.losses.separate_latent_dynamics=false agent.quasimetric_critic.losses.latent_dynamics.distance=iqe_mse agent.quasimetric_critic.losses.latent_dynamics.mse_weight=1.0 agent.quasimetric_critic.losses.latent_dynamics.iqe_weight=1.0 agent.actor.losses.min_dist.latent_goal_steps=4 agent.actor.losses.min_dist.latent_goal_keep_best=true agent.actor.losses.min_dist.latent_goal_lr=0.01 agent.actor.losses.min_dist.latent_goal_search=direct agent.quasimetric_critic.model.encoder.branch_normalization=none agent.actor.losses.min_dist.latent_goal_mode=max agent.actor.losses.min_dist.latent_goal_optim=sgd agent.actor.losses.min_dist.adaptive_entropy_regularizer=true agent.actor.losses.min_dist.entropy_mc_samples=100 agent.actor.losses.min_dist.add_goal_as_future_state=true agent.actor.losses.behavior_cloning.weight=0 agent.goal_set_distance.enabled=false interaction.exploration_eps=0 interaction.validation_seed=1000 interaction.test_seed=1500 interaction.num_eval_episodes=500 interaction.num_test_episodes=1000 eval_steps=null save_steps=50000 keep_only_latest_checkpoint=false save_replay_buffer=true save_final_replay_buffer=true resume_if_possible=true
scale_GO-QRL+Max4-Hybrid-M_500k_50kckpt_val500_test1000_dmc_swimmer6_online_s1004	online	swimmer6	1004	500000	4.4m	env.kind=dmc +go_qrl_model_size=m batch_size=256 agent.training_schedule=joint agent.quasimetric_critic.losses.separate_latent_dynamics=false agent.quasimetric_critic.losses.latent_dynamics.distance=iqe_mse agent.quasimetric_critic.losses.latent_dynamics.mse_weight=1.0 agent.quasimetric_critic.losses.latent_dynamics.iqe_weight=1.0 agent.actor.losses.min_dist.latent_goal_steps=4 agent.actor.losses.min_dist.latent_goal_keep_best=true agent.actor.losses.min_dist.latent_goal_lr=0.01 agent.actor.losses.min_dist.latent_goal_search=direct agent.quasimetric_critic.model.encoder.branch_normalization=none agent.actor.losses.min_dist.latent_goal_mode=max agent.actor.losses.min_dist.latent_goal_optim=sgd agent.actor.losses.min_dist.adaptive_entropy_regularizer=true agent.actor.losses.min_dist.entropy_mc_samples=100 agent.actor.losses.min_dist.add_goal_as_future_state=true agent.actor.losses.behavior_cloning.weight=0 agent.goal_set_distance.enabled=false interaction.exploration_eps=0 interaction.validation_seed=1000 interaction.test_seed=1500 interaction.num_eval_episodes=500 interaction.num_test_episodes=1000 eval_steps=null save_steps=50000 keep_only_latest_checkpoint=false save_replay_buffer=true save_final_replay_buffer=true resume_if_possible=true
scale_GO-QRL+Max4-Hybrid-M_500k_50kckpt_val500_test1000_pusher_v4_online_s1000	online	Pusher-v4	1000	500000	4.4m	env.kind=gym_mujoco +go_qrl_model_size=m batch_size=256 agent.training_schedule=joint agent.quasimetric_critic.losses.separate_latent_dynamics=false agent.quasimetric_critic.losses.latent_dynamics.distance=iqe_mse agent.quasimetric_critic.losses.latent_dynamics.mse_weight=1.0 agent.quasimetric_critic.losses.latent_dynamics.iqe_weight=1.0 agent.actor.losses.min_dist.latent_goal_steps=4 agent.actor.losses.min_dist.latent_goal_keep_best=true agent.actor.losses.min_dist.latent_goal_lr=0.01 agent.actor.losses.min_dist.latent_goal_search=direct agent.quasimetric_critic.model.encoder.branch_normalization=none agent.actor.losses.min_dist.latent_goal_mode=max agent.actor.losses.min_dist.latent_goal_optim=sgd agent.actor.losses.min_dist.adaptive_entropy_regularizer=true agent.actor.losses.min_dist.entropy_mc_samples=100 agent.actor.losses.min_dist.add_goal_as_future_state=true agent.actor.losses.behavior_cloning.weight=0 agent.goal_set_distance.enabled=false interaction.exploration_eps=0 interaction.validation_seed=1000 interaction.test_seed=1500 interaction.num_eval_episodes=500 interaction.num_test_episodes=1000 eval_steps=null save_steps=50000 keep_only_latest_checkpoint=false save_replay_buffer=true save_final_replay_buffer=true resume_if_possible=true
scale_GO-QRL+Max4-Hybrid-M_500k_50kckpt_val500_test1000_pusher_v4_online_s1001	online	Pusher-v4	1001	500000	4.4m	env.kind=gym_mujoco +go_qrl_model_size=m batch_size=256 agent.training_schedule=joint agent.quasimetric_critic.losses.separate_latent_dynamics=false agent.quasimetric_critic.losses.latent_dynamics.distance=iqe_mse agent.quasimetric_critic.losses.latent_dynamics.mse_weight=1.0 agent.quasimetric_critic.losses.latent_dynamics.iqe_weight=1.0 agent.actor.losses.min_dist.latent_goal_steps=4 agent.actor.losses.min_dist.latent_goal_keep_best=true agent.actor.losses.min_dist.latent_goal_lr=0.01 agent.actor.losses.min_dist.latent_goal_search=direct agent.quasimetric_critic.model.encoder.branch_normalization=none agent.actor.losses.min_dist.latent_goal_mode=max agent.actor.losses.min_dist.latent_goal_optim=sgd agent.actor.losses.min_dist.adaptive_entropy_regularizer=true agent.actor.losses.min_dist.entropy_mc_samples=100 agent.actor.losses.min_dist.add_goal_as_future_state=true agent.actor.losses.behavior_cloning.weight=0 agent.goal_set_distance.enabled=false interaction.exploration_eps=0 interaction.validation_seed=1000 interaction.test_seed=1500 interaction.num_eval_episodes=500 interaction.num_test_episodes=1000 eval_steps=null save_steps=50000 keep_only_latest_checkpoint=false save_replay_buffer=true save_final_replay_buffer=true resume_if_possible=true
scale_GO-QRL+Max4-Hybrid-M_500k_50kckpt_val500_test1000_pusher_v4_online_s1002	online	Pusher-v4	1002	500000	4.4m	env.kind=gym_mujoco +go_qrl_model_size=m batch_size=256 agent.training_schedule=joint agent.quasimetric_critic.losses.separate_latent_dynamics=false agent.quasimetric_critic.losses.latent_dynamics.distance=iqe_mse agent.quasimetric_critic.losses.latent_dynamics.mse_weight=1.0 agent.quasimetric_critic.losses.latent_dynamics.iqe_weight=1.0 agent.actor.losses.min_dist.latent_goal_steps=4 agent.actor.losses.min_dist.latent_goal_keep_best=true agent.actor.losses.min_dist.latent_goal_lr=0.01 agent.actor.losses.min_dist.latent_goal_search=direct agent.quasimetric_critic.model.encoder.branch_normalization=none agent.actor.losses.min_dist.latent_goal_mode=max agent.actor.losses.min_dist.latent_goal_optim=sgd agent.actor.losses.min_dist.adaptive_entropy_regularizer=true agent.actor.losses.min_dist.entropy_mc_samples=100 agent.actor.losses.min_dist.add_goal_as_future_state=true agent.actor.losses.behavior_cloning.weight=0 agent.goal_set_distance.enabled=false interaction.exploration_eps=0 interaction.validation_seed=1000 interaction.test_seed=1500 interaction.num_eval_episodes=500 interaction.num_test_episodes=1000 eval_steps=null save_steps=50000 keep_only_latest_checkpoint=false save_replay_buffer=true save_final_replay_buffer=true resume_if_possible=true
scale_GO-QRL+Max4-Hybrid-M_500k_50kckpt_val500_test1000_pusher_v4_online_s1003	online	Pusher-v4	1003	500000	4.4m	env.kind=gym_mujoco +go_qrl_model_size=m batch_size=256 agent.training_schedule=joint agent.quasimetric_critic.losses.separate_latent_dynamics=false agent.quasimetric_critic.losses.latent_dynamics.distance=iqe_mse agent.quasimetric_critic.losses.latent_dynamics.mse_weight=1.0 agent.quasimetric_critic.losses.latent_dynamics.iqe_weight=1.0 agent.actor.losses.min_dist.latent_goal_steps=4 agent.actor.losses.min_dist.latent_goal_keep_best=true agent.actor.losses.min_dist.latent_goal_lr=0.01 agent.actor.losses.min_dist.latent_goal_search=direct agent.quasimetric_critic.model.encoder.branch_normalization=none agent.actor.losses.min_dist.latent_goal_mode=max agent.actor.losses.min_dist.latent_goal_optim=sgd agent.actor.losses.min_dist.adaptive_entropy_regularizer=true agent.actor.losses.min_dist.entropy_mc_samples=100 agent.actor.losses.min_dist.add_goal_as_future_state=true agent.actor.losses.behavior_cloning.weight=0 agent.goal_set_distance.enabled=false interaction.exploration_eps=0 interaction.validation_seed=1000 interaction.test_seed=1500 interaction.num_eval_episodes=500 interaction.num_test_episodes=1000 eval_steps=null save_steps=50000 keep_only_latest_checkpoint=false save_replay_buffer=true save_final_replay_buffer=true resume_if_possible=true
scale_GO-QRL+Max4-Hybrid-M_500k_50kckpt_val500_test1000_pusher_v4_online_s1004	online	Pusher-v4	1004	500000	4.4m	env.kind=gym_mujoco +go_qrl_model_size=m batch_size=256 agent.training_schedule=joint agent.quasimetric_critic.losses.separate_latent_dynamics=false agent.quasimetric_critic.losses.latent_dynamics.distance=iqe_mse agent.quasimetric_critic.losses.latent_dynamics.mse_weight=1.0 agent.quasimetric_critic.losses.latent_dynamics.iqe_weight=1.0 agent.actor.losses.min_dist.latent_goal_steps=4 agent.actor.losses.min_dist.latent_goal_keep_best=true agent.actor.losses.min_dist.latent_goal_lr=0.01 agent.actor.losses.min_dist.latent_goal_search=direct agent.quasimetric_critic.model.encoder.branch_normalization=none agent.actor.losses.min_dist.latent_goal_mode=max agent.actor.losses.min_dist.latent_goal_optim=sgd agent.actor.losses.min_dist.adaptive_entropy_regularizer=true agent.actor.losses.min_dist.entropy_mc_samples=100 agent.actor.losses.min_dist.add_goal_as_future_state=true agent.actor.losses.behavior_cloning.weight=0 agent.goal_set_distance.enabled=false interaction.exploration_eps=0 interaction.validation_seed=1000 interaction.test_seed=1500 interaction.num_eval_episodes=500 interaction.num_test_episodes=1000 eval_steps=null save_steps=50000 keep_only_latest_checkpoint=false save_replay_buffer=true save_final_replay_buffer=true resume_if_possible=true
scale_GO-QRL+Max4-Hybrid-M_500k_50kckpt_val500_test1000_antnavigate_v4_online_s1000	online	AntNavigate-v4	1000	500000	4.4m	env.kind=gym_mujoco +go_qrl_model_size=m batch_size=256 agent.training_schedule=joint agent.quasimetric_critic.losses.separate_latent_dynamics=false agent.quasimetric_critic.losses.latent_dynamics.distance=iqe_mse agent.quasimetric_critic.losses.latent_dynamics.mse_weight=1.0 agent.quasimetric_critic.losses.latent_dynamics.iqe_weight=1.0 agent.actor.losses.min_dist.latent_goal_steps=4 agent.actor.losses.min_dist.latent_goal_keep_best=true agent.actor.losses.min_dist.latent_goal_lr=0.01 agent.actor.losses.min_dist.latent_goal_search=direct agent.quasimetric_critic.model.encoder.branch_normalization=none agent.actor.losses.min_dist.latent_goal_mode=max agent.actor.losses.min_dist.latent_goal_optim=sgd agent.actor.losses.min_dist.adaptive_entropy_regularizer=true agent.actor.losses.min_dist.entropy_mc_samples=100 agent.actor.losses.min_dist.add_goal_as_future_state=true agent.actor.losses.behavior_cloning.weight=0 agent.goal_set_distance.enabled=false interaction.exploration_eps=0 interaction.validation_seed=1000 interaction.test_seed=1500 interaction.num_eval_episodes=500 interaction.num_test_episodes=1000 eval_steps=null save_steps=50000 keep_only_latest_checkpoint=false save_replay_buffer=true save_final_replay_buffer=true resume_if_possible=true
scale_GO-QRL+Max4-Hybrid-M_500k_50kckpt_val500_test1000_antnavigate_v4_online_s1001	online	AntNavigate-v4	1001	500000	4.4m	env.kind=gym_mujoco +go_qrl_model_size=m batch_size=256 agent.training_schedule=joint agent.quasimetric_critic.losses.separate_latent_dynamics=false agent.quasimetric_critic.losses.latent_dynamics.distance=iqe_mse agent.quasimetric_critic.losses.latent_dynamics.mse_weight=1.0 agent.quasimetric_critic.losses.latent_dynamics.iqe_weight=1.0 agent.actor.losses.min_dist.latent_goal_steps=4 agent.actor.losses.min_dist.latent_goal_keep_best=true agent.actor.losses.min_dist.latent_goal_lr=0.01 agent.actor.losses.min_dist.latent_goal_search=direct agent.quasimetric_critic.model.encoder.branch_normalization=none agent.actor.losses.min_dist.latent_goal_mode=max agent.actor.losses.min_dist.latent_goal_optim=sgd agent.actor.losses.min_dist.adaptive_entropy_regularizer=true agent.actor.losses.min_dist.entropy_mc_samples=100 agent.actor.losses.min_dist.add_goal_as_future_state=true agent.actor.losses.behavior_cloning.weight=0 agent.goal_set_distance.enabled=false interaction.exploration_eps=0 interaction.validation_seed=1000 interaction.test_seed=1500 interaction.num_eval_episodes=500 interaction.num_test_episodes=1000 eval_steps=null save_steps=50000 keep_only_latest_checkpoint=false save_replay_buffer=true save_final_replay_buffer=true resume_if_possible=true
scale_GO-QRL+Max4-Hybrid-M_500k_50kckpt_val500_test1000_antnavigate_v4_online_s1002	online	AntNavigate-v4	1002	500000	4.4m	env.kind=gym_mujoco +go_qrl_model_size=m batch_size=256 agent.training_schedule=joint agent.quasimetric_critic.losses.separate_latent_dynamics=false agent.quasimetric_critic.losses.latent_dynamics.distance=iqe_mse agent.quasimetric_critic.losses.latent_dynamics.mse_weight=1.0 agent.quasimetric_critic.losses.latent_dynamics.iqe_weight=1.0 agent.actor.losses.min_dist.latent_goal_steps=4 agent.actor.losses.min_dist.latent_goal_keep_best=true agent.actor.losses.min_dist.latent_goal_lr=0.01 agent.actor.losses.min_dist.latent_goal_search=direct agent.quasimetric_critic.model.encoder.branch_normalization=none agent.actor.losses.min_dist.latent_goal_mode=max agent.actor.losses.min_dist.latent_goal_optim=sgd agent.actor.losses.min_dist.adaptive_entropy_regularizer=true agent.actor.losses.min_dist.entropy_mc_samples=100 agent.actor.losses.min_dist.add_goal_as_future_state=true agent.actor.losses.behavior_cloning.weight=0 agent.goal_set_distance.enabled=false interaction.exploration_eps=0 interaction.validation_seed=1000 interaction.test_seed=1500 interaction.num_eval_episodes=500 interaction.num_test_episodes=1000 eval_steps=null save_steps=50000 keep_only_latest_checkpoint=false save_replay_buffer=true save_final_replay_buffer=true resume_if_possible=true
scale_GO-QRL+Max4-Hybrid-M_500k_50kckpt_val500_test1000_antnavigate_v4_online_s1003	online	AntNavigate-v4	1003	500000	4.4m	env.kind=gym_mujoco +go_qrl_model_size=m batch_size=256 agent.training_schedule=joint agent.quasimetric_critic.losses.separate_latent_dynamics=false agent.quasimetric_critic.losses.latent_dynamics.distance=iqe_mse agent.quasimetric_critic.losses.latent_dynamics.mse_weight=1.0 agent.quasimetric_critic.losses.latent_dynamics.iqe_weight=1.0 agent.actor.losses.min_dist.latent_goal_steps=4 agent.actor.losses.min_dist.latent_goal_keep_best=true agent.actor.losses.min_dist.latent_goal_lr=0.01 agent.actor.losses.min_dist.latent_goal_search=direct agent.quasimetric_critic.model.encoder.branch_normalization=none agent.actor.losses.min_dist.latent_goal_mode=max agent.actor.losses.min_dist.latent_goal_optim=sgd agent.actor.losses.min_dist.adaptive_entropy_regularizer=true agent.actor.losses.min_dist.entropy_mc_samples=100 agent.actor.losses.min_dist.add_goal_as_future_state=true agent.actor.losses.behavior_cloning.weight=0 agent.goal_set_distance.enabled=false interaction.exploration_eps=0 interaction.validation_seed=1000 interaction.test_seed=1500 interaction.num_eval_episodes=500 interaction.num_test_episodes=1000 eval_steps=null save_steps=50000 keep_only_latest_checkpoint=false save_replay_buffer=true save_final_replay_buffer=true resume_if_possible=true
scale_GO-QRL+Max4-Hybrid-M_500k_50kckpt_val500_test1000_antnavigate_v4_online_s1004	online	AntNavigate-v4	1004	500000	4.4m	env.kind=gym_mujoco +go_qrl_model_size=m batch_size=256 agent.training_schedule=joint agent.quasimetric_critic.losses.separate_latent_dynamics=false agent.quasimetric_critic.losses.latent_dynamics.distance=iqe_mse agent.quasimetric_critic.losses.latent_dynamics.mse_weight=1.0 agent.quasimetric_critic.losses.latent_dynamics.iqe_weight=1.0 agent.actor.losses.min_dist.latent_goal_steps=4 agent.actor.losses.min_dist.latent_goal_keep_best=true agent.actor.losses.min_dist.latent_goal_lr=0.01 agent.actor.losses.min_dist.latent_goal_search=direct agent.quasimetric_critic.model.encoder.branch_normalization=none agent.actor.losses.min_dist.latent_goal_mode=max agent.actor.losses.min_dist.latent_goal_optim=sgd agent.actor.losses.min_dist.adaptive_entropy_regularizer=true agent.actor.losses.min_dist.entropy_mc_samples=100 agent.actor.losses.min_dist.add_goal_as_future_state=true agent.actor.losses.behavior_cloning.weight=0 agent.goal_set_distance.enabled=false interaction.exploration_eps=0 interaction.validation_seed=1000 interaction.test_seed=1500 interaction.num_eval_episodes=500 interaction.num_test_episodes=1000 eval_steps=null save_steps=50000 keep_only_latest_checkpoint=false save_replay_buffer=true save_final_replay_buffer=true resume_if_possible=true
scale_GO-QRL+Max4-Hybrid-L_500k_50kckpt_val500_test1000_dmc_manipulator_online_s1000	online	manipulator_bring_ball	1000	500000	21.7m	env.kind=dmc +go_qrl_model_size=l batch_size=256 agent.training_schedule=joint agent.quasimetric_critic.losses.separate_latent_dynamics=false agent.quasimetric_critic.losses.latent_dynamics.distance=iqe_mse agent.quasimetric_critic.losses.latent_dynamics.mse_weight=1.0 agent.quasimetric_critic.losses.latent_dynamics.iqe_weight=1.0 agent.actor.losses.min_dist.latent_goal_steps=4 agent.actor.losses.min_dist.latent_goal_keep_best=true agent.actor.losses.min_dist.latent_goal_lr=0.01 agent.actor.losses.min_dist.latent_goal_search=direct agent.quasimetric_critic.model.encoder.branch_normalization=none agent.actor.losses.min_dist.latent_goal_mode=max agent.actor.losses.min_dist.latent_goal_optim=sgd agent.actor.losses.min_dist.adaptive_entropy_regularizer=true agent.actor.losses.min_dist.entropy_mc_samples=100 agent.actor.losses.min_dist.add_goal_as_future_state=true agent.actor.losses.behavior_cloning.weight=0 agent.goal_set_distance.enabled=false interaction.exploration_eps=0 interaction.validation_seed=1000 interaction.test_seed=1500 interaction.num_eval_episodes=500 interaction.num_test_episodes=1000 eval_steps=null save_steps=50000 keep_only_latest_checkpoint=false save_replay_buffer=true save_final_replay_buffer=true resume_if_possible=true
scale_GO-QRL+Max4-Hybrid-L_500k_50kckpt_val500_test1000_dmc_manipulator_online_s1001	online	manipulator_bring_ball	1001	500000	21.7m	env.kind=dmc +go_qrl_model_size=l batch_size=256 agent.training_schedule=joint agent.quasimetric_critic.losses.separate_latent_dynamics=false agent.quasimetric_critic.losses.latent_dynamics.distance=iqe_mse agent.quasimetric_critic.losses.latent_dynamics.mse_weight=1.0 agent.quasimetric_critic.losses.latent_dynamics.iqe_weight=1.0 agent.actor.losses.min_dist.latent_goal_steps=4 agent.actor.losses.min_dist.latent_goal_keep_best=true agent.actor.losses.min_dist.latent_goal_lr=0.01 agent.actor.losses.min_dist.latent_goal_search=direct agent.quasimetric_critic.model.encoder.branch_normalization=none agent.actor.losses.min_dist.latent_goal_mode=max agent.actor.losses.min_dist.latent_goal_optim=sgd agent.actor.losses.min_dist.adaptive_entropy_regularizer=true agent.actor.losses.min_dist.entropy_mc_samples=100 agent.actor.losses.min_dist.add_goal_as_future_state=true agent.actor.losses.behavior_cloning.weight=0 agent.goal_set_distance.enabled=false interaction.exploration_eps=0 interaction.validation_seed=1000 interaction.test_seed=1500 interaction.num_eval_episodes=500 interaction.num_test_episodes=1000 eval_steps=null save_steps=50000 keep_only_latest_checkpoint=false save_replay_buffer=true save_final_replay_buffer=true resume_if_possible=true
scale_GO-QRL+Max4-Hybrid-L_500k_50kckpt_val500_test1000_dmc_manipulator_online_s1002	online	manipulator_bring_ball	1002	500000	21.7m	env.kind=dmc +go_qrl_model_size=l batch_size=256 agent.training_schedule=joint agent.quasimetric_critic.losses.separate_latent_dynamics=false agent.quasimetric_critic.losses.latent_dynamics.distance=iqe_mse agent.quasimetric_critic.losses.latent_dynamics.mse_weight=1.0 agent.quasimetric_critic.losses.latent_dynamics.iqe_weight=1.0 agent.actor.losses.min_dist.latent_goal_steps=4 agent.actor.losses.min_dist.latent_goal_keep_best=true agent.actor.losses.min_dist.latent_goal_lr=0.01 agent.actor.losses.min_dist.latent_goal_search=direct agent.quasimetric_critic.model.encoder.branch_normalization=none agent.actor.losses.min_dist.latent_goal_mode=max agent.actor.losses.min_dist.latent_goal_optim=sgd agent.actor.losses.min_dist.adaptive_entropy_regularizer=true agent.actor.losses.min_dist.entropy_mc_samples=100 agent.actor.losses.min_dist.add_goal_as_future_state=true agent.actor.losses.behavior_cloning.weight=0 agent.goal_set_distance.enabled=false interaction.exploration_eps=0 interaction.validation_seed=1000 interaction.test_seed=1500 interaction.num_eval_episodes=500 interaction.num_test_episodes=1000 eval_steps=null save_steps=50000 keep_only_latest_checkpoint=false save_replay_buffer=true save_final_replay_buffer=true resume_if_possible=true
scale_GO-QRL+Max4-Hybrid-L_500k_50kckpt_val500_test1000_dmc_manipulator_online_s1003	online	manipulator_bring_ball	1003	500000	21.7m	env.kind=dmc +go_qrl_model_size=l batch_size=256 agent.training_schedule=joint agent.quasimetric_critic.losses.separate_latent_dynamics=false agent.quasimetric_critic.losses.latent_dynamics.distance=iqe_mse agent.quasimetric_critic.losses.latent_dynamics.mse_weight=1.0 agent.quasimetric_critic.losses.latent_dynamics.iqe_weight=1.0 agent.actor.losses.min_dist.latent_goal_steps=4 agent.actor.losses.min_dist.latent_goal_keep_best=true agent.actor.losses.min_dist.latent_goal_lr=0.01 agent.actor.losses.min_dist.latent_goal_search=direct agent.quasimetric_critic.model.encoder.branch_normalization=none agent.actor.losses.min_dist.latent_goal_mode=max agent.actor.losses.min_dist.latent_goal_optim=sgd agent.actor.losses.min_dist.adaptive_entropy_regularizer=true agent.actor.losses.min_dist.entropy_mc_samples=100 agent.actor.losses.min_dist.add_goal_as_future_state=true agent.actor.losses.behavior_cloning.weight=0 agent.goal_set_distance.enabled=false interaction.exploration_eps=0 interaction.validation_seed=1000 interaction.test_seed=1500 interaction.num_eval_episodes=500 interaction.num_test_episodes=1000 eval_steps=null save_steps=50000 keep_only_latest_checkpoint=false save_replay_buffer=true save_final_replay_buffer=true resume_if_possible=true
scale_GO-QRL+Max4-Hybrid-L_500k_50kckpt_val500_test1000_dmc_manipulator_online_s1004	online	manipulator_bring_ball	1004	500000	21.7m	env.kind=dmc +go_qrl_model_size=l batch_size=256 agent.training_schedule=joint agent.quasimetric_critic.losses.separate_latent_dynamics=false agent.quasimetric_critic.losses.latent_dynamics.distance=iqe_mse agent.quasimetric_critic.losses.latent_dynamics.mse_weight=1.0 agent.quasimetric_critic.losses.latent_dynamics.iqe_weight=1.0 agent.actor.losses.min_dist.latent_goal_steps=4 agent.actor.losses.min_dist.latent_goal_keep_best=true agent.actor.losses.min_dist.latent_goal_lr=0.01 agent.actor.losses.min_dist.latent_goal_search=direct agent.quasimetric_critic.model.encoder.branch_normalization=none agent.actor.losses.min_dist.latent_goal_mode=max agent.actor.losses.min_dist.latent_goal_optim=sgd agent.actor.losses.min_dist.adaptive_entropy_regularizer=true agent.actor.losses.min_dist.entropy_mc_samples=100 agent.actor.losses.min_dist.add_goal_as_future_state=true agent.actor.losses.behavior_cloning.weight=0 agent.goal_set_distance.enabled=false interaction.exploration_eps=0 interaction.validation_seed=1000 interaction.test_seed=1500 interaction.num_eval_episodes=500 interaction.num_test_episodes=1000 eval_steps=null save_steps=50000 keep_only_latest_checkpoint=false save_replay_buffer=true save_final_replay_buffer=true resume_if_possible=true
scale_GO-QRL+Max4-Hybrid-L_500k_50kckpt_val500_test1000_fetchslide_online_s1000	online	FetchSlide	1000	500000	21.7m	env.kind=gcrl +go_qrl_model_size=l batch_size=256 agent.training_schedule=joint agent.quasimetric_critic.losses.separate_latent_dynamics=false agent.quasimetric_critic.losses.latent_dynamics.distance=iqe_mse agent.quasimetric_critic.losses.latent_dynamics.mse_weight=1.0 agent.quasimetric_critic.losses.latent_dynamics.iqe_weight=1.0 agent.actor.losses.min_dist.latent_goal_steps=4 agent.actor.losses.min_dist.latent_goal_keep_best=true agent.actor.losses.min_dist.latent_goal_lr=0.01 agent.actor.losses.min_dist.latent_goal_search=direct agent.quasimetric_critic.model.encoder.branch_normalization=none agent.actor.losses.min_dist.latent_goal_mode=max agent.actor.losses.min_dist.latent_goal_optim=sgd agent.actor.losses.min_dist.adaptive_entropy_regularizer=true agent.actor.losses.min_dist.entropy_mc_samples=100 agent.actor.losses.min_dist.add_goal_as_future_state=true agent.actor.losses.behavior_cloning.weight=0 agent.goal_set_distance.enabled=false interaction.exploration_eps=0 interaction.validation_seed=1000 interaction.test_seed=1500 interaction.num_eval_episodes=500 interaction.num_test_episodes=1000 eval_steps=null save_steps=50000 keep_only_latest_checkpoint=false save_replay_buffer=true save_final_replay_buffer=true resume_if_possible=true
scale_GO-QRL+Max4-Hybrid-L_500k_50kckpt_val500_test1000_fetchslide_online_s1001	online	FetchSlide	1001	500000	21.7m	env.kind=gcrl +go_qrl_model_size=l batch_size=256 agent.training_schedule=joint agent.quasimetric_critic.losses.separate_latent_dynamics=false agent.quasimetric_critic.losses.latent_dynamics.distance=iqe_mse agent.quasimetric_critic.losses.latent_dynamics.mse_weight=1.0 agent.quasimetric_critic.losses.latent_dynamics.iqe_weight=1.0 agent.actor.losses.min_dist.latent_goal_steps=4 agent.actor.losses.min_dist.latent_goal_keep_best=true agent.actor.losses.min_dist.latent_goal_lr=0.01 agent.actor.losses.min_dist.latent_goal_search=direct agent.quasimetric_critic.model.encoder.branch_normalization=none agent.actor.losses.min_dist.latent_goal_mode=max agent.actor.losses.min_dist.latent_goal_optim=sgd agent.actor.losses.min_dist.adaptive_entropy_regularizer=true agent.actor.losses.min_dist.entropy_mc_samples=100 agent.actor.losses.min_dist.add_goal_as_future_state=true agent.actor.losses.behavior_cloning.weight=0 agent.goal_set_distance.enabled=false interaction.exploration_eps=0 interaction.validation_seed=1000 interaction.test_seed=1500 interaction.num_eval_episodes=500 interaction.num_test_episodes=1000 eval_steps=null save_steps=50000 keep_only_latest_checkpoint=false save_replay_buffer=true save_final_replay_buffer=true resume_if_possible=true
scale_GO-QRL+Max4-Hybrid-L_500k_50kckpt_val500_test1000_fetchslide_online_s1002	online	FetchSlide	1002	500000	21.7m	env.kind=gcrl +go_qrl_model_size=l batch_size=256 agent.training_schedule=joint agent.quasimetric_critic.losses.separate_latent_dynamics=false agent.quasimetric_critic.losses.latent_dynamics.distance=iqe_mse agent.quasimetric_critic.losses.latent_dynamics.mse_weight=1.0 agent.quasimetric_critic.losses.latent_dynamics.iqe_weight=1.0 agent.actor.losses.min_dist.latent_goal_steps=4 agent.actor.losses.min_dist.latent_goal_keep_best=true agent.actor.losses.min_dist.latent_goal_lr=0.01 agent.actor.losses.min_dist.latent_goal_search=direct agent.quasimetric_critic.model.encoder.branch_normalization=none agent.actor.losses.min_dist.latent_goal_mode=max agent.actor.losses.min_dist.latent_goal_optim=sgd agent.actor.losses.min_dist.adaptive_entropy_regularizer=true agent.actor.losses.min_dist.entropy_mc_samples=100 agent.actor.losses.min_dist.add_goal_as_future_state=true agent.actor.losses.behavior_cloning.weight=0 agent.goal_set_distance.enabled=false interaction.exploration_eps=0 interaction.validation_seed=1000 interaction.test_seed=1500 interaction.num_eval_episodes=500 interaction.num_test_episodes=1000 eval_steps=null save_steps=50000 keep_only_latest_checkpoint=false save_replay_buffer=true save_final_replay_buffer=true resume_if_possible=true
scale_GO-QRL+Max4-Hybrid-L_500k_50kckpt_val500_test1000_fetchslide_online_s1003	online	FetchSlide	1003	500000	21.7m	env.kind=gcrl +go_qrl_model_size=l batch_size=256 agent.training_schedule=joint agent.quasimetric_critic.losses.separate_latent_dynamics=false agent.quasimetric_critic.losses.latent_dynamics.distance=iqe_mse agent.quasimetric_critic.losses.latent_dynamics.mse_weight=1.0 agent.quasimetric_critic.losses.latent_dynamics.iqe_weight=1.0 agent.actor.losses.min_dist.latent_goal_steps=4 agent.actor.losses.min_dist.latent_goal_keep_best=true agent.actor.losses.min_dist.latent_goal_lr=0.01 agent.actor.losses.min_dist.latent_goal_search=direct agent.quasimetric_critic.model.encoder.branch_normalization=none agent.actor.losses.min_dist.latent_goal_mode=max agent.actor.losses.min_dist.latent_goal_optim=sgd agent.actor.losses.min_dist.adaptive_entropy_regularizer=true agent.actor.losses.min_dist.entropy_mc_samples=100 agent.actor.losses.min_dist.add_goal_as_future_state=true agent.actor.losses.behavior_cloning.weight=0 agent.goal_set_distance.enabled=false interaction.exploration_eps=0 interaction.validation_seed=1000 interaction.test_seed=1500 interaction.num_eval_episodes=500 interaction.num_test_episodes=1000 eval_steps=null save_steps=50000 keep_only_latest_checkpoint=false save_replay_buffer=true save_final_replay_buffer=true resume_if_possible=true
scale_GO-QRL+Max4-Hybrid-L_500k_50kckpt_val500_test1000_fetchslide_online_s1004	online	FetchSlide	1004	500000	21.7m	env.kind=gcrl +go_qrl_model_size=l batch_size=256 agent.training_schedule=joint agent.quasimetric_critic.losses.separate_latent_dynamics=false agent.quasimetric_critic.losses.latent_dynamics.distance=iqe_mse agent.quasimetric_critic.losses.latent_dynamics.mse_weight=1.0 agent.quasimetric_critic.losses.latent_dynamics.iqe_weight=1.0 agent.actor.losses.min_dist.latent_goal_steps=4 agent.actor.losses.min_dist.latent_goal_keep_best=true agent.actor.losses.min_dist.latent_goal_lr=0.01 agent.actor.losses.min_dist.latent_goal_search=direct agent.quasimetric_critic.model.encoder.branch_normalization=none agent.actor.losses.min_dist.latent_goal_mode=max agent.actor.losses.min_dist.latent_goal_optim=sgd agent.actor.losses.min_dist.adaptive_entropy_regularizer=true agent.actor.losses.min_dist.entropy_mc_samples=100 agent.actor.losses.min_dist.add_goal_as_future_state=true agent.actor.losses.behavior_cloning.weight=0 agent.goal_set_distance.enabled=false interaction.exploration_eps=0 interaction.validation_seed=1000 interaction.test_seed=1500 interaction.num_eval_episodes=500 interaction.num_test_episodes=1000 eval_steps=null save_steps=50000 keep_only_latest_checkpoint=false save_replay_buffer=true save_final_replay_buffer=true resume_if_possible=true
scale_GO-QRL+Max4-Hybrid-L_500k_50kckpt_val500_test1000_dmc_swimmer6_online_s1000	online	swimmer6	1000	500000	21.7m	env.kind=dmc +go_qrl_model_size=l batch_size=256 agent.training_schedule=joint agent.quasimetric_critic.losses.separate_latent_dynamics=false agent.quasimetric_critic.losses.latent_dynamics.distance=iqe_mse agent.quasimetric_critic.losses.latent_dynamics.mse_weight=1.0 agent.quasimetric_critic.losses.latent_dynamics.iqe_weight=1.0 agent.actor.losses.min_dist.latent_goal_steps=4 agent.actor.losses.min_dist.latent_goal_keep_best=true agent.actor.losses.min_dist.latent_goal_lr=0.01 agent.actor.losses.min_dist.latent_goal_search=direct agent.quasimetric_critic.model.encoder.branch_normalization=none agent.actor.losses.min_dist.latent_goal_mode=max agent.actor.losses.min_dist.latent_goal_optim=sgd agent.actor.losses.min_dist.adaptive_entropy_regularizer=true agent.actor.losses.min_dist.entropy_mc_samples=100 agent.actor.losses.min_dist.add_goal_as_future_state=true agent.actor.losses.behavior_cloning.weight=0 agent.goal_set_distance.enabled=false interaction.exploration_eps=0 interaction.validation_seed=1000 interaction.test_seed=1500 interaction.num_eval_episodes=500 interaction.num_test_episodes=1000 eval_steps=null save_steps=50000 keep_only_latest_checkpoint=false save_replay_buffer=true save_final_replay_buffer=true resume_if_possible=true
scale_GO-QRL+Max4-Hybrid-L_500k_50kckpt_val500_test1000_dmc_swimmer6_online_s1001	online	swimmer6	1001	500000	21.7m	env.kind=dmc +go_qrl_model_size=l batch_size=256 agent.training_schedule=joint agent.quasimetric_critic.losses.separate_latent_dynamics=false agent.quasimetric_critic.losses.latent_dynamics.distance=iqe_mse agent.quasimetric_critic.losses.latent_dynamics.mse_weight=1.0 agent.quasimetric_critic.losses.latent_dynamics.iqe_weight=1.0 agent.actor.losses.min_dist.latent_goal_steps=4 agent.actor.losses.min_dist.latent_goal_keep_best=true agent.actor.losses.min_dist.latent_goal_lr=0.01 agent.actor.losses.min_dist.latent_goal_search=direct agent.quasimetric_critic.model.encoder.branch_normalization=none agent.actor.losses.min_dist.latent_goal_mode=max agent.actor.losses.min_dist.latent_goal_optim=sgd agent.actor.losses.min_dist.adaptive_entropy_regularizer=true agent.actor.losses.min_dist.entropy_mc_samples=100 agent.actor.losses.min_dist.add_goal_as_future_state=true agent.actor.losses.behavior_cloning.weight=0 agent.goal_set_distance.enabled=false interaction.exploration_eps=0 interaction.validation_seed=1000 interaction.test_seed=1500 interaction.num_eval_episodes=500 interaction.num_test_episodes=1000 eval_steps=null save_steps=50000 keep_only_latest_checkpoint=false save_replay_buffer=true save_final_replay_buffer=true resume_if_possible=true
scale_GO-QRL+Max4-Hybrid-L_500k_50kckpt_val500_test1000_dmc_swimmer6_online_s1002	online	swimmer6	1002	500000	21.7m	env.kind=dmc +go_qrl_model_size=l batch_size=256 agent.training_schedule=joint agent.quasimetric_critic.losses.separate_latent_dynamics=false agent.quasimetric_critic.losses.latent_dynamics.distance=iqe_mse agent.quasimetric_critic.losses.latent_dynamics.mse_weight=1.0 agent.quasimetric_critic.losses.latent_dynamics.iqe_weight=1.0 agent.actor.losses.min_dist.latent_goal_steps=4 agent.actor.losses.min_dist.latent_goal_keep_best=true agent.actor.losses.min_dist.latent_goal_lr=0.01 agent.actor.losses.min_dist.latent_goal_search=direct agent.quasimetric_critic.model.encoder.branch_normalization=none agent.actor.losses.min_dist.latent_goal_mode=max agent.actor.losses.min_dist.latent_goal_optim=sgd agent.actor.losses.min_dist.adaptive_entropy_regularizer=true agent.actor.losses.min_dist.entropy_mc_samples=100 agent.actor.losses.min_dist.add_goal_as_future_state=true agent.actor.losses.behavior_cloning.weight=0 agent.goal_set_distance.enabled=false interaction.exploration_eps=0 interaction.validation_seed=1000 interaction.test_seed=1500 interaction.num_eval_episodes=500 interaction.num_test_episodes=1000 eval_steps=null save_steps=50000 keep_only_latest_checkpoint=false save_replay_buffer=true save_final_replay_buffer=true resume_if_possible=true
scale_GO-QRL+Max4-Hybrid-L_500k_50kckpt_val500_test1000_dmc_swimmer6_online_s1003	online	swimmer6	1003	500000	21.7m	env.kind=dmc +go_qrl_model_size=l batch_size=256 agent.training_schedule=joint agent.quasimetric_critic.losses.separate_latent_dynamics=false agent.quasimetric_critic.losses.latent_dynamics.distance=iqe_mse agent.quasimetric_critic.losses.latent_dynamics.mse_weight=1.0 agent.quasimetric_critic.losses.latent_dynamics.iqe_weight=1.0 agent.actor.losses.min_dist.latent_goal_steps=4 agent.actor.losses.min_dist.latent_goal_keep_best=true agent.actor.losses.min_dist.latent_goal_lr=0.01 agent.actor.losses.min_dist.latent_goal_search=direct agent.quasimetric_critic.model.encoder.branch_normalization=none agent.actor.losses.min_dist.latent_goal_mode=max agent.actor.losses.min_dist.latent_goal_optim=sgd agent.actor.losses.min_dist.adaptive_entropy_regularizer=true agent.actor.losses.min_dist.entropy_mc_samples=100 agent.actor.losses.min_dist.add_goal_as_future_state=true agent.actor.losses.behavior_cloning.weight=0 agent.goal_set_distance.enabled=false interaction.exploration_eps=0 interaction.validation_seed=1000 interaction.test_seed=1500 interaction.num_eval_episodes=500 interaction.num_test_episodes=1000 eval_steps=null save_steps=50000 keep_only_latest_checkpoint=false save_replay_buffer=true save_final_replay_buffer=true resume_if_possible=true
scale_GO-QRL+Max4-Hybrid-L_500k_50kckpt_val500_test1000_dmc_swimmer6_online_s1004	online	swimmer6	1004	500000	21.7m	env.kind=dmc +go_qrl_model_size=l batch_size=256 agent.training_schedule=joint agent.quasimetric_critic.losses.separate_latent_dynamics=false agent.quasimetric_critic.losses.latent_dynamics.distance=iqe_mse agent.quasimetric_critic.losses.latent_dynamics.mse_weight=1.0 agent.quasimetric_critic.losses.latent_dynamics.iqe_weight=1.0 agent.actor.losses.min_dist.latent_goal_steps=4 agent.actor.losses.min_dist.latent_goal_keep_best=true agent.actor.losses.min_dist.latent_goal_lr=0.01 agent.actor.losses.min_dist.latent_goal_search=direct agent.quasimetric_critic.model.encoder.branch_normalization=none agent.actor.losses.min_dist.latent_goal_mode=max agent.actor.losses.min_dist.latent_goal_optim=sgd agent.actor.losses.min_dist.adaptive_entropy_regularizer=true agent.actor.losses.min_dist.entropy_mc_samples=100 agent.actor.losses.min_dist.add_goal_as_future_state=true agent.actor.losses.behavior_cloning.weight=0 agent.goal_set_distance.enabled=false interaction.exploration_eps=0 interaction.validation_seed=1000 interaction.test_seed=1500 interaction.num_eval_episodes=500 interaction.num_test_episodes=1000 eval_steps=null save_steps=50000 keep_only_latest_checkpoint=false save_replay_buffer=true save_final_replay_buffer=true resume_if_possible=true
scale_GO-QRL+Max4-Hybrid-L_500k_50kckpt_val500_test1000_pusher_v4_online_s1000	online	Pusher-v4	1000	500000	21.7m	env.kind=gym_mujoco +go_qrl_model_size=l batch_size=256 agent.training_schedule=joint agent.quasimetric_critic.losses.separate_latent_dynamics=false agent.quasimetric_critic.losses.latent_dynamics.distance=iqe_mse agent.quasimetric_critic.losses.latent_dynamics.mse_weight=1.0 agent.quasimetric_critic.losses.latent_dynamics.iqe_weight=1.0 agent.actor.losses.min_dist.latent_goal_steps=4 agent.actor.losses.min_dist.latent_goal_keep_best=true agent.actor.losses.min_dist.latent_goal_lr=0.01 agent.actor.losses.min_dist.latent_goal_search=direct agent.quasimetric_critic.model.encoder.branch_normalization=none agent.actor.losses.min_dist.latent_goal_mode=max agent.actor.losses.min_dist.latent_goal_optim=sgd agent.actor.losses.min_dist.adaptive_entropy_regularizer=true agent.actor.losses.min_dist.entropy_mc_samples=100 agent.actor.losses.min_dist.add_goal_as_future_state=true agent.actor.losses.behavior_cloning.weight=0 agent.goal_set_distance.enabled=false interaction.exploration_eps=0 interaction.validation_seed=1000 interaction.test_seed=1500 interaction.num_eval_episodes=500 interaction.num_test_episodes=1000 eval_steps=null save_steps=50000 keep_only_latest_checkpoint=false save_replay_buffer=true save_final_replay_buffer=true resume_if_possible=true
scale_GO-QRL+Max4-Hybrid-L_500k_50kckpt_val500_test1000_pusher_v4_online_s1001	online	Pusher-v4	1001	500000	21.7m	env.kind=gym_mujoco +go_qrl_model_size=l batch_size=256 agent.training_schedule=joint agent.quasimetric_critic.losses.separate_latent_dynamics=false agent.quasimetric_critic.losses.latent_dynamics.distance=iqe_mse agent.quasimetric_critic.losses.latent_dynamics.mse_weight=1.0 agent.quasimetric_critic.losses.latent_dynamics.iqe_weight=1.0 agent.actor.losses.min_dist.latent_goal_steps=4 agent.actor.losses.min_dist.latent_goal_keep_best=true agent.actor.losses.min_dist.latent_goal_lr=0.01 agent.actor.losses.min_dist.latent_goal_search=direct agent.quasimetric_critic.model.encoder.branch_normalization=none agent.actor.losses.min_dist.latent_goal_mode=max agent.actor.losses.min_dist.latent_goal_optim=sgd agent.actor.losses.min_dist.adaptive_entropy_regularizer=true agent.actor.losses.min_dist.entropy_mc_samples=100 agent.actor.losses.min_dist.add_goal_as_future_state=true agent.actor.losses.behavior_cloning.weight=0 agent.goal_set_distance.enabled=false interaction.exploration_eps=0 interaction.validation_seed=1000 interaction.test_seed=1500 interaction.num_eval_episodes=500 interaction.num_test_episodes=1000 eval_steps=null save_steps=50000 keep_only_latest_checkpoint=false save_replay_buffer=true save_final_replay_buffer=true resume_if_possible=true
scale_GO-QRL+Max4-Hybrid-L_500k_50kckpt_val500_test1000_pusher_v4_online_s1002	online	Pusher-v4	1002	500000	21.7m	env.kind=gym_mujoco +go_qrl_model_size=l batch_size=256 agent.training_schedule=joint agent.quasimetric_critic.losses.separate_latent_dynamics=false agent.quasimetric_critic.losses.latent_dynamics.distance=iqe_mse agent.quasimetric_critic.losses.latent_dynamics.mse_weight=1.0 agent.quasimetric_critic.losses.latent_dynamics.iqe_weight=1.0 agent.actor.losses.min_dist.latent_goal_steps=4 agent.actor.losses.min_dist.latent_goal_keep_best=true agent.actor.losses.min_dist.latent_goal_lr=0.01 agent.actor.losses.min_dist.latent_goal_search=direct agent.quasimetric_critic.model.encoder.branch_normalization=none agent.actor.losses.min_dist.latent_goal_mode=max agent.actor.losses.min_dist.latent_goal_optim=sgd agent.actor.losses.min_dist.adaptive_entropy_regularizer=true agent.actor.losses.min_dist.entropy_mc_samples=100 agent.actor.losses.min_dist.add_goal_as_future_state=true agent.actor.losses.behavior_cloning.weight=0 agent.goal_set_distance.enabled=false interaction.exploration_eps=0 interaction.validation_seed=1000 interaction.test_seed=1500 interaction.num_eval_episodes=500 interaction.num_test_episodes=1000 eval_steps=null save_steps=50000 keep_only_latest_checkpoint=false save_replay_buffer=true save_final_replay_buffer=true resume_if_possible=true
scale_GO-QRL+Max4-Hybrid-L_500k_50kckpt_val500_test1000_pusher_v4_online_s1003	online	Pusher-v4	1003	500000	21.7m	env.kind=gym_mujoco +go_qrl_model_size=l batch_size=256 agent.training_schedule=joint agent.quasimetric_critic.losses.separate_latent_dynamics=false agent.quasimetric_critic.losses.latent_dynamics.distance=iqe_mse agent.quasimetric_critic.losses.latent_dynamics.mse_weight=1.0 agent.quasimetric_critic.losses.latent_dynamics.iqe_weight=1.0 agent.actor.losses.min_dist.latent_goal_steps=4 agent.actor.losses.min_dist.latent_goal_keep_best=true agent.actor.losses.min_dist.latent_goal_lr=0.01 agent.actor.losses.min_dist.latent_goal_search=direct agent.quasimetric_critic.model.encoder.branch_normalization=none agent.actor.losses.min_dist.latent_goal_mode=max agent.actor.losses.min_dist.latent_goal_optim=sgd agent.actor.losses.min_dist.adaptive_entropy_regularizer=true agent.actor.losses.min_dist.entropy_mc_samples=100 agent.actor.losses.min_dist.add_goal_as_future_state=true agent.actor.losses.behavior_cloning.weight=0 agent.goal_set_distance.enabled=false interaction.exploration_eps=0 interaction.validation_seed=1000 interaction.test_seed=1500 interaction.num_eval_episodes=500 interaction.num_test_episodes=1000 eval_steps=null save_steps=50000 keep_only_latest_checkpoint=false save_replay_buffer=true save_final_replay_buffer=true resume_if_possible=true
scale_GO-QRL+Max4-Hybrid-L_500k_50kckpt_val500_test1000_pusher_v4_online_s1004	online	Pusher-v4	1004	500000	21.7m	env.kind=gym_mujoco +go_qrl_model_size=l batch_size=256 agent.training_schedule=joint agent.quasimetric_critic.losses.separate_latent_dynamics=false agent.quasimetric_critic.losses.latent_dynamics.distance=iqe_mse agent.quasimetric_critic.losses.latent_dynamics.mse_weight=1.0 agent.quasimetric_critic.losses.latent_dynamics.iqe_weight=1.0 agent.actor.losses.min_dist.latent_goal_steps=4 agent.actor.losses.min_dist.latent_goal_keep_best=true agent.actor.losses.min_dist.latent_goal_lr=0.01 agent.actor.losses.min_dist.latent_goal_search=direct agent.quasimetric_critic.model.encoder.branch_normalization=none agent.actor.losses.min_dist.latent_goal_mode=max agent.actor.losses.min_dist.latent_goal_optim=sgd agent.actor.losses.min_dist.adaptive_entropy_regularizer=true agent.actor.losses.min_dist.entropy_mc_samples=100 agent.actor.losses.min_dist.add_goal_as_future_state=true agent.actor.losses.behavior_cloning.weight=0 agent.goal_set_distance.enabled=false interaction.exploration_eps=0 interaction.validation_seed=1000 interaction.test_seed=1500 interaction.num_eval_episodes=500 interaction.num_test_episodes=1000 eval_steps=null save_steps=50000 keep_only_latest_checkpoint=false save_replay_buffer=true save_final_replay_buffer=true resume_if_possible=true
scale_GO-QRL+Max4-Hybrid-L_500k_50kckpt_val500_test1000_antnavigate_v4_online_s1000	online	AntNavigate-v4	1000	500000	21.7m	env.kind=gym_mujoco +go_qrl_model_size=l batch_size=256 agent.training_schedule=joint agent.quasimetric_critic.losses.separate_latent_dynamics=false agent.quasimetric_critic.losses.latent_dynamics.distance=iqe_mse agent.quasimetric_critic.losses.latent_dynamics.mse_weight=1.0 agent.quasimetric_critic.losses.latent_dynamics.iqe_weight=1.0 agent.actor.losses.min_dist.latent_goal_steps=4 agent.actor.losses.min_dist.latent_goal_keep_best=true agent.actor.losses.min_dist.latent_goal_lr=0.01 agent.actor.losses.min_dist.latent_goal_search=direct agent.quasimetric_critic.model.encoder.branch_normalization=none agent.actor.losses.min_dist.latent_goal_mode=max agent.actor.losses.min_dist.latent_goal_optim=sgd agent.actor.losses.min_dist.adaptive_entropy_regularizer=true agent.actor.losses.min_dist.entropy_mc_samples=100 agent.actor.losses.min_dist.add_goal_as_future_state=true agent.actor.losses.behavior_cloning.weight=0 agent.goal_set_distance.enabled=false interaction.exploration_eps=0 interaction.validation_seed=1000 interaction.test_seed=1500 interaction.num_eval_episodes=500 interaction.num_test_episodes=1000 eval_steps=null save_steps=50000 keep_only_latest_checkpoint=false save_replay_buffer=true save_final_replay_buffer=true resume_if_possible=true
scale_GO-QRL+Max4-Hybrid-L_500k_50kckpt_val500_test1000_antnavigate_v4_online_s1001	online	AntNavigate-v4	1001	500000	21.7m	env.kind=gym_mujoco +go_qrl_model_size=l batch_size=256 agent.training_schedule=joint agent.quasimetric_critic.losses.separate_latent_dynamics=false agent.quasimetric_critic.losses.latent_dynamics.distance=iqe_mse agent.quasimetric_critic.losses.latent_dynamics.mse_weight=1.0 agent.quasimetric_critic.losses.latent_dynamics.iqe_weight=1.0 agent.actor.losses.min_dist.latent_goal_steps=4 agent.actor.losses.min_dist.latent_goal_keep_best=true agent.actor.losses.min_dist.latent_goal_lr=0.01 agent.actor.losses.min_dist.latent_goal_search=direct agent.quasimetric_critic.model.encoder.branch_normalization=none agent.actor.losses.min_dist.latent_goal_mode=max agent.actor.losses.min_dist.latent_goal_optim=sgd agent.actor.losses.min_dist.adaptive_entropy_regularizer=true agent.actor.losses.min_dist.entropy_mc_samples=100 agent.actor.losses.min_dist.add_goal_as_future_state=true agent.actor.losses.behavior_cloning.weight=0 agent.goal_set_distance.enabled=false interaction.exploration_eps=0 interaction.validation_seed=1000 interaction.test_seed=1500 interaction.num_eval_episodes=500 interaction.num_test_episodes=1000 eval_steps=null save_steps=50000 keep_only_latest_checkpoint=false save_replay_buffer=true save_final_replay_buffer=true resume_if_possible=true
scale_GO-QRL+Max4-Hybrid-L_500k_50kckpt_val500_test1000_antnavigate_v4_online_s1002	online	AntNavigate-v4	1002	500000	21.7m	env.kind=gym_mujoco +go_qrl_model_size=l batch_size=256 agent.training_schedule=joint agent.quasimetric_critic.losses.separate_latent_dynamics=false agent.quasimetric_critic.losses.latent_dynamics.distance=iqe_mse agent.quasimetric_critic.losses.latent_dynamics.mse_weight=1.0 agent.quasimetric_critic.losses.latent_dynamics.iqe_weight=1.0 agent.actor.losses.min_dist.latent_goal_steps=4 agent.actor.losses.min_dist.latent_goal_keep_best=true agent.actor.losses.min_dist.latent_goal_lr=0.01 agent.actor.losses.min_dist.latent_goal_search=direct agent.quasimetric_critic.model.encoder.branch_normalization=none agent.actor.losses.min_dist.latent_goal_mode=max agent.actor.losses.min_dist.latent_goal_optim=sgd agent.actor.losses.min_dist.adaptive_entropy_regularizer=true agent.actor.losses.min_dist.entropy_mc_samples=100 agent.actor.losses.min_dist.add_goal_as_future_state=true agent.actor.losses.behavior_cloning.weight=0 agent.goal_set_distance.enabled=false interaction.exploration_eps=0 interaction.validation_seed=1000 interaction.test_seed=1500 interaction.num_eval_episodes=500 interaction.num_test_episodes=1000 eval_steps=null save_steps=50000 keep_only_latest_checkpoint=false save_replay_buffer=true save_final_replay_buffer=true resume_if_possible=true
scale_GO-QRL+Max4-Hybrid-L_500k_50kckpt_val500_test1000_antnavigate_v4_online_s1003	online	AntNavigate-v4	1003	500000	21.7m	env.kind=gym_mujoco +go_qrl_model_size=l batch_size=256 agent.training_schedule=joint agent.quasimetric_critic.losses.separate_latent_dynamics=false agent.quasimetric_critic.losses.latent_dynamics.distance=iqe_mse agent.quasimetric_critic.losses.latent_dynamics.mse_weight=1.0 agent.quasimetric_critic.losses.latent_dynamics.iqe_weight=1.0 agent.actor.losses.min_dist.latent_goal_steps=4 agent.actor.losses.min_dist.latent_goal_keep_best=true agent.actor.losses.min_dist.latent_goal_lr=0.01 agent.actor.losses.min_dist.latent_goal_search=direct agent.quasimetric_critic.model.encoder.branch_normalization=none agent.actor.losses.min_dist.latent_goal_mode=max agent.actor.losses.min_dist.latent_goal_optim=sgd agent.actor.losses.min_dist.adaptive_entropy_regularizer=true agent.actor.losses.min_dist.entropy_mc_samples=100 agent.actor.losses.min_dist.add_goal_as_future_state=true agent.actor.losses.behavior_cloning.weight=0 agent.goal_set_distance.enabled=false interaction.exploration_eps=0 interaction.validation_seed=1000 interaction.test_seed=1500 interaction.num_eval_episodes=500 interaction.num_test_episodes=1000 eval_steps=null save_steps=50000 keep_only_latest_checkpoint=false save_replay_buffer=true save_final_replay_buffer=true resume_if_possible=true
scale_GO-QRL+Max4-Hybrid-L_500k_50kckpt_val500_test1000_antnavigate_v4_online_s1004	online	AntNavigate-v4	1004	500000	21.7m	env.kind=gym_mujoco +go_qrl_model_size=l batch_size=256 agent.training_schedule=joint agent.quasimetric_critic.losses.separate_latent_dynamics=false agent.quasimetric_critic.losses.latent_dynamics.distance=iqe_mse agent.quasimetric_critic.losses.latent_dynamics.mse_weight=1.0 agent.quasimetric_critic.losses.latent_dynamics.iqe_weight=1.0 agent.actor.losses.min_dist.latent_goal_steps=4 agent.actor.losses.min_dist.latent_goal_keep_best=true agent.actor.losses.min_dist.latent_goal_lr=0.01 agent.actor.losses.min_dist.latent_goal_search=direct agent.quasimetric_critic.model.encoder.branch_normalization=none agent.actor.losses.min_dist.latent_goal_mode=max agent.actor.losses.min_dist.latent_goal_optim=sgd agent.actor.losses.min_dist.adaptive_entropy_regularizer=true agent.actor.losses.min_dist.entropy_mc_samples=100 agent.actor.losses.min_dist.add_goal_as_future_state=true agent.actor.losses.behavior_cloning.weight=0 agent.goal_set_distance.enabled=false interaction.exploration_eps=0 interaction.validation_seed=1000 interaction.test_seed=1500 interaction.num_eval_episodes=500 interaction.num_test_episodes=1000 eval_steps=null save_steps=50000 keep_only_latest_checkpoint=false save_replay_buffer=true save_final_replay_buffer=true resume_if_possible=true
scale_GO-QRL+Max4-Hybrid-XL_500k_50kckpt_val500_test1000_dmc_manipulator_online_s1000	online	manipulator_bring_ball	1000	500000	40.6m	env.kind=dmc +go_qrl_model_size=xl batch_size=256 agent.training_schedule=joint agent.quasimetric_critic.losses.separate_latent_dynamics=false agent.quasimetric_critic.losses.latent_dynamics.distance=iqe_mse agent.quasimetric_critic.losses.latent_dynamics.mse_weight=1.0 agent.quasimetric_critic.losses.latent_dynamics.iqe_weight=1.0 agent.actor.losses.min_dist.latent_goal_steps=4 agent.actor.losses.min_dist.latent_goal_keep_best=true agent.actor.losses.min_dist.latent_goal_lr=0.01 agent.actor.losses.min_dist.latent_goal_search=direct agent.quasimetric_critic.model.encoder.branch_normalization=none agent.actor.losses.min_dist.latent_goal_mode=max agent.actor.losses.min_dist.latent_goal_optim=sgd agent.actor.losses.min_dist.adaptive_entropy_regularizer=true agent.actor.losses.min_dist.entropy_mc_samples=100 agent.actor.losses.min_dist.add_goal_as_future_state=true agent.actor.losses.behavior_cloning.weight=0 agent.goal_set_distance.enabled=false interaction.exploration_eps=0 interaction.validation_seed=1000 interaction.test_seed=1500 interaction.num_eval_episodes=500 interaction.num_test_episodes=1000 eval_steps=null save_steps=50000 keep_only_latest_checkpoint=false save_replay_buffer=true save_final_replay_buffer=true resume_if_possible=true
scale_GO-QRL+Max4-Hybrid-XL_500k_50kckpt_val500_test1000_dmc_manipulator_online_s1001	online	manipulator_bring_ball	1001	500000	40.6m	env.kind=dmc +go_qrl_model_size=xl batch_size=256 agent.training_schedule=joint agent.quasimetric_critic.losses.separate_latent_dynamics=false agent.quasimetric_critic.losses.latent_dynamics.distance=iqe_mse agent.quasimetric_critic.losses.latent_dynamics.mse_weight=1.0 agent.quasimetric_critic.losses.latent_dynamics.iqe_weight=1.0 agent.actor.losses.min_dist.latent_goal_steps=4 agent.actor.losses.min_dist.latent_goal_keep_best=true agent.actor.losses.min_dist.latent_goal_lr=0.01 agent.actor.losses.min_dist.latent_goal_search=direct agent.quasimetric_critic.model.encoder.branch_normalization=none agent.actor.losses.min_dist.latent_goal_mode=max agent.actor.losses.min_dist.latent_goal_optim=sgd agent.actor.losses.min_dist.adaptive_entropy_regularizer=true agent.actor.losses.min_dist.entropy_mc_samples=100 agent.actor.losses.min_dist.add_goal_as_future_state=true agent.actor.losses.behavior_cloning.weight=0 agent.goal_set_distance.enabled=false interaction.exploration_eps=0 interaction.validation_seed=1000 interaction.test_seed=1500 interaction.num_eval_episodes=500 interaction.num_test_episodes=1000 eval_steps=null save_steps=50000 keep_only_latest_checkpoint=false save_replay_buffer=true save_final_replay_buffer=true resume_if_possible=true
scale_GO-QRL+Max4-Hybrid-XL_500k_50kckpt_val500_test1000_dmc_manipulator_online_s1002	online	manipulator_bring_ball	1002	500000	40.6m	env.kind=dmc +go_qrl_model_size=xl batch_size=256 agent.training_schedule=joint agent.quasimetric_critic.losses.separate_latent_dynamics=false agent.quasimetric_critic.losses.latent_dynamics.distance=iqe_mse agent.quasimetric_critic.losses.latent_dynamics.mse_weight=1.0 agent.quasimetric_critic.losses.latent_dynamics.iqe_weight=1.0 agent.actor.losses.min_dist.latent_goal_steps=4 agent.actor.losses.min_dist.latent_goal_keep_best=true agent.actor.losses.min_dist.latent_goal_lr=0.01 agent.actor.losses.min_dist.latent_goal_search=direct agent.quasimetric_critic.model.encoder.branch_normalization=none agent.actor.losses.min_dist.latent_goal_mode=max agent.actor.losses.min_dist.latent_goal_optim=sgd agent.actor.losses.min_dist.adaptive_entropy_regularizer=true agent.actor.losses.min_dist.entropy_mc_samples=100 agent.actor.losses.min_dist.add_goal_as_future_state=true agent.actor.losses.behavior_cloning.weight=0 agent.goal_set_distance.enabled=false interaction.exploration_eps=0 interaction.validation_seed=1000 interaction.test_seed=1500 interaction.num_eval_episodes=500 interaction.num_test_episodes=1000 eval_steps=null save_steps=50000 keep_only_latest_checkpoint=false save_replay_buffer=true save_final_replay_buffer=true resume_if_possible=true
scale_GO-QRL+Max4-Hybrid-XL_500k_50kckpt_val500_test1000_dmc_manipulator_online_s1003	online	manipulator_bring_ball	1003	500000	40.6m	env.kind=dmc +go_qrl_model_size=xl batch_size=256 agent.training_schedule=joint agent.quasimetric_critic.losses.separate_latent_dynamics=false agent.quasimetric_critic.losses.latent_dynamics.distance=iqe_mse agent.quasimetric_critic.losses.latent_dynamics.mse_weight=1.0 agent.quasimetric_critic.losses.latent_dynamics.iqe_weight=1.0 agent.actor.losses.min_dist.latent_goal_steps=4 agent.actor.losses.min_dist.latent_goal_keep_best=true agent.actor.losses.min_dist.latent_goal_lr=0.01 agent.actor.losses.min_dist.latent_goal_search=direct agent.quasimetric_critic.model.encoder.branch_normalization=none agent.actor.losses.min_dist.latent_goal_mode=max agent.actor.losses.min_dist.latent_goal_optim=sgd agent.actor.losses.min_dist.adaptive_entropy_regularizer=true agent.actor.losses.min_dist.entropy_mc_samples=100 agent.actor.losses.min_dist.add_goal_as_future_state=true agent.actor.losses.behavior_cloning.weight=0 agent.goal_set_distance.enabled=false interaction.exploration_eps=0 interaction.validation_seed=1000 interaction.test_seed=1500 interaction.num_eval_episodes=500 interaction.num_test_episodes=1000 eval_steps=null save_steps=50000 keep_only_latest_checkpoint=false save_replay_buffer=true save_final_replay_buffer=true resume_if_possible=true
scale_GO-QRL+Max4-Hybrid-XL_500k_50kckpt_val500_test1000_dmc_manipulator_online_s1004	online	manipulator_bring_ball	1004	500000	40.6m	env.kind=dmc +go_qrl_model_size=xl batch_size=256 agent.training_schedule=joint agent.quasimetric_critic.losses.separate_latent_dynamics=false agent.quasimetric_critic.losses.latent_dynamics.distance=iqe_mse agent.quasimetric_critic.losses.latent_dynamics.mse_weight=1.0 agent.quasimetric_critic.losses.latent_dynamics.iqe_weight=1.0 agent.actor.losses.min_dist.latent_goal_steps=4 agent.actor.losses.min_dist.latent_goal_keep_best=true agent.actor.losses.min_dist.latent_goal_lr=0.01 agent.actor.losses.min_dist.latent_goal_search=direct agent.quasimetric_critic.model.encoder.branch_normalization=none agent.actor.losses.min_dist.latent_goal_mode=max agent.actor.losses.min_dist.latent_goal_optim=sgd agent.actor.losses.min_dist.adaptive_entropy_regularizer=true agent.actor.losses.min_dist.entropy_mc_samples=100 agent.actor.losses.min_dist.add_goal_as_future_state=true agent.actor.losses.behavior_cloning.weight=0 agent.goal_set_distance.enabled=false interaction.exploration_eps=0 interaction.validation_seed=1000 interaction.test_seed=1500 interaction.num_eval_episodes=500 interaction.num_test_episodes=1000 eval_steps=null save_steps=50000 keep_only_latest_checkpoint=false save_replay_buffer=true save_final_replay_buffer=true resume_if_possible=true
scale_GO-QRL+Max4-Hybrid-XL_500k_50kckpt_val500_test1000_fetchslide_online_s1000	online	FetchSlide	1000	500000	40.6m	env.kind=gcrl +go_qrl_model_size=xl batch_size=256 agent.training_schedule=joint agent.quasimetric_critic.losses.separate_latent_dynamics=false agent.quasimetric_critic.losses.latent_dynamics.distance=iqe_mse agent.quasimetric_critic.losses.latent_dynamics.mse_weight=1.0 agent.quasimetric_critic.losses.latent_dynamics.iqe_weight=1.0 agent.actor.losses.min_dist.latent_goal_steps=4 agent.actor.losses.min_dist.latent_goal_keep_best=true agent.actor.losses.min_dist.latent_goal_lr=0.01 agent.actor.losses.min_dist.latent_goal_search=direct agent.quasimetric_critic.model.encoder.branch_normalization=none agent.actor.losses.min_dist.latent_goal_mode=max agent.actor.losses.min_dist.latent_goal_optim=sgd agent.actor.losses.min_dist.adaptive_entropy_regularizer=true agent.actor.losses.min_dist.entropy_mc_samples=100 agent.actor.losses.min_dist.add_goal_as_future_state=true agent.actor.losses.behavior_cloning.weight=0 agent.goal_set_distance.enabled=false interaction.exploration_eps=0 interaction.validation_seed=1000 interaction.test_seed=1500 interaction.num_eval_episodes=500 interaction.num_test_episodes=1000 eval_steps=null save_steps=50000 keep_only_latest_checkpoint=false save_replay_buffer=true save_final_replay_buffer=true resume_if_possible=true
scale_GO-QRL+Max4-Hybrid-XL_500k_50kckpt_val500_test1000_fetchslide_online_s1001	online	FetchSlide	1001	500000	40.6m	env.kind=gcrl +go_qrl_model_size=xl batch_size=256 agent.training_schedule=joint agent.quasimetric_critic.losses.separate_latent_dynamics=false agent.quasimetric_critic.losses.latent_dynamics.distance=iqe_mse agent.quasimetric_critic.losses.latent_dynamics.mse_weight=1.0 agent.quasimetric_critic.losses.latent_dynamics.iqe_weight=1.0 agent.actor.losses.min_dist.latent_goal_steps=4 agent.actor.losses.min_dist.latent_goal_keep_best=true agent.actor.losses.min_dist.latent_goal_lr=0.01 agent.actor.losses.min_dist.latent_goal_search=direct agent.quasimetric_critic.model.encoder.branch_normalization=none agent.actor.losses.min_dist.latent_goal_mode=max agent.actor.losses.min_dist.latent_goal_optim=sgd agent.actor.losses.min_dist.adaptive_entropy_regularizer=true agent.actor.losses.min_dist.entropy_mc_samples=100 agent.actor.losses.min_dist.add_goal_as_future_state=true agent.actor.losses.behavior_cloning.weight=0 agent.goal_set_distance.enabled=false interaction.exploration_eps=0 interaction.validation_seed=1000 interaction.test_seed=1500 interaction.num_eval_episodes=500 interaction.num_test_episodes=1000 eval_steps=null save_steps=50000 keep_only_latest_checkpoint=false save_replay_buffer=true save_final_replay_buffer=true resume_if_possible=true
scale_GO-QRL+Max4-Hybrid-XL_500k_50kckpt_val500_test1000_fetchslide_online_s1002	online	FetchSlide	1002	500000	40.6m	env.kind=gcrl +go_qrl_model_size=xl batch_size=256 agent.training_schedule=joint agent.quasimetric_critic.losses.separate_latent_dynamics=false agent.quasimetric_critic.losses.latent_dynamics.distance=iqe_mse agent.quasimetric_critic.losses.latent_dynamics.mse_weight=1.0 agent.quasimetric_critic.losses.latent_dynamics.iqe_weight=1.0 agent.actor.losses.min_dist.latent_goal_steps=4 agent.actor.losses.min_dist.latent_goal_keep_best=true agent.actor.losses.min_dist.latent_goal_lr=0.01 agent.actor.losses.min_dist.latent_goal_search=direct agent.quasimetric_critic.model.encoder.branch_normalization=none agent.actor.losses.min_dist.latent_goal_mode=max agent.actor.losses.min_dist.latent_goal_optim=sgd agent.actor.losses.min_dist.adaptive_entropy_regularizer=true agent.actor.losses.min_dist.entropy_mc_samples=100 agent.actor.losses.min_dist.add_goal_as_future_state=true agent.actor.losses.behavior_cloning.weight=0 agent.goal_set_distance.enabled=false interaction.exploration_eps=0 interaction.validation_seed=1000 interaction.test_seed=1500 interaction.num_eval_episodes=500 interaction.num_test_episodes=1000 eval_steps=null save_steps=50000 keep_only_latest_checkpoint=false save_replay_buffer=true save_final_replay_buffer=true resume_if_possible=true
scale_GO-QRL+Max4-Hybrid-XL_500k_50kckpt_val500_test1000_fetchslide_online_s1003	online	FetchSlide	1003	500000	40.6m	env.kind=gcrl +go_qrl_model_size=xl batch_size=256 agent.training_schedule=joint agent.quasimetric_critic.losses.separate_latent_dynamics=false agent.quasimetric_critic.losses.latent_dynamics.distance=iqe_mse agent.quasimetric_critic.losses.latent_dynamics.mse_weight=1.0 agent.quasimetric_critic.losses.latent_dynamics.iqe_weight=1.0 agent.actor.losses.min_dist.latent_goal_steps=4 agent.actor.losses.min_dist.latent_goal_keep_best=true agent.actor.losses.min_dist.latent_goal_lr=0.01 agent.actor.losses.min_dist.latent_goal_search=direct agent.quasimetric_critic.model.encoder.branch_normalization=none agent.actor.losses.min_dist.latent_goal_mode=max agent.actor.losses.min_dist.latent_goal_optim=sgd agent.actor.losses.min_dist.adaptive_entropy_regularizer=true agent.actor.losses.min_dist.entropy_mc_samples=100 agent.actor.losses.min_dist.add_goal_as_future_state=true agent.actor.losses.behavior_cloning.weight=0 agent.goal_set_distance.enabled=false interaction.exploration_eps=0 interaction.validation_seed=1000 interaction.test_seed=1500 interaction.num_eval_episodes=500 interaction.num_test_episodes=1000 eval_steps=null save_steps=50000 keep_only_latest_checkpoint=false save_replay_buffer=true save_final_replay_buffer=true resume_if_possible=true
scale_GO-QRL+Max4-Hybrid-XL_500k_50kckpt_val500_test1000_fetchslide_online_s1004	online	FetchSlide	1004	500000	40.6m	env.kind=gcrl +go_qrl_model_size=xl batch_size=256 agent.training_schedule=joint agent.quasimetric_critic.losses.separate_latent_dynamics=false agent.quasimetric_critic.losses.latent_dynamics.distance=iqe_mse agent.quasimetric_critic.losses.latent_dynamics.mse_weight=1.0 agent.quasimetric_critic.losses.latent_dynamics.iqe_weight=1.0 agent.actor.losses.min_dist.latent_goal_steps=4 agent.actor.losses.min_dist.latent_goal_keep_best=true agent.actor.losses.min_dist.latent_goal_lr=0.01 agent.actor.losses.min_dist.latent_goal_search=direct agent.quasimetric_critic.model.encoder.branch_normalization=none agent.actor.losses.min_dist.latent_goal_mode=max agent.actor.losses.min_dist.latent_goal_optim=sgd agent.actor.losses.min_dist.adaptive_entropy_regularizer=true agent.actor.losses.min_dist.entropy_mc_samples=100 agent.actor.losses.min_dist.add_goal_as_future_state=true agent.actor.losses.behavior_cloning.weight=0 agent.goal_set_distance.enabled=false interaction.exploration_eps=0 interaction.validation_seed=1000 interaction.test_seed=1500 interaction.num_eval_episodes=500 interaction.num_test_episodes=1000 eval_steps=null save_steps=50000 keep_only_latest_checkpoint=false save_replay_buffer=true save_final_replay_buffer=true resume_if_possible=true
scale_GO-QRL+Max4-Hybrid-XL_500k_50kckpt_val500_test1000_dmc_swimmer6_online_s1000	online	swimmer6	1000	500000	40.6m	env.kind=dmc +go_qrl_model_size=xl batch_size=256 agent.training_schedule=joint agent.quasimetric_critic.losses.separate_latent_dynamics=false agent.quasimetric_critic.losses.latent_dynamics.distance=iqe_mse agent.quasimetric_critic.losses.latent_dynamics.mse_weight=1.0 agent.quasimetric_critic.losses.latent_dynamics.iqe_weight=1.0 agent.actor.losses.min_dist.latent_goal_steps=4 agent.actor.losses.min_dist.latent_goal_keep_best=true agent.actor.losses.min_dist.latent_goal_lr=0.01 agent.actor.losses.min_dist.latent_goal_search=direct agent.quasimetric_critic.model.encoder.branch_normalization=none agent.actor.losses.min_dist.latent_goal_mode=max agent.actor.losses.min_dist.latent_goal_optim=sgd agent.actor.losses.min_dist.adaptive_entropy_regularizer=true agent.actor.losses.min_dist.entropy_mc_samples=100 agent.actor.losses.min_dist.add_goal_as_future_state=true agent.actor.losses.behavior_cloning.weight=0 agent.goal_set_distance.enabled=false interaction.exploration_eps=0 interaction.validation_seed=1000 interaction.test_seed=1500 interaction.num_eval_episodes=500 interaction.num_test_episodes=1000 eval_steps=null save_steps=50000 keep_only_latest_checkpoint=false save_replay_buffer=true save_final_replay_buffer=true resume_if_possible=true
scale_GO-QRL+Max4-Hybrid-XL_500k_50kckpt_val500_test1000_dmc_swimmer6_online_s1001	online	swimmer6	1001	500000	40.6m	env.kind=dmc +go_qrl_model_size=xl batch_size=256 agent.training_schedule=joint agent.quasimetric_critic.losses.separate_latent_dynamics=false agent.quasimetric_critic.losses.latent_dynamics.distance=iqe_mse agent.quasimetric_critic.losses.latent_dynamics.mse_weight=1.0 agent.quasimetric_critic.losses.latent_dynamics.iqe_weight=1.0 agent.actor.losses.min_dist.latent_goal_steps=4 agent.actor.losses.min_dist.latent_goal_keep_best=true agent.actor.losses.min_dist.latent_goal_lr=0.01 agent.actor.losses.min_dist.latent_goal_search=direct agent.quasimetric_critic.model.encoder.branch_normalization=none agent.actor.losses.min_dist.latent_goal_mode=max agent.actor.losses.min_dist.latent_goal_optim=sgd agent.actor.losses.min_dist.adaptive_entropy_regularizer=true agent.actor.losses.min_dist.entropy_mc_samples=100 agent.actor.losses.min_dist.add_goal_as_future_state=true agent.actor.losses.behavior_cloning.weight=0 agent.goal_set_distance.enabled=false interaction.exploration_eps=0 interaction.validation_seed=1000 interaction.test_seed=1500 interaction.num_eval_episodes=500 interaction.num_test_episodes=1000 eval_steps=null save_steps=50000 keep_only_latest_checkpoint=false save_replay_buffer=true save_final_replay_buffer=true resume_if_possible=true
scale_GO-QRL+Max4-Hybrid-XL_500k_50kckpt_val500_test1000_dmc_swimmer6_online_s1002	online	swimmer6	1002	500000	40.6m	env.kind=dmc +go_qrl_model_size=xl batch_size=256 agent.training_schedule=joint agent.quasimetric_critic.losses.separate_latent_dynamics=false agent.quasimetric_critic.losses.latent_dynamics.distance=iqe_mse agent.quasimetric_critic.losses.latent_dynamics.mse_weight=1.0 agent.quasimetric_critic.losses.latent_dynamics.iqe_weight=1.0 agent.actor.losses.min_dist.latent_goal_steps=4 agent.actor.losses.min_dist.latent_goal_keep_best=true agent.actor.losses.min_dist.latent_goal_lr=0.01 agent.actor.losses.min_dist.latent_goal_search=direct agent.quasimetric_critic.model.encoder.branch_normalization=none agent.actor.losses.min_dist.latent_goal_mode=max agent.actor.losses.min_dist.latent_goal_optim=sgd agent.actor.losses.min_dist.adaptive_entropy_regularizer=true agent.actor.losses.min_dist.entropy_mc_samples=100 agent.actor.losses.min_dist.add_goal_as_future_state=true agent.actor.losses.behavior_cloning.weight=0 agent.goal_set_distance.enabled=false interaction.exploration_eps=0 interaction.validation_seed=1000 interaction.test_seed=1500 interaction.num_eval_episodes=500 interaction.num_test_episodes=1000 eval_steps=null save_steps=50000 keep_only_latest_checkpoint=false save_replay_buffer=true save_final_replay_buffer=true resume_if_possible=true
scale_GO-QRL+Max4-Hybrid-XL_500k_50kckpt_val500_test1000_dmc_swimmer6_online_s1003	online	swimmer6	1003	500000	40.6m	env.kind=dmc +go_qrl_model_size=xl batch_size=256 agent.training_schedule=joint agent.quasimetric_critic.losses.separate_latent_dynamics=false agent.quasimetric_critic.losses.latent_dynamics.distance=iqe_mse agent.quasimetric_critic.losses.latent_dynamics.mse_weight=1.0 agent.quasimetric_critic.losses.latent_dynamics.iqe_weight=1.0 agent.actor.losses.min_dist.latent_goal_steps=4 agent.actor.losses.min_dist.latent_goal_keep_best=true agent.actor.losses.min_dist.latent_goal_lr=0.01 agent.actor.losses.min_dist.latent_goal_search=direct agent.quasimetric_critic.model.encoder.branch_normalization=none agent.actor.losses.min_dist.latent_goal_mode=max agent.actor.losses.min_dist.latent_goal_optim=sgd agent.actor.losses.min_dist.adaptive_entropy_regularizer=true agent.actor.losses.min_dist.entropy_mc_samples=100 agent.actor.losses.min_dist.add_goal_as_future_state=true agent.actor.losses.behavior_cloning.weight=0 agent.goal_set_distance.enabled=false interaction.exploration_eps=0 interaction.validation_seed=1000 interaction.test_seed=1500 interaction.num_eval_episodes=500 interaction.num_test_episodes=1000 eval_steps=null save_steps=50000 keep_only_latest_checkpoint=false save_replay_buffer=true save_final_replay_buffer=true resume_if_possible=true
scale_GO-QRL+Max4-Hybrid-XL_500k_50kckpt_val500_test1000_dmc_swimmer6_online_s1004	online	swimmer6	1004	500000	40.6m	env.kind=dmc +go_qrl_model_size=xl batch_size=256 agent.training_schedule=joint agent.quasimetric_critic.losses.separate_latent_dynamics=false agent.quasimetric_critic.losses.latent_dynamics.distance=iqe_mse agent.quasimetric_critic.losses.latent_dynamics.mse_weight=1.0 agent.quasimetric_critic.losses.latent_dynamics.iqe_weight=1.0 agent.actor.losses.min_dist.latent_goal_steps=4 agent.actor.losses.min_dist.latent_goal_keep_best=true agent.actor.losses.min_dist.latent_goal_lr=0.01 agent.actor.losses.min_dist.latent_goal_search=direct agent.quasimetric_critic.model.encoder.branch_normalization=none agent.actor.losses.min_dist.latent_goal_mode=max agent.actor.losses.min_dist.latent_goal_optim=sgd agent.actor.losses.min_dist.adaptive_entropy_regularizer=true agent.actor.losses.min_dist.entropy_mc_samples=100 agent.actor.losses.min_dist.add_goal_as_future_state=true agent.actor.losses.behavior_cloning.weight=0 agent.goal_set_distance.enabled=false interaction.exploration_eps=0 interaction.validation_seed=1000 interaction.test_seed=1500 interaction.num_eval_episodes=500 interaction.num_test_episodes=1000 eval_steps=null save_steps=50000 keep_only_latest_checkpoint=false save_replay_buffer=true save_final_replay_buffer=true resume_if_possible=true
scale_GO-QRL+Max4-Hybrid-XL_500k_50kckpt_val500_test1000_pusher_v4_online_s1000	online	Pusher-v4	1000	500000	40.6m	env.kind=gym_mujoco +go_qrl_model_size=xl batch_size=256 agent.training_schedule=joint agent.quasimetric_critic.losses.separate_latent_dynamics=false agent.quasimetric_critic.losses.latent_dynamics.distance=iqe_mse agent.quasimetric_critic.losses.latent_dynamics.mse_weight=1.0 agent.quasimetric_critic.losses.latent_dynamics.iqe_weight=1.0 agent.actor.losses.min_dist.latent_goal_steps=4 agent.actor.losses.min_dist.latent_goal_keep_best=true agent.actor.losses.min_dist.latent_goal_lr=0.01 agent.actor.losses.min_dist.latent_goal_search=direct agent.quasimetric_critic.model.encoder.branch_normalization=none agent.actor.losses.min_dist.latent_goal_mode=max agent.actor.losses.min_dist.latent_goal_optim=sgd agent.actor.losses.min_dist.adaptive_entropy_regularizer=true agent.actor.losses.min_dist.entropy_mc_samples=100 agent.actor.losses.min_dist.add_goal_as_future_state=true agent.actor.losses.behavior_cloning.weight=0 agent.goal_set_distance.enabled=false interaction.exploration_eps=0 interaction.validation_seed=1000 interaction.test_seed=1500 interaction.num_eval_episodes=500 interaction.num_test_episodes=1000 eval_steps=null save_steps=50000 keep_only_latest_checkpoint=false save_replay_buffer=true save_final_replay_buffer=true resume_if_possible=true
scale_GO-QRL+Max4-Hybrid-XL_500k_50kckpt_val500_test1000_pusher_v4_online_s1001	online	Pusher-v4	1001	500000	40.6m	env.kind=gym_mujoco +go_qrl_model_size=xl batch_size=256 agent.training_schedule=joint agent.quasimetric_critic.losses.separate_latent_dynamics=false agent.quasimetric_critic.losses.latent_dynamics.distance=iqe_mse agent.quasimetric_critic.losses.latent_dynamics.mse_weight=1.0 agent.quasimetric_critic.losses.latent_dynamics.iqe_weight=1.0 agent.actor.losses.min_dist.latent_goal_steps=4 agent.actor.losses.min_dist.latent_goal_keep_best=true agent.actor.losses.min_dist.latent_goal_lr=0.01 agent.actor.losses.min_dist.latent_goal_search=direct agent.quasimetric_critic.model.encoder.branch_normalization=none agent.actor.losses.min_dist.latent_goal_mode=max agent.actor.losses.min_dist.latent_goal_optim=sgd agent.actor.losses.min_dist.adaptive_entropy_regularizer=true agent.actor.losses.min_dist.entropy_mc_samples=100 agent.actor.losses.min_dist.add_goal_as_future_state=true agent.actor.losses.behavior_cloning.weight=0 agent.goal_set_distance.enabled=false interaction.exploration_eps=0 interaction.validation_seed=1000 interaction.test_seed=1500 interaction.num_eval_episodes=500 interaction.num_test_episodes=1000 eval_steps=null save_steps=50000 keep_only_latest_checkpoint=false save_replay_buffer=true save_final_replay_buffer=true resume_if_possible=true
scale_GO-QRL+Max4-Hybrid-XL_500k_50kckpt_val500_test1000_pusher_v4_online_s1002	online	Pusher-v4	1002	500000	40.6m	env.kind=gym_mujoco +go_qrl_model_size=xl batch_size=256 agent.training_schedule=joint agent.quasimetric_critic.losses.separate_latent_dynamics=false agent.quasimetric_critic.losses.latent_dynamics.distance=iqe_mse agent.quasimetric_critic.losses.latent_dynamics.mse_weight=1.0 agent.quasimetric_critic.losses.latent_dynamics.iqe_weight=1.0 agent.actor.losses.min_dist.latent_goal_steps=4 agent.actor.losses.min_dist.latent_goal_keep_best=true agent.actor.losses.min_dist.latent_goal_lr=0.01 agent.actor.losses.min_dist.latent_goal_search=direct agent.quasimetric_critic.model.encoder.branch_normalization=none agent.actor.losses.min_dist.latent_goal_mode=max agent.actor.losses.min_dist.latent_goal_optim=sgd agent.actor.losses.min_dist.adaptive_entropy_regularizer=true agent.actor.losses.min_dist.entropy_mc_samples=100 agent.actor.losses.min_dist.add_goal_as_future_state=true agent.actor.losses.behavior_cloning.weight=0 agent.goal_set_distance.enabled=false interaction.exploration_eps=0 interaction.validation_seed=1000 interaction.test_seed=1500 interaction.num_eval_episodes=500 interaction.num_test_episodes=1000 eval_steps=null save_steps=50000 keep_only_latest_checkpoint=false save_replay_buffer=true save_final_replay_buffer=true resume_if_possible=true
scale_GO-QRL+Max4-Hybrid-XL_500k_50kckpt_val500_test1000_pusher_v4_online_s1003	online	Pusher-v4	1003	500000	40.6m	env.kind=gym_mujoco +go_qrl_model_size=xl batch_size=256 agent.training_schedule=joint agent.quasimetric_critic.losses.separate_latent_dynamics=false agent.quasimetric_critic.losses.latent_dynamics.distance=iqe_mse agent.quasimetric_critic.losses.latent_dynamics.mse_weight=1.0 agent.quasimetric_critic.losses.latent_dynamics.iqe_weight=1.0 agent.actor.losses.min_dist.latent_goal_steps=4 agent.actor.losses.min_dist.latent_goal_keep_best=true agent.actor.losses.min_dist.latent_goal_lr=0.01 agent.actor.losses.min_dist.latent_goal_search=direct agent.quasimetric_critic.model.encoder.branch_normalization=none agent.actor.losses.min_dist.latent_goal_mode=max agent.actor.losses.min_dist.latent_goal_optim=sgd agent.actor.losses.min_dist.adaptive_entropy_regularizer=true agent.actor.losses.min_dist.entropy_mc_samples=100 agent.actor.losses.min_dist.add_goal_as_future_state=true agent.actor.losses.behavior_cloning.weight=0 agent.goal_set_distance.enabled=false interaction.exploration_eps=0 interaction.validation_seed=1000 interaction.test_seed=1500 interaction.num_eval_episodes=500 interaction.num_test_episodes=1000 eval_steps=null save_steps=50000 keep_only_latest_checkpoint=false save_replay_buffer=true save_final_replay_buffer=true resume_if_possible=true
scale_GO-QRL+Max4-Hybrid-XL_500k_50kckpt_val500_test1000_pusher_v4_online_s1004	online	Pusher-v4	1004	500000	40.6m	env.kind=gym_mujoco +go_qrl_model_size=xl batch_size=256 agent.training_schedule=joint agent.quasimetric_critic.losses.separate_latent_dynamics=false agent.quasimetric_critic.losses.latent_dynamics.distance=iqe_mse agent.quasimetric_critic.losses.latent_dynamics.mse_weight=1.0 agent.quasimetric_critic.losses.latent_dynamics.iqe_weight=1.0 agent.actor.losses.min_dist.latent_goal_steps=4 agent.actor.losses.min_dist.latent_goal_keep_best=true agent.actor.losses.min_dist.latent_goal_lr=0.01 agent.actor.losses.min_dist.latent_goal_search=direct agent.quasimetric_critic.model.encoder.branch_normalization=none agent.actor.losses.min_dist.latent_goal_mode=max agent.actor.losses.min_dist.latent_goal_optim=sgd agent.actor.losses.min_dist.adaptive_entropy_regularizer=true agent.actor.losses.min_dist.entropy_mc_samples=100 agent.actor.losses.min_dist.add_goal_as_future_state=true agent.actor.losses.behavior_cloning.weight=0 agent.goal_set_distance.enabled=false interaction.exploration_eps=0 interaction.validation_seed=1000 interaction.test_seed=1500 interaction.num_eval_episodes=500 interaction.num_test_episodes=1000 eval_steps=null save_steps=50000 keep_only_latest_checkpoint=false save_replay_buffer=true save_final_replay_buffer=true resume_if_possible=true
scale_GO-QRL+Max4-Hybrid-XL_500k_50kckpt_val500_test1000_antnavigate_v4_online_s1000	online	AntNavigate-v4	1000	500000	40.6m	env.kind=gym_mujoco +go_qrl_model_size=xl batch_size=256 agent.training_schedule=joint agent.quasimetric_critic.losses.separate_latent_dynamics=false agent.quasimetric_critic.losses.latent_dynamics.distance=iqe_mse agent.quasimetric_critic.losses.latent_dynamics.mse_weight=1.0 agent.quasimetric_critic.losses.latent_dynamics.iqe_weight=1.0 agent.actor.losses.min_dist.latent_goal_steps=4 agent.actor.losses.min_dist.latent_goal_keep_best=true agent.actor.losses.min_dist.latent_goal_lr=0.01 agent.actor.losses.min_dist.latent_goal_search=direct agent.quasimetric_critic.model.encoder.branch_normalization=none agent.actor.losses.min_dist.latent_goal_mode=max agent.actor.losses.min_dist.latent_goal_optim=sgd agent.actor.losses.min_dist.adaptive_entropy_regularizer=true agent.actor.losses.min_dist.entropy_mc_samples=100 agent.actor.losses.min_dist.add_goal_as_future_state=true agent.actor.losses.behavior_cloning.weight=0 agent.goal_set_distance.enabled=false interaction.exploration_eps=0 interaction.validation_seed=1000 interaction.test_seed=1500 interaction.num_eval_episodes=500 interaction.num_test_episodes=1000 eval_steps=null save_steps=50000 keep_only_latest_checkpoint=false save_replay_buffer=true save_final_replay_buffer=true resume_if_possible=true
scale_GO-QRL+Max4-Hybrid-XL_500k_50kckpt_val500_test1000_antnavigate_v4_online_s1001	online	AntNavigate-v4	1001	500000	40.6m	env.kind=gym_mujoco +go_qrl_model_size=xl batch_size=256 agent.training_schedule=joint agent.quasimetric_critic.losses.separate_latent_dynamics=false agent.quasimetric_critic.losses.latent_dynamics.distance=iqe_mse agent.quasimetric_critic.losses.latent_dynamics.mse_weight=1.0 agent.quasimetric_critic.losses.latent_dynamics.iqe_weight=1.0 agent.actor.losses.min_dist.latent_goal_steps=4 agent.actor.losses.min_dist.latent_goal_keep_best=true agent.actor.losses.min_dist.latent_goal_lr=0.01 agent.actor.losses.min_dist.latent_goal_search=direct agent.quasimetric_critic.model.encoder.branch_normalization=none agent.actor.losses.min_dist.latent_goal_mode=max agent.actor.losses.min_dist.latent_goal_optim=sgd agent.actor.losses.min_dist.adaptive_entropy_regularizer=true agent.actor.losses.min_dist.entropy_mc_samples=100 agent.actor.losses.min_dist.add_goal_as_future_state=true agent.actor.losses.behavior_cloning.weight=0 agent.goal_set_distance.enabled=false interaction.exploration_eps=0 interaction.validation_seed=1000 interaction.test_seed=1500 interaction.num_eval_episodes=500 interaction.num_test_episodes=1000 eval_steps=null save_steps=50000 keep_only_latest_checkpoint=false save_replay_buffer=true save_final_replay_buffer=true resume_if_possible=true
scale_GO-QRL+Max4-Hybrid-XL_500k_50kckpt_val500_test1000_antnavigate_v4_online_s1002	online	AntNavigate-v4	1002	500000	40.6m	env.kind=gym_mujoco +go_qrl_model_size=xl batch_size=256 agent.training_schedule=joint agent.quasimetric_critic.losses.separate_latent_dynamics=false agent.quasimetric_critic.losses.latent_dynamics.distance=iqe_mse agent.quasimetric_critic.losses.latent_dynamics.mse_weight=1.0 agent.quasimetric_critic.losses.latent_dynamics.iqe_weight=1.0 agent.actor.losses.min_dist.latent_goal_steps=4 agent.actor.losses.min_dist.latent_goal_keep_best=true agent.actor.losses.min_dist.latent_goal_lr=0.01 agent.actor.losses.min_dist.latent_goal_search=direct agent.quasimetric_critic.model.encoder.branch_normalization=none agent.actor.losses.min_dist.latent_goal_mode=max agent.actor.losses.min_dist.latent_goal_optim=sgd agent.actor.losses.min_dist.adaptive_entropy_regularizer=true agent.actor.losses.min_dist.entropy_mc_samples=100 agent.actor.losses.min_dist.add_goal_as_future_state=true agent.actor.losses.behavior_cloning.weight=0 agent.goal_set_distance.enabled=false interaction.exploration_eps=0 interaction.validation_seed=1000 interaction.test_seed=1500 interaction.num_eval_episodes=500 interaction.num_test_episodes=1000 eval_steps=null save_steps=50000 keep_only_latest_checkpoint=false save_replay_buffer=true save_final_replay_buffer=true resume_if_possible=true
scale_GO-QRL+Max4-Hybrid-XL_500k_50kckpt_val500_test1000_antnavigate_v4_online_s1003	online	AntNavigate-v4	1003	500000	40.6m	env.kind=gym_mujoco +go_qrl_model_size=xl batch_size=256 agent.training_schedule=joint agent.quasimetric_critic.losses.separate_latent_dynamics=false agent.quasimetric_critic.losses.latent_dynamics.distance=iqe_mse agent.quasimetric_critic.losses.latent_dynamics.mse_weight=1.0 agent.quasimetric_critic.losses.latent_dynamics.iqe_weight=1.0 agent.actor.losses.min_dist.latent_goal_steps=4 agent.actor.losses.min_dist.latent_goal_keep_best=true agent.actor.losses.min_dist.latent_goal_lr=0.01 agent.actor.losses.min_dist.latent_goal_search=direct agent.quasimetric_critic.model.encoder.branch_normalization=none agent.actor.losses.min_dist.latent_goal_mode=max agent.actor.losses.min_dist.latent_goal_optim=sgd agent.actor.losses.min_dist.adaptive_entropy_regularizer=true agent.actor.losses.min_dist.entropy_mc_samples=100 agent.actor.losses.min_dist.add_goal_as_future_state=true agent.actor.losses.behavior_cloning.weight=0 agent.goal_set_distance.enabled=false interaction.exploration_eps=0 interaction.validation_seed=1000 interaction.test_seed=1500 interaction.num_eval_episodes=500 interaction.num_test_episodes=1000 eval_steps=null save_steps=50000 keep_only_latest_checkpoint=false save_replay_buffer=true save_final_replay_buffer=true resume_if_possible=true
scale_GO-QRL+Max4-Hybrid-XL_500k_50kckpt_val500_test1000_antnavigate_v4_online_s1004	online	AntNavigate-v4	1004	500000	40.6m	env.kind=gym_mujoco +go_qrl_model_size=xl batch_size=256 agent.training_schedule=joint agent.quasimetric_critic.losses.separate_latent_dynamics=false agent.quasimetric_critic.losses.latent_dynamics.distance=iqe_mse agent.quasimetric_critic.losses.latent_dynamics.mse_weight=1.0 agent.quasimetric_critic.losses.latent_dynamics.iqe_weight=1.0 agent.actor.losses.min_dist.latent_goal_steps=4 agent.actor.losses.min_dist.latent_goal_keep_best=true agent.actor.losses.min_dist.latent_goal_lr=0.01 agent.actor.losses.min_dist.latent_goal_search=direct agent.quasimetric_critic.model.encoder.branch_normalization=none agent.actor.losses.min_dist.latent_goal_mode=max agent.actor.losses.min_dist.latent_goal_optim=sgd agent.actor.losses.min_dist.adaptive_entropy_regularizer=true agent.actor.losses.min_dist.entropy_mc_samples=100 agent.actor.losses.min_dist.add_goal_as_future_state=true agent.actor.losses.behavior_cloning.weight=0 agent.goal_set_distance.enabled=false interaction.exploration_eps=0 interaction.validation_seed=1000 interaction.test_seed=1500 interaction.num_eval_episodes=500 interaction.num_test_episodes=1000 eval_steps=null save_steps=50000 keep_only_latest_checkpoint=false save_replay_buffer=true save_final_replay_buffer=true resume_if_possible=true
scale_GO-QRL+Max4-Hybrid-XXL_500k_50kckpt_val500_test1000_dmc_manipulator_online_s1000	online	manipulator_bring_ball	1000	500000	78.4m	env.kind=dmc +go_qrl_model_size=xxl batch_size=256 agent.training_schedule=joint agent.quasimetric_critic.losses.separate_latent_dynamics=false agent.quasimetric_critic.losses.latent_dynamics.distance=iqe_mse agent.quasimetric_critic.losses.latent_dynamics.mse_weight=1.0 agent.quasimetric_critic.losses.latent_dynamics.iqe_weight=1.0 agent.actor.losses.min_dist.latent_goal_steps=4 agent.actor.losses.min_dist.latent_goal_keep_best=true agent.actor.losses.min_dist.latent_goal_lr=0.01 agent.actor.losses.min_dist.latent_goal_search=direct agent.quasimetric_critic.model.encoder.branch_normalization=none agent.actor.losses.min_dist.latent_goal_mode=max agent.actor.losses.min_dist.latent_goal_optim=sgd agent.actor.losses.min_dist.adaptive_entropy_regularizer=true agent.actor.losses.min_dist.entropy_mc_samples=100 agent.actor.losses.min_dist.add_goal_as_future_state=true agent.actor.losses.behavior_cloning.weight=0 agent.goal_set_distance.enabled=false interaction.exploration_eps=0 interaction.validation_seed=1000 interaction.test_seed=1500 interaction.num_eval_episodes=500 interaction.num_test_episodes=1000 eval_steps=null save_steps=50000 keep_only_latest_checkpoint=false save_replay_buffer=true save_final_replay_buffer=true resume_if_possible=true
scale_GO-QRL+Max4-Hybrid-XXL_500k_50kckpt_val500_test1000_dmc_manipulator_online_s1001	online	manipulator_bring_ball	1001	500000	78.4m	env.kind=dmc +go_qrl_model_size=xxl batch_size=256 agent.training_schedule=joint agent.quasimetric_critic.losses.separate_latent_dynamics=false agent.quasimetric_critic.losses.latent_dynamics.distance=iqe_mse agent.quasimetric_critic.losses.latent_dynamics.mse_weight=1.0 agent.quasimetric_critic.losses.latent_dynamics.iqe_weight=1.0 agent.actor.losses.min_dist.latent_goal_steps=4 agent.actor.losses.min_dist.latent_goal_keep_best=true agent.actor.losses.min_dist.latent_goal_lr=0.01 agent.actor.losses.min_dist.latent_goal_search=direct agent.quasimetric_critic.model.encoder.branch_normalization=none agent.actor.losses.min_dist.latent_goal_mode=max agent.actor.losses.min_dist.latent_goal_optim=sgd agent.actor.losses.min_dist.adaptive_entropy_regularizer=true agent.actor.losses.min_dist.entropy_mc_samples=100 agent.actor.losses.min_dist.add_goal_as_future_state=true agent.actor.losses.behavior_cloning.weight=0 agent.goal_set_distance.enabled=false interaction.exploration_eps=0 interaction.validation_seed=1000 interaction.test_seed=1500 interaction.num_eval_episodes=500 interaction.num_test_episodes=1000 eval_steps=null save_steps=50000 keep_only_latest_checkpoint=false save_replay_buffer=true save_final_replay_buffer=true resume_if_possible=true
scale_GO-QRL+Max4-Hybrid-XXL_500k_50kckpt_val500_test1000_dmc_manipulator_online_s1002	online	manipulator_bring_ball	1002	500000	78.4m	env.kind=dmc +go_qrl_model_size=xxl batch_size=256 agent.training_schedule=joint agent.quasimetric_critic.losses.separate_latent_dynamics=false agent.quasimetric_critic.losses.latent_dynamics.distance=iqe_mse agent.quasimetric_critic.losses.latent_dynamics.mse_weight=1.0 agent.quasimetric_critic.losses.latent_dynamics.iqe_weight=1.0 agent.actor.losses.min_dist.latent_goal_steps=4 agent.actor.losses.min_dist.latent_goal_keep_best=true agent.actor.losses.min_dist.latent_goal_lr=0.01 agent.actor.losses.min_dist.latent_goal_search=direct agent.quasimetric_critic.model.encoder.branch_normalization=none agent.actor.losses.min_dist.latent_goal_mode=max agent.actor.losses.min_dist.latent_goal_optim=sgd agent.actor.losses.min_dist.adaptive_entropy_regularizer=true agent.actor.losses.min_dist.entropy_mc_samples=100 agent.actor.losses.min_dist.add_goal_as_future_state=true agent.actor.losses.behavior_cloning.weight=0 agent.goal_set_distance.enabled=false interaction.exploration_eps=0 interaction.validation_seed=1000 interaction.test_seed=1500 interaction.num_eval_episodes=500 interaction.num_test_episodes=1000 eval_steps=null save_steps=50000 keep_only_latest_checkpoint=false save_replay_buffer=true save_final_replay_buffer=true resume_if_possible=true
scale_GO-QRL+Max4-Hybrid-XXL_500k_50kckpt_val500_test1000_dmc_manipulator_online_s1003	online	manipulator_bring_ball	1003	500000	78.4m	env.kind=dmc +go_qrl_model_size=xxl batch_size=256 agent.training_schedule=joint agent.quasimetric_critic.losses.separate_latent_dynamics=false agent.quasimetric_critic.losses.latent_dynamics.distance=iqe_mse agent.quasimetric_critic.losses.latent_dynamics.mse_weight=1.0 agent.quasimetric_critic.losses.latent_dynamics.iqe_weight=1.0 agent.actor.losses.min_dist.latent_goal_steps=4 agent.actor.losses.min_dist.latent_goal_keep_best=true agent.actor.losses.min_dist.latent_goal_lr=0.01 agent.actor.losses.min_dist.latent_goal_search=direct agent.quasimetric_critic.model.encoder.branch_normalization=none agent.actor.losses.min_dist.latent_goal_mode=max agent.actor.losses.min_dist.latent_goal_optim=sgd agent.actor.losses.min_dist.adaptive_entropy_regularizer=true agent.actor.losses.min_dist.entropy_mc_samples=100 agent.actor.losses.min_dist.add_goal_as_future_state=true agent.actor.losses.behavior_cloning.weight=0 agent.goal_set_distance.enabled=false interaction.exploration_eps=0 interaction.validation_seed=1000 interaction.test_seed=1500 interaction.num_eval_episodes=500 interaction.num_test_episodes=1000 eval_steps=null save_steps=50000 keep_only_latest_checkpoint=false save_replay_buffer=true save_final_replay_buffer=true resume_if_possible=true
scale_GO-QRL+Max4-Hybrid-XXL_500k_50kckpt_val500_test1000_dmc_manipulator_online_s1004	online	manipulator_bring_ball	1004	500000	78.4m	env.kind=dmc +go_qrl_model_size=xxl batch_size=256 agent.training_schedule=joint agent.quasimetric_critic.losses.separate_latent_dynamics=false agent.quasimetric_critic.losses.latent_dynamics.distance=iqe_mse agent.quasimetric_critic.losses.latent_dynamics.mse_weight=1.0 agent.quasimetric_critic.losses.latent_dynamics.iqe_weight=1.0 agent.actor.losses.min_dist.latent_goal_steps=4 agent.actor.losses.min_dist.latent_goal_keep_best=true agent.actor.losses.min_dist.latent_goal_lr=0.01 agent.actor.losses.min_dist.latent_goal_search=direct agent.quasimetric_critic.model.encoder.branch_normalization=none agent.actor.losses.min_dist.latent_goal_mode=max agent.actor.losses.min_dist.latent_goal_optim=sgd agent.actor.losses.min_dist.adaptive_entropy_regularizer=true agent.actor.losses.min_dist.entropy_mc_samples=100 agent.actor.losses.min_dist.add_goal_as_future_state=true agent.actor.losses.behavior_cloning.weight=0 agent.goal_set_distance.enabled=false interaction.exploration_eps=0 interaction.validation_seed=1000 interaction.test_seed=1500 interaction.num_eval_episodes=500 interaction.num_test_episodes=1000 eval_steps=null save_steps=50000 keep_only_latest_checkpoint=false save_replay_buffer=true save_final_replay_buffer=true resume_if_possible=true
scale_GO-QRL+Max4-Hybrid-XXL_500k_50kckpt_val500_test1000_fetchslide_online_s1000	online	FetchSlide	1000	500000	78.4m	env.kind=gcrl +go_qrl_model_size=xxl batch_size=256 agent.training_schedule=joint agent.quasimetric_critic.losses.separate_latent_dynamics=false agent.quasimetric_critic.losses.latent_dynamics.distance=iqe_mse agent.quasimetric_critic.losses.latent_dynamics.mse_weight=1.0 agent.quasimetric_critic.losses.latent_dynamics.iqe_weight=1.0 agent.actor.losses.min_dist.latent_goal_steps=4 agent.actor.losses.min_dist.latent_goal_keep_best=true agent.actor.losses.min_dist.latent_goal_lr=0.01 agent.actor.losses.min_dist.latent_goal_search=direct agent.quasimetric_critic.model.encoder.branch_normalization=none agent.actor.losses.min_dist.latent_goal_mode=max agent.actor.losses.min_dist.latent_goal_optim=sgd agent.actor.losses.min_dist.adaptive_entropy_regularizer=true agent.actor.losses.min_dist.entropy_mc_samples=100 agent.actor.losses.min_dist.add_goal_as_future_state=true agent.actor.losses.behavior_cloning.weight=0 agent.goal_set_distance.enabled=false interaction.exploration_eps=0 interaction.validation_seed=1000 interaction.test_seed=1500 interaction.num_eval_episodes=500 interaction.num_test_episodes=1000 eval_steps=null save_steps=50000 keep_only_latest_checkpoint=false save_replay_buffer=true save_final_replay_buffer=true resume_if_possible=true
scale_GO-QRL+Max4-Hybrid-XXL_500k_50kckpt_val500_test1000_fetchslide_online_s1001	online	FetchSlide	1001	500000	78.4m	env.kind=gcrl +go_qrl_model_size=xxl batch_size=256 agent.training_schedule=joint agent.quasimetric_critic.losses.separate_latent_dynamics=false agent.quasimetric_critic.losses.latent_dynamics.distance=iqe_mse agent.quasimetric_critic.losses.latent_dynamics.mse_weight=1.0 agent.quasimetric_critic.losses.latent_dynamics.iqe_weight=1.0 agent.actor.losses.min_dist.latent_goal_steps=4 agent.actor.losses.min_dist.latent_goal_keep_best=true agent.actor.losses.min_dist.latent_goal_lr=0.01 agent.actor.losses.min_dist.latent_goal_search=direct agent.quasimetric_critic.model.encoder.branch_normalization=none agent.actor.losses.min_dist.latent_goal_mode=max agent.actor.losses.min_dist.latent_goal_optim=sgd agent.actor.losses.min_dist.adaptive_entropy_regularizer=true agent.actor.losses.min_dist.entropy_mc_samples=100 agent.actor.losses.min_dist.add_goal_as_future_state=true agent.actor.losses.behavior_cloning.weight=0 agent.goal_set_distance.enabled=false interaction.exploration_eps=0 interaction.validation_seed=1000 interaction.test_seed=1500 interaction.num_eval_episodes=500 interaction.num_test_episodes=1000 eval_steps=null save_steps=50000 keep_only_latest_checkpoint=false save_replay_buffer=true save_final_replay_buffer=true resume_if_possible=true
scale_GO-QRL+Max4-Hybrid-XXL_500k_50kckpt_val500_test1000_fetchslide_online_s1002	online	FetchSlide	1002	500000	78.4m	env.kind=gcrl +go_qrl_model_size=xxl batch_size=256 agent.training_schedule=joint agent.quasimetric_critic.losses.separate_latent_dynamics=false agent.quasimetric_critic.losses.latent_dynamics.distance=iqe_mse agent.quasimetric_critic.losses.latent_dynamics.mse_weight=1.0 agent.quasimetric_critic.losses.latent_dynamics.iqe_weight=1.0 agent.actor.losses.min_dist.latent_goal_steps=4 agent.actor.losses.min_dist.latent_goal_keep_best=true agent.actor.losses.min_dist.latent_goal_lr=0.01 agent.actor.losses.min_dist.latent_goal_search=direct agent.quasimetric_critic.model.encoder.branch_normalization=none agent.actor.losses.min_dist.latent_goal_mode=max agent.actor.losses.min_dist.latent_goal_optim=sgd agent.actor.losses.min_dist.adaptive_entropy_regularizer=true agent.actor.losses.min_dist.entropy_mc_samples=100 agent.actor.losses.min_dist.add_goal_as_future_state=true agent.actor.losses.behavior_cloning.weight=0 agent.goal_set_distance.enabled=false interaction.exploration_eps=0 interaction.validation_seed=1000 interaction.test_seed=1500 interaction.num_eval_episodes=500 interaction.num_test_episodes=1000 eval_steps=null save_steps=50000 keep_only_latest_checkpoint=false save_replay_buffer=true save_final_replay_buffer=true resume_if_possible=true
scale_GO-QRL+Max4-Hybrid-XXL_500k_50kckpt_val500_test1000_fetchslide_online_s1003	online	FetchSlide	1003	500000	78.4m	env.kind=gcrl +go_qrl_model_size=xxl batch_size=256 agent.training_schedule=joint agent.quasimetric_critic.losses.separate_latent_dynamics=false agent.quasimetric_critic.losses.latent_dynamics.distance=iqe_mse agent.quasimetric_critic.losses.latent_dynamics.mse_weight=1.0 agent.quasimetric_critic.losses.latent_dynamics.iqe_weight=1.0 agent.actor.losses.min_dist.latent_goal_steps=4 agent.actor.losses.min_dist.latent_goal_keep_best=true agent.actor.losses.min_dist.latent_goal_lr=0.01 agent.actor.losses.min_dist.latent_goal_search=direct agent.quasimetric_critic.model.encoder.branch_normalization=none agent.actor.losses.min_dist.latent_goal_mode=max agent.actor.losses.min_dist.latent_goal_optim=sgd agent.actor.losses.min_dist.adaptive_entropy_regularizer=true agent.actor.losses.min_dist.entropy_mc_samples=100 agent.actor.losses.min_dist.add_goal_as_future_state=true agent.actor.losses.behavior_cloning.weight=0 agent.goal_set_distance.enabled=false interaction.exploration_eps=0 interaction.validation_seed=1000 interaction.test_seed=1500 interaction.num_eval_episodes=500 interaction.num_test_episodes=1000 eval_steps=null save_steps=50000 keep_only_latest_checkpoint=false save_replay_buffer=true save_final_replay_buffer=true resume_if_possible=true
scale_GO-QRL+Max4-Hybrid-XXL_500k_50kckpt_val500_test1000_fetchslide_online_s1004	online	FetchSlide	1004	500000	78.4m	env.kind=gcrl +go_qrl_model_size=xxl batch_size=256 agent.training_schedule=joint agent.quasimetric_critic.losses.separate_latent_dynamics=false agent.quasimetric_critic.losses.latent_dynamics.distance=iqe_mse agent.quasimetric_critic.losses.latent_dynamics.mse_weight=1.0 agent.quasimetric_critic.losses.latent_dynamics.iqe_weight=1.0 agent.actor.losses.min_dist.latent_goal_steps=4 agent.actor.losses.min_dist.latent_goal_keep_best=true agent.actor.losses.min_dist.latent_goal_lr=0.01 agent.actor.losses.min_dist.latent_goal_search=direct agent.quasimetric_critic.model.encoder.branch_normalization=none agent.actor.losses.min_dist.latent_goal_mode=max agent.actor.losses.min_dist.latent_goal_optim=sgd agent.actor.losses.min_dist.adaptive_entropy_regularizer=true agent.actor.losses.min_dist.entropy_mc_samples=100 agent.actor.losses.min_dist.add_goal_as_future_state=true agent.actor.losses.behavior_cloning.weight=0 agent.goal_set_distance.enabled=false interaction.exploration_eps=0 interaction.validation_seed=1000 interaction.test_seed=1500 interaction.num_eval_episodes=500 interaction.num_test_episodes=1000 eval_steps=null save_steps=50000 keep_only_latest_checkpoint=false save_replay_buffer=true save_final_replay_buffer=true resume_if_possible=true
scale_GO-QRL+Max4-Hybrid-XXL_500k_50kckpt_val500_test1000_dmc_swimmer6_online_s1000	online	swimmer6	1000	500000	78.4m	env.kind=dmc +go_qrl_model_size=xxl batch_size=256 agent.training_schedule=joint agent.quasimetric_critic.losses.separate_latent_dynamics=false agent.quasimetric_critic.losses.latent_dynamics.distance=iqe_mse agent.quasimetric_critic.losses.latent_dynamics.mse_weight=1.0 agent.quasimetric_critic.losses.latent_dynamics.iqe_weight=1.0 agent.actor.losses.min_dist.latent_goal_steps=4 agent.actor.losses.min_dist.latent_goal_keep_best=true agent.actor.losses.min_dist.latent_goal_lr=0.01 agent.actor.losses.min_dist.latent_goal_search=direct agent.quasimetric_critic.model.encoder.branch_normalization=none agent.actor.losses.min_dist.latent_goal_mode=max agent.actor.losses.min_dist.latent_goal_optim=sgd agent.actor.losses.min_dist.adaptive_entropy_regularizer=true agent.actor.losses.min_dist.entropy_mc_samples=100 agent.actor.losses.min_dist.add_goal_as_future_state=true agent.actor.losses.behavior_cloning.weight=0 agent.goal_set_distance.enabled=false interaction.exploration_eps=0 interaction.validation_seed=1000 interaction.test_seed=1500 interaction.num_eval_episodes=500 interaction.num_test_episodes=1000 eval_steps=null save_steps=50000 keep_only_latest_checkpoint=false save_replay_buffer=true save_final_replay_buffer=true resume_if_possible=true
scale_GO-QRL+Max4-Hybrid-XXL_500k_50kckpt_val500_test1000_dmc_swimmer6_online_s1001	online	swimmer6	1001	500000	78.4m	env.kind=dmc +go_qrl_model_size=xxl batch_size=256 agent.training_schedule=joint agent.quasimetric_critic.losses.separate_latent_dynamics=false agent.quasimetric_critic.losses.latent_dynamics.distance=iqe_mse agent.quasimetric_critic.losses.latent_dynamics.mse_weight=1.0 agent.quasimetric_critic.losses.latent_dynamics.iqe_weight=1.0 agent.actor.losses.min_dist.latent_goal_steps=4 agent.actor.losses.min_dist.latent_goal_keep_best=true agent.actor.losses.min_dist.latent_goal_lr=0.01 agent.actor.losses.min_dist.latent_goal_search=direct agent.quasimetric_critic.model.encoder.branch_normalization=none agent.actor.losses.min_dist.latent_goal_mode=max agent.actor.losses.min_dist.latent_goal_optim=sgd agent.actor.losses.min_dist.adaptive_entropy_regularizer=true agent.actor.losses.min_dist.entropy_mc_samples=100 agent.actor.losses.min_dist.add_goal_as_future_state=true agent.actor.losses.behavior_cloning.weight=0 agent.goal_set_distance.enabled=false interaction.exploration_eps=0 interaction.validation_seed=1000 interaction.test_seed=1500 interaction.num_eval_episodes=500 interaction.num_test_episodes=1000 eval_steps=null save_steps=50000 keep_only_latest_checkpoint=false save_replay_buffer=true save_final_replay_buffer=true resume_if_possible=true
scale_GO-QRL+Max4-Hybrid-XXL_500k_50kckpt_val500_test1000_dmc_swimmer6_online_s1002	online	swimmer6	1002	500000	78.4m	env.kind=dmc +go_qrl_model_size=xxl batch_size=256 agent.training_schedule=joint agent.quasimetric_critic.losses.separate_latent_dynamics=false agent.quasimetric_critic.losses.latent_dynamics.distance=iqe_mse agent.quasimetric_critic.losses.latent_dynamics.mse_weight=1.0 agent.quasimetric_critic.losses.latent_dynamics.iqe_weight=1.0 agent.actor.losses.min_dist.latent_goal_steps=4 agent.actor.losses.min_dist.latent_goal_keep_best=true agent.actor.losses.min_dist.latent_goal_lr=0.01 agent.actor.losses.min_dist.latent_goal_search=direct agent.quasimetric_critic.model.encoder.branch_normalization=none agent.actor.losses.min_dist.latent_goal_mode=max agent.actor.losses.min_dist.latent_goal_optim=sgd agent.actor.losses.min_dist.adaptive_entropy_regularizer=true agent.actor.losses.min_dist.entropy_mc_samples=100 agent.actor.losses.min_dist.add_goal_as_future_state=true agent.actor.losses.behavior_cloning.weight=0 agent.goal_set_distance.enabled=false interaction.exploration_eps=0 interaction.validation_seed=1000 interaction.test_seed=1500 interaction.num_eval_episodes=500 interaction.num_test_episodes=1000 eval_steps=null save_steps=50000 keep_only_latest_checkpoint=false save_replay_buffer=true save_final_replay_buffer=true resume_if_possible=true
scale_GO-QRL+Max4-Hybrid-XXL_500k_50kckpt_val500_test1000_dmc_swimmer6_online_s1003	online	swimmer6	1003	500000	78.4m	env.kind=dmc +go_qrl_model_size=xxl batch_size=256 agent.training_schedule=joint agent.quasimetric_critic.losses.separate_latent_dynamics=false agent.quasimetric_critic.losses.latent_dynamics.distance=iqe_mse agent.quasimetric_critic.losses.latent_dynamics.mse_weight=1.0 agent.quasimetric_critic.losses.latent_dynamics.iqe_weight=1.0 agent.actor.losses.min_dist.latent_goal_steps=4 agent.actor.losses.min_dist.latent_goal_keep_best=true agent.actor.losses.min_dist.latent_goal_lr=0.01 agent.actor.losses.min_dist.latent_goal_search=direct agent.quasimetric_critic.model.encoder.branch_normalization=none agent.actor.losses.min_dist.latent_goal_mode=max agent.actor.losses.min_dist.latent_goal_optim=sgd agent.actor.losses.min_dist.adaptive_entropy_regularizer=true agent.actor.losses.min_dist.entropy_mc_samples=100 agent.actor.losses.min_dist.add_goal_as_future_state=true agent.actor.losses.behavior_cloning.weight=0 agent.goal_set_distance.enabled=false interaction.exploration_eps=0 interaction.validation_seed=1000 interaction.test_seed=1500 interaction.num_eval_episodes=500 interaction.num_test_episodes=1000 eval_steps=null save_steps=50000 keep_only_latest_checkpoint=false save_replay_buffer=true save_final_replay_buffer=true resume_if_possible=true
scale_GO-QRL+Max4-Hybrid-XXL_500k_50kckpt_val500_test1000_dmc_swimmer6_online_s1004	online	swimmer6	1004	500000	78.4m	env.kind=dmc +go_qrl_model_size=xxl batch_size=256 agent.training_schedule=joint agent.quasimetric_critic.losses.separate_latent_dynamics=false agent.quasimetric_critic.losses.latent_dynamics.distance=iqe_mse agent.quasimetric_critic.losses.latent_dynamics.mse_weight=1.0 agent.quasimetric_critic.losses.latent_dynamics.iqe_weight=1.0 agent.actor.losses.min_dist.latent_goal_steps=4 agent.actor.losses.min_dist.latent_goal_keep_best=true agent.actor.losses.min_dist.latent_goal_lr=0.01 agent.actor.losses.min_dist.latent_goal_search=direct agent.quasimetric_critic.model.encoder.branch_normalization=none agent.actor.losses.min_dist.latent_goal_mode=max agent.actor.losses.min_dist.latent_goal_optim=sgd agent.actor.losses.min_dist.adaptive_entropy_regularizer=true agent.actor.losses.min_dist.entropy_mc_samples=100 agent.actor.losses.min_dist.add_goal_as_future_state=true agent.actor.losses.behavior_cloning.weight=0 agent.goal_set_distance.enabled=false interaction.exploration_eps=0 interaction.validation_seed=1000 interaction.test_seed=1500 interaction.num_eval_episodes=500 interaction.num_test_episodes=1000 eval_steps=null save_steps=50000 keep_only_latest_checkpoint=false save_replay_buffer=true save_final_replay_buffer=true resume_if_possible=true
scale_GO-QRL+Max4-Hybrid-XXL_500k_50kckpt_val500_test1000_pusher_v4_online_s1000	online	Pusher-v4	1000	500000	78.5m	env.kind=gym_mujoco +go_qrl_model_size=xxl batch_size=256 agent.training_schedule=joint agent.quasimetric_critic.losses.separate_latent_dynamics=false agent.quasimetric_critic.losses.latent_dynamics.distance=iqe_mse agent.quasimetric_critic.losses.latent_dynamics.mse_weight=1.0 agent.quasimetric_critic.losses.latent_dynamics.iqe_weight=1.0 agent.actor.losses.min_dist.latent_goal_steps=4 agent.actor.losses.min_dist.latent_goal_keep_best=true agent.actor.losses.min_dist.latent_goal_lr=0.01 agent.actor.losses.min_dist.latent_goal_search=direct agent.quasimetric_critic.model.encoder.branch_normalization=none agent.actor.losses.min_dist.latent_goal_mode=max agent.actor.losses.min_dist.latent_goal_optim=sgd agent.actor.losses.min_dist.adaptive_entropy_regularizer=true agent.actor.losses.min_dist.entropy_mc_samples=100 agent.actor.losses.min_dist.add_goal_as_future_state=true agent.actor.losses.behavior_cloning.weight=0 agent.goal_set_distance.enabled=false interaction.exploration_eps=0 interaction.validation_seed=1000 interaction.test_seed=1500 interaction.num_eval_episodes=500 interaction.num_test_episodes=1000 eval_steps=null save_steps=50000 keep_only_latest_checkpoint=false save_replay_buffer=true save_final_replay_buffer=true resume_if_possible=true
scale_GO-QRL+Max4-Hybrid-XXL_500k_50kckpt_val500_test1000_pusher_v4_online_s1001	online	Pusher-v4	1001	500000	78.5m	env.kind=gym_mujoco +go_qrl_model_size=xxl batch_size=256 agent.training_schedule=joint agent.quasimetric_critic.losses.separate_latent_dynamics=false agent.quasimetric_critic.losses.latent_dynamics.distance=iqe_mse agent.quasimetric_critic.losses.latent_dynamics.mse_weight=1.0 agent.quasimetric_critic.losses.latent_dynamics.iqe_weight=1.0 agent.actor.losses.min_dist.latent_goal_steps=4 agent.actor.losses.min_dist.latent_goal_keep_best=true agent.actor.losses.min_dist.latent_goal_lr=0.01 agent.actor.losses.min_dist.latent_goal_search=direct agent.quasimetric_critic.model.encoder.branch_normalization=none agent.actor.losses.min_dist.latent_goal_mode=max agent.actor.losses.min_dist.latent_goal_optim=sgd agent.actor.losses.min_dist.adaptive_entropy_regularizer=true agent.actor.losses.min_dist.entropy_mc_samples=100 agent.actor.losses.min_dist.add_goal_as_future_state=true agent.actor.losses.behavior_cloning.weight=0 agent.goal_set_distance.enabled=false interaction.exploration_eps=0 interaction.validation_seed=1000 interaction.test_seed=1500 interaction.num_eval_episodes=500 interaction.num_test_episodes=1000 eval_steps=null save_steps=50000 keep_only_latest_checkpoint=false save_replay_buffer=true save_final_replay_buffer=true resume_if_possible=true
scale_GO-QRL+Max4-Hybrid-XXL_500k_50kckpt_val500_test1000_pusher_v4_online_s1002	online	Pusher-v4	1002	500000	78.5m	env.kind=gym_mujoco +go_qrl_model_size=xxl batch_size=256 agent.training_schedule=joint agent.quasimetric_critic.losses.separate_latent_dynamics=false agent.quasimetric_critic.losses.latent_dynamics.distance=iqe_mse agent.quasimetric_critic.losses.latent_dynamics.mse_weight=1.0 agent.quasimetric_critic.losses.latent_dynamics.iqe_weight=1.0 agent.actor.losses.min_dist.latent_goal_steps=4 agent.actor.losses.min_dist.latent_goal_keep_best=true agent.actor.losses.min_dist.latent_goal_lr=0.01 agent.actor.losses.min_dist.latent_goal_search=direct agent.quasimetric_critic.model.encoder.branch_normalization=none agent.actor.losses.min_dist.latent_goal_mode=max agent.actor.losses.min_dist.latent_goal_optim=sgd agent.actor.losses.min_dist.adaptive_entropy_regularizer=true agent.actor.losses.min_dist.entropy_mc_samples=100 agent.actor.losses.min_dist.add_goal_as_future_state=true agent.actor.losses.behavior_cloning.weight=0 agent.goal_set_distance.enabled=false interaction.exploration_eps=0 interaction.validation_seed=1000 interaction.test_seed=1500 interaction.num_eval_episodes=500 interaction.num_test_episodes=1000 eval_steps=null save_steps=50000 keep_only_latest_checkpoint=false save_replay_buffer=true save_final_replay_buffer=true resume_if_possible=true
scale_GO-QRL+Max4-Hybrid-XXL_500k_50kckpt_val500_test1000_pusher_v4_online_s1003	online	Pusher-v4	1003	500000	78.5m	env.kind=gym_mujoco +go_qrl_model_size=xxl batch_size=256 agent.training_schedule=joint agent.quasimetric_critic.losses.separate_latent_dynamics=false agent.quasimetric_critic.losses.latent_dynamics.distance=iqe_mse agent.quasimetric_critic.losses.latent_dynamics.mse_weight=1.0 agent.quasimetric_critic.losses.latent_dynamics.iqe_weight=1.0 agent.actor.losses.min_dist.latent_goal_steps=4 agent.actor.losses.min_dist.latent_goal_keep_best=true agent.actor.losses.min_dist.latent_goal_lr=0.01 agent.actor.losses.min_dist.latent_goal_search=direct agent.quasimetric_critic.model.encoder.branch_normalization=none agent.actor.losses.min_dist.latent_goal_mode=max agent.actor.losses.min_dist.latent_goal_optim=sgd agent.actor.losses.min_dist.adaptive_entropy_regularizer=true agent.actor.losses.min_dist.entropy_mc_samples=100 agent.actor.losses.min_dist.add_goal_as_future_state=true agent.actor.losses.behavior_cloning.weight=0 agent.goal_set_distance.enabled=false interaction.exploration_eps=0 interaction.validation_seed=1000 interaction.test_seed=1500 interaction.num_eval_episodes=500 interaction.num_test_episodes=1000 eval_steps=null save_steps=50000 keep_only_latest_checkpoint=false save_replay_buffer=true save_final_replay_buffer=true resume_if_possible=true
scale_GO-QRL+Max4-Hybrid-XXL_500k_50kckpt_val500_test1000_pusher_v4_online_s1004	online	Pusher-v4	1004	500000	78.5m	env.kind=gym_mujoco +go_qrl_model_size=xxl batch_size=256 agent.training_schedule=joint agent.quasimetric_critic.losses.separate_latent_dynamics=false agent.quasimetric_critic.losses.latent_dynamics.distance=iqe_mse agent.quasimetric_critic.losses.latent_dynamics.mse_weight=1.0 agent.quasimetric_critic.losses.latent_dynamics.iqe_weight=1.0 agent.actor.losses.min_dist.latent_goal_steps=4 agent.actor.losses.min_dist.latent_goal_keep_best=true agent.actor.losses.min_dist.latent_goal_lr=0.01 agent.actor.losses.min_dist.latent_goal_search=direct agent.quasimetric_critic.model.encoder.branch_normalization=none agent.actor.losses.min_dist.latent_goal_mode=max agent.actor.losses.min_dist.latent_goal_optim=sgd agent.actor.losses.min_dist.adaptive_entropy_regularizer=true agent.actor.losses.min_dist.entropy_mc_samples=100 agent.actor.losses.min_dist.add_goal_as_future_state=true agent.actor.losses.behavior_cloning.weight=0 agent.goal_set_distance.enabled=false interaction.exploration_eps=0 interaction.validation_seed=1000 interaction.test_seed=1500 interaction.num_eval_episodes=500 interaction.num_test_episodes=1000 eval_steps=null save_steps=50000 keep_only_latest_checkpoint=false save_replay_buffer=true save_final_replay_buffer=true resume_if_possible=true
scale_GO-QRL+Max4-Hybrid-XXL_500k_50kckpt_val500_test1000_antnavigate_v4_online_s1000	online	AntNavigate-v4	1000	500000	78.4m	env.kind=gym_mujoco +go_qrl_model_size=xxl batch_size=256 agent.training_schedule=joint agent.quasimetric_critic.losses.separate_latent_dynamics=false agent.quasimetric_critic.losses.latent_dynamics.distance=iqe_mse agent.quasimetric_critic.losses.latent_dynamics.mse_weight=1.0 agent.quasimetric_critic.losses.latent_dynamics.iqe_weight=1.0 agent.actor.losses.min_dist.latent_goal_steps=4 agent.actor.losses.min_dist.latent_goal_keep_best=true agent.actor.losses.min_dist.latent_goal_lr=0.01 agent.actor.losses.min_dist.latent_goal_search=direct agent.quasimetric_critic.model.encoder.branch_normalization=none agent.actor.losses.min_dist.latent_goal_mode=max agent.actor.losses.min_dist.latent_goal_optim=sgd agent.actor.losses.min_dist.adaptive_entropy_regularizer=true agent.actor.losses.min_dist.entropy_mc_samples=100 agent.actor.losses.min_dist.add_goal_as_future_state=true agent.actor.losses.behavior_cloning.weight=0 agent.goal_set_distance.enabled=false interaction.exploration_eps=0 interaction.validation_seed=1000 interaction.test_seed=1500 interaction.num_eval_episodes=500 interaction.num_test_episodes=1000 eval_steps=null save_steps=50000 keep_only_latest_checkpoint=false save_replay_buffer=true save_final_replay_buffer=true resume_if_possible=true
scale_GO-QRL+Max4-Hybrid-XXL_500k_50kckpt_val500_test1000_antnavigate_v4_online_s1001	online	AntNavigate-v4	1001	500000	78.4m	env.kind=gym_mujoco +go_qrl_model_size=xxl batch_size=256 agent.training_schedule=joint agent.quasimetric_critic.losses.separate_latent_dynamics=false agent.quasimetric_critic.losses.latent_dynamics.distance=iqe_mse agent.quasimetric_critic.losses.latent_dynamics.mse_weight=1.0 agent.quasimetric_critic.losses.latent_dynamics.iqe_weight=1.0 agent.actor.losses.min_dist.latent_goal_steps=4 agent.actor.losses.min_dist.latent_goal_keep_best=true agent.actor.losses.min_dist.latent_goal_lr=0.01 agent.actor.losses.min_dist.latent_goal_search=direct agent.quasimetric_critic.model.encoder.branch_normalization=none agent.actor.losses.min_dist.latent_goal_mode=max agent.actor.losses.min_dist.latent_goal_optim=sgd agent.actor.losses.min_dist.adaptive_entropy_regularizer=true agent.actor.losses.min_dist.entropy_mc_samples=100 agent.actor.losses.min_dist.add_goal_as_future_state=true agent.actor.losses.behavior_cloning.weight=0 agent.goal_set_distance.enabled=false interaction.exploration_eps=0 interaction.validation_seed=1000 interaction.test_seed=1500 interaction.num_eval_episodes=500 interaction.num_test_episodes=1000 eval_steps=null save_steps=50000 keep_only_latest_checkpoint=false save_replay_buffer=true save_final_replay_buffer=true resume_if_possible=true
scale_GO-QRL+Max4-Hybrid-XXL_500k_50kckpt_val500_test1000_antnavigate_v4_online_s1002	online	AntNavigate-v4	1002	500000	78.4m	env.kind=gym_mujoco +go_qrl_model_size=xxl batch_size=256 agent.training_schedule=joint agent.quasimetric_critic.losses.separate_latent_dynamics=false agent.quasimetric_critic.losses.latent_dynamics.distance=iqe_mse agent.quasimetric_critic.losses.latent_dynamics.mse_weight=1.0 agent.quasimetric_critic.losses.latent_dynamics.iqe_weight=1.0 agent.actor.losses.min_dist.latent_goal_steps=4 agent.actor.losses.min_dist.latent_goal_keep_best=true agent.actor.losses.min_dist.latent_goal_lr=0.01 agent.actor.losses.min_dist.latent_goal_search=direct agent.quasimetric_critic.model.encoder.branch_normalization=none agent.actor.losses.min_dist.latent_goal_mode=max agent.actor.losses.min_dist.latent_goal_optim=sgd agent.actor.losses.min_dist.adaptive_entropy_regularizer=true agent.actor.losses.min_dist.entropy_mc_samples=100 agent.actor.losses.min_dist.add_goal_as_future_state=true agent.actor.losses.behavior_cloning.weight=0 agent.goal_set_distance.enabled=false interaction.exploration_eps=0 interaction.validation_seed=1000 interaction.test_seed=1500 interaction.num_eval_episodes=500 interaction.num_test_episodes=1000 eval_steps=null save_steps=50000 keep_only_latest_checkpoint=false save_replay_buffer=true save_final_replay_buffer=true resume_if_possible=true
scale_GO-QRL+Max4-Hybrid-XXL_500k_50kckpt_val500_test1000_antnavigate_v4_online_s1003	online	AntNavigate-v4	1003	500000	78.4m	env.kind=gym_mujoco +go_qrl_model_size=xxl batch_size=256 agent.training_schedule=joint agent.quasimetric_critic.losses.separate_latent_dynamics=false agent.quasimetric_critic.losses.latent_dynamics.distance=iqe_mse agent.quasimetric_critic.losses.latent_dynamics.mse_weight=1.0 agent.quasimetric_critic.losses.latent_dynamics.iqe_weight=1.0 agent.actor.losses.min_dist.latent_goal_steps=4 agent.actor.losses.min_dist.latent_goal_keep_best=true agent.actor.losses.min_dist.latent_goal_lr=0.01 agent.actor.losses.min_dist.latent_goal_search=direct agent.quasimetric_critic.model.encoder.branch_normalization=none agent.actor.losses.min_dist.latent_goal_mode=max agent.actor.losses.min_dist.latent_goal_optim=sgd agent.actor.losses.min_dist.adaptive_entropy_regularizer=true agent.actor.losses.min_dist.entropy_mc_samples=100 agent.actor.losses.min_dist.add_goal_as_future_state=true agent.actor.losses.behavior_cloning.weight=0 agent.goal_set_distance.enabled=false interaction.exploration_eps=0 interaction.validation_seed=1000 interaction.test_seed=1500 interaction.num_eval_episodes=500 interaction.num_test_episodes=1000 eval_steps=null save_steps=50000 keep_only_latest_checkpoint=false save_replay_buffer=true save_final_replay_buffer=true resume_if_possible=true
scale_GO-QRL+Max4-Hybrid-XXL_500k_50kckpt_val500_test1000_antnavigate_v4_online_s1004	online	AntNavigate-v4	1004	500000	78.4m	env.kind=gym_mujoco +go_qrl_model_size=xxl batch_size=256 agent.training_schedule=joint agent.quasimetric_critic.losses.separate_latent_dynamics=false agent.quasimetric_critic.losses.latent_dynamics.distance=iqe_mse agent.quasimetric_critic.losses.latent_dynamics.mse_weight=1.0 agent.quasimetric_critic.losses.latent_dynamics.iqe_weight=1.0 agent.actor.losses.min_dist.latent_goal_steps=4 agent.actor.losses.min_dist.latent_goal_keep_best=true agent.actor.losses.min_dist.latent_goal_lr=0.01 agent.actor.losses.min_dist.latent_goal_search=direct agent.quasimetric_critic.model.encoder.branch_normalization=none agent.actor.losses.min_dist.latent_goal_mode=max agent.actor.losses.min_dist.latent_goal_optim=sgd agent.actor.losses.min_dist.adaptive_entropy_regularizer=true agent.actor.losses.min_dist.entropy_mc_samples=100 agent.actor.losses.min_dist.add_goal_as_future_state=true agent.actor.losses.behavior_cloning.weight=0 agent.goal_set_distance.enabled=false interaction.exploration_eps=0 interaction.validation_seed=1000 interaction.test_seed=1500 interaction.num_eval_episodes=500 interaction.num_test_episodes=1000 eval_steps=null save_steps=50000 keep_only_latest_checkpoint=false save_replay_buffer=true save_final_replay_buffer=true resume_if_possible=true
scale_GO-QRL+Max4-Hybrid-XXXL_500k_50kckpt_val500_test1000_dmc_manipulator_online_s1000	online	manipulator_bring_ball	1000	500000	154.1m	env.kind=dmc +go_qrl_model_size=xxxl batch_size=256 agent.training_schedule=joint agent.quasimetric_critic.losses.separate_latent_dynamics=false agent.quasimetric_critic.losses.latent_dynamics.distance=iqe_mse agent.quasimetric_critic.losses.latent_dynamics.mse_weight=1.0 agent.quasimetric_critic.losses.latent_dynamics.iqe_weight=1.0 agent.actor.losses.min_dist.latent_goal_steps=4 agent.actor.losses.min_dist.latent_goal_keep_best=true agent.actor.losses.min_dist.latent_goal_lr=0.01 agent.actor.losses.min_dist.latent_goal_search=direct agent.quasimetric_critic.model.encoder.branch_normalization=none agent.actor.losses.min_dist.latent_goal_mode=max agent.actor.losses.min_dist.latent_goal_optim=sgd agent.actor.losses.min_dist.adaptive_entropy_regularizer=true agent.actor.losses.min_dist.entropy_mc_samples=100 agent.actor.losses.min_dist.add_goal_as_future_state=true agent.actor.losses.behavior_cloning.weight=0 agent.goal_set_distance.enabled=false interaction.exploration_eps=0 interaction.validation_seed=1000 interaction.test_seed=1500 interaction.num_eval_episodes=500 interaction.num_test_episodes=1000 eval_steps=null save_steps=50000 keep_only_latest_checkpoint=false save_replay_buffer=true save_final_replay_buffer=true resume_if_possible=true
scale_GO-QRL+Max4-Hybrid-XXXL_500k_50kckpt_val500_test1000_dmc_manipulator_online_s1001	online	manipulator_bring_ball	1001	500000	154.1m	env.kind=dmc +go_qrl_model_size=xxxl batch_size=256 agent.training_schedule=joint agent.quasimetric_critic.losses.separate_latent_dynamics=false agent.quasimetric_critic.losses.latent_dynamics.distance=iqe_mse agent.quasimetric_critic.losses.latent_dynamics.mse_weight=1.0 agent.quasimetric_critic.losses.latent_dynamics.iqe_weight=1.0 agent.actor.losses.min_dist.latent_goal_steps=4 agent.actor.losses.min_dist.latent_goal_keep_best=true agent.actor.losses.min_dist.latent_goal_lr=0.01 agent.actor.losses.min_dist.latent_goal_search=direct agent.quasimetric_critic.model.encoder.branch_normalization=none agent.actor.losses.min_dist.latent_goal_mode=max agent.actor.losses.min_dist.latent_goal_optim=sgd agent.actor.losses.min_dist.adaptive_entropy_regularizer=true agent.actor.losses.min_dist.entropy_mc_samples=100 agent.actor.losses.min_dist.add_goal_as_future_state=true agent.actor.losses.behavior_cloning.weight=0 agent.goal_set_distance.enabled=false interaction.exploration_eps=0 interaction.validation_seed=1000 interaction.test_seed=1500 interaction.num_eval_episodes=500 interaction.num_test_episodes=1000 eval_steps=null save_steps=50000 keep_only_latest_checkpoint=false save_replay_buffer=true save_final_replay_buffer=true resume_if_possible=true
scale_GO-QRL+Max4-Hybrid-XXXL_500k_50kckpt_val500_test1000_dmc_manipulator_online_s1002	online	manipulator_bring_ball	1002	500000	154.1m	env.kind=dmc +go_qrl_model_size=xxxl batch_size=256 agent.training_schedule=joint agent.quasimetric_critic.losses.separate_latent_dynamics=false agent.quasimetric_critic.losses.latent_dynamics.distance=iqe_mse agent.quasimetric_critic.losses.latent_dynamics.mse_weight=1.0 agent.quasimetric_critic.losses.latent_dynamics.iqe_weight=1.0 agent.actor.losses.min_dist.latent_goal_steps=4 agent.actor.losses.min_dist.latent_goal_keep_best=true agent.actor.losses.min_dist.latent_goal_lr=0.01 agent.actor.losses.min_dist.latent_goal_search=direct agent.quasimetric_critic.model.encoder.branch_normalization=none agent.actor.losses.min_dist.latent_goal_mode=max agent.actor.losses.min_dist.latent_goal_optim=sgd agent.actor.losses.min_dist.adaptive_entropy_regularizer=true agent.actor.losses.min_dist.entropy_mc_samples=100 agent.actor.losses.min_dist.add_goal_as_future_state=true agent.actor.losses.behavior_cloning.weight=0 agent.goal_set_distance.enabled=false interaction.exploration_eps=0 interaction.validation_seed=1000 interaction.test_seed=1500 interaction.num_eval_episodes=500 interaction.num_test_episodes=1000 eval_steps=null save_steps=50000 keep_only_latest_checkpoint=false save_replay_buffer=true save_final_replay_buffer=true resume_if_possible=true
scale_GO-QRL+Max4-Hybrid-XXXL_500k_50kckpt_val500_test1000_dmc_manipulator_online_s1003	online	manipulator_bring_ball	1003	500000	154.1m	env.kind=dmc +go_qrl_model_size=xxxl batch_size=256 agent.training_schedule=joint agent.quasimetric_critic.losses.separate_latent_dynamics=false agent.quasimetric_critic.losses.latent_dynamics.distance=iqe_mse agent.quasimetric_critic.losses.latent_dynamics.mse_weight=1.0 agent.quasimetric_critic.losses.latent_dynamics.iqe_weight=1.0 agent.actor.losses.min_dist.latent_goal_steps=4 agent.actor.losses.min_dist.latent_goal_keep_best=true agent.actor.losses.min_dist.latent_goal_lr=0.01 agent.actor.losses.min_dist.latent_goal_search=direct agent.quasimetric_critic.model.encoder.branch_normalization=none agent.actor.losses.min_dist.latent_goal_mode=max agent.actor.losses.min_dist.latent_goal_optim=sgd agent.actor.losses.min_dist.adaptive_entropy_regularizer=true agent.actor.losses.min_dist.entropy_mc_samples=100 agent.actor.losses.min_dist.add_goal_as_future_state=true agent.actor.losses.behavior_cloning.weight=0 agent.goal_set_distance.enabled=false interaction.exploration_eps=0 interaction.validation_seed=1000 interaction.test_seed=1500 interaction.num_eval_episodes=500 interaction.num_test_episodes=1000 eval_steps=null save_steps=50000 keep_only_latest_checkpoint=false save_replay_buffer=true save_final_replay_buffer=true resume_if_possible=true
scale_GO-QRL+Max4-Hybrid-XXXL_500k_50kckpt_val500_test1000_dmc_manipulator_online_s1004	online	manipulator_bring_ball	1004	500000	154.1m	env.kind=dmc +go_qrl_model_size=xxxl batch_size=256 agent.training_schedule=joint agent.quasimetric_critic.losses.separate_latent_dynamics=false agent.quasimetric_critic.losses.latent_dynamics.distance=iqe_mse agent.quasimetric_critic.losses.latent_dynamics.mse_weight=1.0 agent.quasimetric_critic.losses.latent_dynamics.iqe_weight=1.0 agent.actor.losses.min_dist.latent_goal_steps=4 agent.actor.losses.min_dist.latent_goal_keep_best=true agent.actor.losses.min_dist.latent_goal_lr=0.01 agent.actor.losses.min_dist.latent_goal_search=direct agent.quasimetric_critic.model.encoder.branch_normalization=none agent.actor.losses.min_dist.latent_goal_mode=max agent.actor.losses.min_dist.latent_goal_optim=sgd agent.actor.losses.min_dist.adaptive_entropy_regularizer=true agent.actor.losses.min_dist.entropy_mc_samples=100 agent.actor.losses.min_dist.add_goal_as_future_state=true agent.actor.losses.behavior_cloning.weight=0 agent.goal_set_distance.enabled=false interaction.exploration_eps=0 interaction.validation_seed=1000 interaction.test_seed=1500 interaction.num_eval_episodes=500 interaction.num_test_episodes=1000 eval_steps=null save_steps=50000 keep_only_latest_checkpoint=false save_replay_buffer=true save_final_replay_buffer=true resume_if_possible=true
scale_GO-QRL+Max4-Hybrid-XXXL_500k_50kckpt_val500_test1000_fetchslide_online_s1000	online	FetchSlide	1000	500000	154.2m	env.kind=gcrl +go_qrl_model_size=xxxl batch_size=256 agent.training_schedule=joint agent.quasimetric_critic.losses.separate_latent_dynamics=false agent.quasimetric_critic.losses.latent_dynamics.distance=iqe_mse agent.quasimetric_critic.losses.latent_dynamics.mse_weight=1.0 agent.quasimetric_critic.losses.latent_dynamics.iqe_weight=1.0 agent.actor.losses.min_dist.latent_goal_steps=4 agent.actor.losses.min_dist.latent_goal_keep_best=true agent.actor.losses.min_dist.latent_goal_lr=0.01 agent.actor.losses.min_dist.latent_goal_search=direct agent.quasimetric_critic.model.encoder.branch_normalization=none agent.actor.losses.min_dist.latent_goal_mode=max agent.actor.losses.min_dist.latent_goal_optim=sgd agent.actor.losses.min_dist.adaptive_entropy_regularizer=true agent.actor.losses.min_dist.entropy_mc_samples=100 agent.actor.losses.min_dist.add_goal_as_future_state=true agent.actor.losses.behavior_cloning.weight=0 agent.goal_set_distance.enabled=false interaction.exploration_eps=0 interaction.validation_seed=1000 interaction.test_seed=1500 interaction.num_eval_episodes=500 interaction.num_test_episodes=1000 eval_steps=null save_steps=50000 keep_only_latest_checkpoint=false save_replay_buffer=true save_final_replay_buffer=true resume_if_possible=true
scale_GO-QRL+Max4-Hybrid-XXXL_500k_50kckpt_val500_test1000_fetchslide_online_s1001	online	FetchSlide	1001	500000	154.2m	env.kind=gcrl +go_qrl_model_size=xxxl batch_size=256 agent.training_schedule=joint agent.quasimetric_critic.losses.separate_latent_dynamics=false agent.quasimetric_critic.losses.latent_dynamics.distance=iqe_mse agent.quasimetric_critic.losses.latent_dynamics.mse_weight=1.0 agent.quasimetric_critic.losses.latent_dynamics.iqe_weight=1.0 agent.actor.losses.min_dist.latent_goal_steps=4 agent.actor.losses.min_dist.latent_goal_keep_best=true agent.actor.losses.min_dist.latent_goal_lr=0.01 agent.actor.losses.min_dist.latent_goal_search=direct agent.quasimetric_critic.model.encoder.branch_normalization=none agent.actor.losses.min_dist.latent_goal_mode=max agent.actor.losses.min_dist.latent_goal_optim=sgd agent.actor.losses.min_dist.adaptive_entropy_regularizer=true agent.actor.losses.min_dist.entropy_mc_samples=100 agent.actor.losses.min_dist.add_goal_as_future_state=true agent.actor.losses.behavior_cloning.weight=0 agent.goal_set_distance.enabled=false interaction.exploration_eps=0 interaction.validation_seed=1000 interaction.test_seed=1500 interaction.num_eval_episodes=500 interaction.num_test_episodes=1000 eval_steps=null save_steps=50000 keep_only_latest_checkpoint=false save_replay_buffer=true save_final_replay_buffer=true resume_if_possible=true
scale_GO-QRL+Max4-Hybrid-XXXL_500k_50kckpt_val500_test1000_fetchslide_online_s1002	online	FetchSlide	1002	500000	154.2m	env.kind=gcrl +go_qrl_model_size=xxxl batch_size=256 agent.training_schedule=joint agent.quasimetric_critic.losses.separate_latent_dynamics=false agent.quasimetric_critic.losses.latent_dynamics.distance=iqe_mse agent.quasimetric_critic.losses.latent_dynamics.mse_weight=1.0 agent.quasimetric_critic.losses.latent_dynamics.iqe_weight=1.0 agent.actor.losses.min_dist.latent_goal_steps=4 agent.actor.losses.min_dist.latent_goal_keep_best=true agent.actor.losses.min_dist.latent_goal_lr=0.01 agent.actor.losses.min_dist.latent_goal_search=direct agent.quasimetric_critic.model.encoder.branch_normalization=none agent.actor.losses.min_dist.latent_goal_mode=max agent.actor.losses.min_dist.latent_goal_optim=sgd agent.actor.losses.min_dist.adaptive_entropy_regularizer=true agent.actor.losses.min_dist.entropy_mc_samples=100 agent.actor.losses.min_dist.add_goal_as_future_state=true agent.actor.losses.behavior_cloning.weight=0 agent.goal_set_distance.enabled=false interaction.exploration_eps=0 interaction.validation_seed=1000 interaction.test_seed=1500 interaction.num_eval_episodes=500 interaction.num_test_episodes=1000 eval_steps=null save_steps=50000 keep_only_latest_checkpoint=false save_replay_buffer=true save_final_replay_buffer=true resume_if_possible=true
scale_GO-QRL+Max4-Hybrid-XXXL_500k_50kckpt_val500_test1000_fetchslide_online_s1003	online	FetchSlide	1003	500000	154.2m	env.kind=gcrl +go_qrl_model_size=xxxl batch_size=256 agent.training_schedule=joint agent.quasimetric_critic.losses.separate_latent_dynamics=false agent.quasimetric_critic.losses.latent_dynamics.distance=iqe_mse agent.quasimetric_critic.losses.latent_dynamics.mse_weight=1.0 agent.quasimetric_critic.losses.latent_dynamics.iqe_weight=1.0 agent.actor.losses.min_dist.latent_goal_steps=4 agent.actor.losses.min_dist.latent_goal_keep_best=true agent.actor.losses.min_dist.latent_goal_lr=0.01 agent.actor.losses.min_dist.latent_goal_search=direct agent.quasimetric_critic.model.encoder.branch_normalization=none agent.actor.losses.min_dist.latent_goal_mode=max agent.actor.losses.min_dist.latent_goal_optim=sgd agent.actor.losses.min_dist.adaptive_entropy_regularizer=true agent.actor.losses.min_dist.entropy_mc_samples=100 agent.actor.losses.min_dist.add_goal_as_future_state=true agent.actor.losses.behavior_cloning.weight=0 agent.goal_set_distance.enabled=false interaction.exploration_eps=0 interaction.validation_seed=1000 interaction.test_seed=1500 interaction.num_eval_episodes=500 interaction.num_test_episodes=1000 eval_steps=null save_steps=50000 keep_only_latest_checkpoint=false save_replay_buffer=true save_final_replay_buffer=true resume_if_possible=true
scale_GO-QRL+Max4-Hybrid-XXXL_500k_50kckpt_val500_test1000_fetchslide_online_s1004	online	FetchSlide	1004	500000	154.2m	env.kind=gcrl +go_qrl_model_size=xxxl batch_size=256 agent.training_schedule=joint agent.quasimetric_critic.losses.separate_latent_dynamics=false agent.quasimetric_critic.losses.latent_dynamics.distance=iqe_mse agent.quasimetric_critic.losses.latent_dynamics.mse_weight=1.0 agent.quasimetric_critic.losses.latent_dynamics.iqe_weight=1.0 agent.actor.losses.min_dist.latent_goal_steps=4 agent.actor.losses.min_dist.latent_goal_keep_best=true agent.actor.losses.min_dist.latent_goal_lr=0.01 agent.actor.losses.min_dist.latent_goal_search=direct agent.quasimetric_critic.model.encoder.branch_normalization=none agent.actor.losses.min_dist.latent_goal_mode=max agent.actor.losses.min_dist.latent_goal_optim=sgd agent.actor.losses.min_dist.adaptive_entropy_regularizer=true agent.actor.losses.min_dist.entropy_mc_samples=100 agent.actor.losses.min_dist.add_goal_as_future_state=true agent.actor.losses.behavior_cloning.weight=0 agent.goal_set_distance.enabled=false interaction.exploration_eps=0 interaction.validation_seed=1000 interaction.test_seed=1500 interaction.num_eval_episodes=500 interaction.num_test_episodes=1000 eval_steps=null save_steps=50000 keep_only_latest_checkpoint=false save_replay_buffer=true save_final_replay_buffer=true resume_if_possible=true
scale_GO-QRL+Max4-Hybrid-XXXL_500k_50kckpt_val500_test1000_dmc_swimmer6_online_s1000	online	swimmer6	1000	500000	154.1m	env.kind=dmc +go_qrl_model_size=xxxl batch_size=256 agent.training_schedule=joint agent.quasimetric_critic.losses.separate_latent_dynamics=false agent.quasimetric_critic.losses.latent_dynamics.distance=iqe_mse agent.quasimetric_critic.losses.latent_dynamics.mse_weight=1.0 agent.quasimetric_critic.losses.latent_dynamics.iqe_weight=1.0 agent.actor.losses.min_dist.latent_goal_steps=4 agent.actor.losses.min_dist.latent_goal_keep_best=true agent.actor.losses.min_dist.latent_goal_lr=0.01 agent.actor.losses.min_dist.latent_goal_search=direct agent.quasimetric_critic.model.encoder.branch_normalization=none agent.actor.losses.min_dist.latent_goal_mode=max agent.actor.losses.min_dist.latent_goal_optim=sgd agent.actor.losses.min_dist.adaptive_entropy_regularizer=true agent.actor.losses.min_dist.entropy_mc_samples=100 agent.actor.losses.min_dist.add_goal_as_future_state=true agent.actor.losses.behavior_cloning.weight=0 agent.goal_set_distance.enabled=false interaction.exploration_eps=0 interaction.validation_seed=1000 interaction.test_seed=1500 interaction.num_eval_episodes=500 interaction.num_test_episodes=1000 eval_steps=null save_steps=50000 keep_only_latest_checkpoint=false save_replay_buffer=true save_final_replay_buffer=true resume_if_possible=true
scale_GO-QRL+Max4-Hybrid-XXXL_500k_50kckpt_val500_test1000_dmc_swimmer6_online_s1001	online	swimmer6	1001	500000	154.1m	env.kind=dmc +go_qrl_model_size=xxxl batch_size=256 agent.training_schedule=joint agent.quasimetric_critic.losses.separate_latent_dynamics=false agent.quasimetric_critic.losses.latent_dynamics.distance=iqe_mse agent.quasimetric_critic.losses.latent_dynamics.mse_weight=1.0 agent.quasimetric_critic.losses.latent_dynamics.iqe_weight=1.0 agent.actor.losses.min_dist.latent_goal_steps=4 agent.actor.losses.min_dist.latent_goal_keep_best=true agent.actor.losses.min_dist.latent_goal_lr=0.01 agent.actor.losses.min_dist.latent_goal_search=direct agent.quasimetric_critic.model.encoder.branch_normalization=none agent.actor.losses.min_dist.latent_goal_mode=max agent.actor.losses.min_dist.latent_goal_optim=sgd agent.actor.losses.min_dist.adaptive_entropy_regularizer=true agent.actor.losses.min_dist.entropy_mc_samples=100 agent.actor.losses.min_dist.add_goal_as_future_state=true agent.actor.losses.behavior_cloning.weight=0 agent.goal_set_distance.enabled=false interaction.exploration_eps=0 interaction.validation_seed=1000 interaction.test_seed=1500 interaction.num_eval_episodes=500 interaction.num_test_episodes=1000 eval_steps=null save_steps=50000 keep_only_latest_checkpoint=false save_replay_buffer=true save_final_replay_buffer=true resume_if_possible=true
scale_GO-QRL+Max4-Hybrid-XXXL_500k_50kckpt_val500_test1000_dmc_swimmer6_online_s1002	online	swimmer6	1002	500000	154.1m	env.kind=dmc +go_qrl_model_size=xxxl batch_size=256 agent.training_schedule=joint agent.quasimetric_critic.losses.separate_latent_dynamics=false agent.quasimetric_critic.losses.latent_dynamics.distance=iqe_mse agent.quasimetric_critic.losses.latent_dynamics.mse_weight=1.0 agent.quasimetric_critic.losses.latent_dynamics.iqe_weight=1.0 agent.actor.losses.min_dist.latent_goal_steps=4 agent.actor.losses.min_dist.latent_goal_keep_best=true agent.actor.losses.min_dist.latent_goal_lr=0.01 agent.actor.losses.min_dist.latent_goal_search=direct agent.quasimetric_critic.model.encoder.branch_normalization=none agent.actor.losses.min_dist.latent_goal_mode=max agent.actor.losses.min_dist.latent_goal_optim=sgd agent.actor.losses.min_dist.adaptive_entropy_regularizer=true agent.actor.losses.min_dist.entropy_mc_samples=100 agent.actor.losses.min_dist.add_goal_as_future_state=true agent.actor.losses.behavior_cloning.weight=0 agent.goal_set_distance.enabled=false interaction.exploration_eps=0 interaction.validation_seed=1000 interaction.test_seed=1500 interaction.num_eval_episodes=500 interaction.num_test_episodes=1000 eval_steps=null save_steps=50000 keep_only_latest_checkpoint=false save_replay_buffer=true save_final_replay_buffer=true resume_if_possible=true
scale_GO-QRL+Max4-Hybrid-XXXL_500k_50kckpt_val500_test1000_dmc_swimmer6_online_s1003	online	swimmer6	1003	500000	154.1m	env.kind=dmc +go_qrl_model_size=xxxl batch_size=256 agent.training_schedule=joint agent.quasimetric_critic.losses.separate_latent_dynamics=false agent.quasimetric_critic.losses.latent_dynamics.distance=iqe_mse agent.quasimetric_critic.losses.latent_dynamics.mse_weight=1.0 agent.quasimetric_critic.losses.latent_dynamics.iqe_weight=1.0 agent.actor.losses.min_dist.latent_goal_steps=4 agent.actor.losses.min_dist.latent_goal_keep_best=true agent.actor.losses.min_dist.latent_goal_lr=0.01 agent.actor.losses.min_dist.latent_goal_search=direct agent.quasimetric_critic.model.encoder.branch_normalization=none agent.actor.losses.min_dist.latent_goal_mode=max agent.actor.losses.min_dist.latent_goal_optim=sgd agent.actor.losses.min_dist.adaptive_entropy_regularizer=true agent.actor.losses.min_dist.entropy_mc_samples=100 agent.actor.losses.min_dist.add_goal_as_future_state=true agent.actor.losses.behavior_cloning.weight=0 agent.goal_set_distance.enabled=false interaction.exploration_eps=0 interaction.validation_seed=1000 interaction.test_seed=1500 interaction.num_eval_episodes=500 interaction.num_test_episodes=1000 eval_steps=null save_steps=50000 keep_only_latest_checkpoint=false save_replay_buffer=true save_final_replay_buffer=true resume_if_possible=true
scale_GO-QRL+Max4-Hybrid-XXXL_500k_50kckpt_val500_test1000_dmc_swimmer6_online_s1004	online	swimmer6	1004	500000	154.1m	env.kind=dmc +go_qrl_model_size=xxxl batch_size=256 agent.training_schedule=joint agent.quasimetric_critic.losses.separate_latent_dynamics=false agent.quasimetric_critic.losses.latent_dynamics.distance=iqe_mse agent.quasimetric_critic.losses.latent_dynamics.mse_weight=1.0 agent.quasimetric_critic.losses.latent_dynamics.iqe_weight=1.0 agent.actor.losses.min_dist.latent_goal_steps=4 agent.actor.losses.min_dist.latent_goal_keep_best=true agent.actor.losses.min_dist.latent_goal_lr=0.01 agent.actor.losses.min_dist.latent_goal_search=direct agent.quasimetric_critic.model.encoder.branch_normalization=none agent.actor.losses.min_dist.latent_goal_mode=max agent.actor.losses.min_dist.latent_goal_optim=sgd agent.actor.losses.min_dist.adaptive_entropy_regularizer=true agent.actor.losses.min_dist.entropy_mc_samples=100 agent.actor.losses.min_dist.add_goal_as_future_state=true agent.actor.losses.behavior_cloning.weight=0 agent.goal_set_distance.enabled=false interaction.exploration_eps=0 interaction.validation_seed=1000 interaction.test_seed=1500 interaction.num_eval_episodes=500 interaction.num_test_episodes=1000 eval_steps=null save_steps=50000 keep_only_latest_checkpoint=false save_replay_buffer=true save_final_replay_buffer=true resume_if_possible=true
scale_GO-QRL+Max4-Hybrid-XXXL_500k_50kckpt_val500_test1000_pusher_v4_online_s1000	online	Pusher-v4	1000	500000	154.1m	env.kind=gym_mujoco +go_qrl_model_size=xxxl batch_size=256 agent.training_schedule=joint agent.quasimetric_critic.losses.separate_latent_dynamics=false agent.quasimetric_critic.losses.latent_dynamics.distance=iqe_mse agent.quasimetric_critic.losses.latent_dynamics.mse_weight=1.0 agent.quasimetric_critic.losses.latent_dynamics.iqe_weight=1.0 agent.actor.losses.min_dist.latent_goal_steps=4 agent.actor.losses.min_dist.latent_goal_keep_best=true agent.actor.losses.min_dist.latent_goal_lr=0.01 agent.actor.losses.min_dist.latent_goal_search=direct agent.quasimetric_critic.model.encoder.branch_normalization=none agent.actor.losses.min_dist.latent_goal_mode=max agent.actor.losses.min_dist.latent_goal_optim=sgd agent.actor.losses.min_dist.adaptive_entropy_regularizer=true agent.actor.losses.min_dist.entropy_mc_samples=100 agent.actor.losses.min_dist.add_goal_as_future_state=true agent.actor.losses.behavior_cloning.weight=0 agent.goal_set_distance.enabled=false interaction.exploration_eps=0 interaction.validation_seed=1000 interaction.test_seed=1500 interaction.num_eval_episodes=500 interaction.num_test_episodes=1000 eval_steps=null save_steps=50000 keep_only_latest_checkpoint=false save_replay_buffer=true save_final_replay_buffer=true resume_if_possible=true
scale_GO-QRL+Max4-Hybrid-XXXL_500k_50kckpt_val500_test1000_pusher_v4_online_s1001	online	Pusher-v4	1001	500000	154.1m	env.kind=gym_mujoco +go_qrl_model_size=xxxl batch_size=256 agent.training_schedule=joint agent.quasimetric_critic.losses.separate_latent_dynamics=false agent.quasimetric_critic.losses.latent_dynamics.distance=iqe_mse agent.quasimetric_critic.losses.latent_dynamics.mse_weight=1.0 agent.quasimetric_critic.losses.latent_dynamics.iqe_weight=1.0 agent.actor.losses.min_dist.latent_goal_steps=4 agent.actor.losses.min_dist.latent_goal_keep_best=true agent.actor.losses.min_dist.latent_goal_lr=0.01 agent.actor.losses.min_dist.latent_goal_search=direct agent.quasimetric_critic.model.encoder.branch_normalization=none agent.actor.losses.min_dist.latent_goal_mode=max agent.actor.losses.min_dist.latent_goal_optim=sgd agent.actor.losses.min_dist.adaptive_entropy_regularizer=true agent.actor.losses.min_dist.entropy_mc_samples=100 agent.actor.losses.min_dist.add_goal_as_future_state=true agent.actor.losses.behavior_cloning.weight=0 agent.goal_set_distance.enabled=false interaction.exploration_eps=0 interaction.validation_seed=1000 interaction.test_seed=1500 interaction.num_eval_episodes=500 interaction.num_test_episodes=1000 eval_steps=null save_steps=50000 keep_only_latest_checkpoint=false save_replay_buffer=true save_final_replay_buffer=true resume_if_possible=true
scale_GO-QRL+Max4-Hybrid-XXXL_500k_50kckpt_val500_test1000_pusher_v4_online_s1002	online	Pusher-v4	1002	500000	154.1m	env.kind=gym_mujoco +go_qrl_model_size=xxxl batch_size=256 agent.training_schedule=joint agent.quasimetric_critic.losses.separate_latent_dynamics=false agent.quasimetric_critic.losses.latent_dynamics.distance=iqe_mse agent.quasimetric_critic.losses.latent_dynamics.mse_weight=1.0 agent.quasimetric_critic.losses.latent_dynamics.iqe_weight=1.0 agent.actor.losses.min_dist.latent_goal_steps=4 agent.actor.losses.min_dist.latent_goal_keep_best=true agent.actor.losses.min_dist.latent_goal_lr=0.01 agent.actor.losses.min_dist.latent_goal_search=direct agent.quasimetric_critic.model.encoder.branch_normalization=none agent.actor.losses.min_dist.latent_goal_mode=max agent.actor.losses.min_dist.latent_goal_optim=sgd agent.actor.losses.min_dist.adaptive_entropy_regularizer=true agent.actor.losses.min_dist.entropy_mc_samples=100 agent.actor.losses.min_dist.add_goal_as_future_state=true agent.actor.losses.behavior_cloning.weight=0 agent.goal_set_distance.enabled=false interaction.exploration_eps=0 interaction.validation_seed=1000 interaction.test_seed=1500 interaction.num_eval_episodes=500 interaction.num_test_episodes=1000 eval_steps=null save_steps=50000 keep_only_latest_checkpoint=false save_replay_buffer=true save_final_replay_buffer=true resume_if_possible=true
scale_GO-QRL+Max4-Hybrid-XXXL_500k_50kckpt_val500_test1000_pusher_v4_online_s1003	online	Pusher-v4	1003	500000	154.1m	env.kind=gym_mujoco +go_qrl_model_size=xxxl batch_size=256 agent.training_schedule=joint agent.quasimetric_critic.losses.separate_latent_dynamics=false agent.quasimetric_critic.losses.latent_dynamics.distance=iqe_mse agent.quasimetric_critic.losses.latent_dynamics.mse_weight=1.0 agent.quasimetric_critic.losses.latent_dynamics.iqe_weight=1.0 agent.actor.losses.min_dist.latent_goal_steps=4 agent.actor.losses.min_dist.latent_goal_keep_best=true agent.actor.losses.min_dist.latent_goal_lr=0.01 agent.actor.losses.min_dist.latent_goal_search=direct agent.quasimetric_critic.model.encoder.branch_normalization=none agent.actor.losses.min_dist.latent_goal_mode=max agent.actor.losses.min_dist.latent_goal_optim=sgd agent.actor.losses.min_dist.adaptive_entropy_regularizer=true agent.actor.losses.min_dist.entropy_mc_samples=100 agent.actor.losses.min_dist.add_goal_as_future_state=true agent.actor.losses.behavior_cloning.weight=0 agent.goal_set_distance.enabled=false interaction.exploration_eps=0 interaction.validation_seed=1000 interaction.test_seed=1500 interaction.num_eval_episodes=500 interaction.num_test_episodes=1000 eval_steps=null save_steps=50000 keep_only_latest_checkpoint=false save_replay_buffer=true save_final_replay_buffer=true resume_if_possible=true
scale_GO-QRL+Max4-Hybrid-XXXL_500k_50kckpt_val500_test1000_pusher_v4_online_s1004	online	Pusher-v4	1004	500000	154.1m	env.kind=gym_mujoco +go_qrl_model_size=xxxl batch_size=256 agent.training_schedule=joint agent.quasimetric_critic.losses.separate_latent_dynamics=false agent.quasimetric_critic.losses.latent_dynamics.distance=iqe_mse agent.quasimetric_critic.losses.latent_dynamics.mse_weight=1.0 agent.quasimetric_critic.losses.latent_dynamics.iqe_weight=1.0 agent.actor.losses.min_dist.latent_goal_steps=4 agent.actor.losses.min_dist.latent_goal_keep_best=true agent.actor.losses.min_dist.latent_goal_lr=0.01 agent.actor.losses.min_dist.latent_goal_search=direct agent.quasimetric_critic.model.encoder.branch_normalization=none agent.actor.losses.min_dist.latent_goal_mode=max agent.actor.losses.min_dist.latent_goal_optim=sgd agent.actor.losses.min_dist.adaptive_entropy_regularizer=true agent.actor.losses.min_dist.entropy_mc_samples=100 agent.actor.losses.min_dist.add_goal_as_future_state=true agent.actor.losses.behavior_cloning.weight=0 agent.goal_set_distance.enabled=false interaction.exploration_eps=0 interaction.validation_seed=1000 interaction.test_seed=1500 interaction.num_eval_episodes=500 interaction.num_test_episodes=1000 eval_steps=null save_steps=50000 keep_only_latest_checkpoint=false save_replay_buffer=true save_final_replay_buffer=true resume_if_possible=true
scale_GO-QRL+Max4-Hybrid-XXXL_500k_50kckpt_val500_test1000_antnavigate_v4_online_s1000	online	AntNavigate-v4	1000	500000	154.1m	env.kind=gym_mujoco +go_qrl_model_size=xxxl batch_size=256 agent.training_schedule=joint agent.quasimetric_critic.losses.separate_latent_dynamics=false agent.quasimetric_critic.losses.latent_dynamics.distance=iqe_mse agent.quasimetric_critic.losses.latent_dynamics.mse_weight=1.0 agent.quasimetric_critic.losses.latent_dynamics.iqe_weight=1.0 agent.actor.losses.min_dist.latent_goal_steps=4 agent.actor.losses.min_dist.latent_goal_keep_best=true agent.actor.losses.min_dist.latent_goal_lr=0.01 agent.actor.losses.min_dist.latent_goal_search=direct agent.quasimetric_critic.model.encoder.branch_normalization=none agent.actor.losses.min_dist.latent_goal_mode=max agent.actor.losses.min_dist.latent_goal_optim=sgd agent.actor.losses.min_dist.adaptive_entropy_regularizer=true agent.actor.losses.min_dist.entropy_mc_samples=100 agent.actor.losses.min_dist.add_goal_as_future_state=true agent.actor.losses.behavior_cloning.weight=0 agent.goal_set_distance.enabled=false interaction.exploration_eps=0 interaction.validation_seed=1000 interaction.test_seed=1500 interaction.num_eval_episodes=500 interaction.num_test_episodes=1000 eval_steps=null save_steps=50000 keep_only_latest_checkpoint=false save_replay_buffer=true save_final_replay_buffer=true resume_if_possible=true
scale_GO-QRL+Max4-Hybrid-XXXL_500k_50kckpt_val500_test1000_antnavigate_v4_online_s1001	online	AntNavigate-v4	1001	500000	154.1m	env.kind=gym_mujoco +go_qrl_model_size=xxxl batch_size=256 agent.training_schedule=joint agent.quasimetric_critic.losses.separate_latent_dynamics=false agent.quasimetric_critic.losses.latent_dynamics.distance=iqe_mse agent.quasimetric_critic.losses.latent_dynamics.mse_weight=1.0 agent.quasimetric_critic.losses.latent_dynamics.iqe_weight=1.0 agent.actor.losses.min_dist.latent_goal_steps=4 agent.actor.losses.min_dist.latent_goal_keep_best=true agent.actor.losses.min_dist.latent_goal_lr=0.01 agent.actor.losses.min_dist.latent_goal_search=direct agent.quasimetric_critic.model.encoder.branch_normalization=none agent.actor.losses.min_dist.latent_goal_mode=max agent.actor.losses.min_dist.latent_goal_optim=sgd agent.actor.losses.min_dist.adaptive_entropy_regularizer=true agent.actor.losses.min_dist.entropy_mc_samples=100 agent.actor.losses.min_dist.add_goal_as_future_state=true agent.actor.losses.behavior_cloning.weight=0 agent.goal_set_distance.enabled=false interaction.exploration_eps=0 interaction.validation_seed=1000 interaction.test_seed=1500 interaction.num_eval_episodes=500 interaction.num_test_episodes=1000 eval_steps=null save_steps=50000 keep_only_latest_checkpoint=false save_replay_buffer=true save_final_replay_buffer=true resume_if_possible=true
scale_GO-QRL+Max4-Hybrid-XXXL_500k_50kckpt_val500_test1000_antnavigate_v4_online_s1002	online	AntNavigate-v4	1002	500000	154.1m	env.kind=gym_mujoco +go_qrl_model_size=xxxl batch_size=256 agent.training_schedule=joint agent.quasimetric_critic.losses.separate_latent_dynamics=false agent.quasimetric_critic.losses.latent_dynamics.distance=iqe_mse agent.quasimetric_critic.losses.latent_dynamics.mse_weight=1.0 agent.quasimetric_critic.losses.latent_dynamics.iqe_weight=1.0 agent.actor.losses.min_dist.latent_goal_steps=4 agent.actor.losses.min_dist.latent_goal_keep_best=true agent.actor.losses.min_dist.latent_goal_lr=0.01 agent.actor.losses.min_dist.latent_goal_search=direct agent.quasimetric_critic.model.encoder.branch_normalization=none agent.actor.losses.min_dist.latent_goal_mode=max agent.actor.losses.min_dist.latent_goal_optim=sgd agent.actor.losses.min_dist.adaptive_entropy_regularizer=true agent.actor.losses.min_dist.entropy_mc_samples=100 agent.actor.losses.min_dist.add_goal_as_future_state=true agent.actor.losses.behavior_cloning.weight=0 agent.goal_set_distance.enabled=false interaction.exploration_eps=0 interaction.validation_seed=1000 interaction.test_seed=1500 interaction.num_eval_episodes=500 interaction.num_test_episodes=1000 eval_steps=null save_steps=50000 keep_only_latest_checkpoint=false save_replay_buffer=true save_final_replay_buffer=true resume_if_possible=true
scale_GO-QRL+Max4-Hybrid-XXXL_500k_50kckpt_val500_test1000_antnavigate_v4_online_s1003	online	AntNavigate-v4	1003	500000	154.1m	env.kind=gym_mujoco +go_qrl_model_size=xxxl batch_size=256 agent.training_schedule=joint agent.quasimetric_critic.losses.separate_latent_dynamics=false agent.quasimetric_critic.losses.latent_dynamics.distance=iqe_mse agent.quasimetric_critic.losses.latent_dynamics.mse_weight=1.0 agent.quasimetric_critic.losses.latent_dynamics.iqe_weight=1.0 agent.actor.losses.min_dist.latent_goal_steps=4 agent.actor.losses.min_dist.latent_goal_keep_best=true agent.actor.losses.min_dist.latent_goal_lr=0.01 agent.actor.losses.min_dist.latent_goal_search=direct agent.quasimetric_critic.model.encoder.branch_normalization=none agent.actor.losses.min_dist.latent_goal_mode=max agent.actor.losses.min_dist.latent_goal_optim=sgd agent.actor.losses.min_dist.adaptive_entropy_regularizer=true agent.actor.losses.min_dist.entropy_mc_samples=100 agent.actor.losses.min_dist.add_goal_as_future_state=true agent.actor.losses.behavior_cloning.weight=0 agent.goal_set_distance.enabled=false interaction.exploration_eps=0 interaction.validation_seed=1000 interaction.test_seed=1500 interaction.num_eval_episodes=500 interaction.num_test_episodes=1000 eval_steps=null save_steps=50000 keep_only_latest_checkpoint=false save_replay_buffer=true save_final_replay_buffer=true resume_if_possible=true
scale_GO-QRL+Max4-Hybrid-XXXL_500k_50kckpt_val500_test1000_antnavigate_v4_online_s1004	online	AntNavigate-v4	1004	500000	154.1m	env.kind=gym_mujoco +go_qrl_model_size=xxxl batch_size=256 agent.training_schedule=joint agent.quasimetric_critic.losses.separate_latent_dynamics=false agent.quasimetric_critic.losses.latent_dynamics.distance=iqe_mse agent.quasimetric_critic.losses.latent_dynamics.mse_weight=1.0 agent.quasimetric_critic.losses.latent_dynamics.iqe_weight=1.0 agent.actor.losses.min_dist.latent_goal_steps=4 agent.actor.losses.min_dist.latent_goal_keep_best=true agent.actor.losses.min_dist.latent_goal_lr=0.01 agent.actor.losses.min_dist.latent_goal_search=direct agent.quasimetric_critic.model.encoder.branch_normalization=none agent.actor.losses.min_dist.latent_goal_mode=max agent.actor.losses.min_dist.latent_goal_optim=sgd agent.actor.losses.min_dist.adaptive_entropy_regularizer=true agent.actor.losses.min_dist.entropy_mc_samples=100 agent.actor.losses.min_dist.add_goal_as_future_state=true agent.actor.losses.behavior_cloning.weight=0 agent.goal_set_distance.enabled=false interaction.exploration_eps=0 interaction.validation_seed=1000 interaction.test_seed=1500 interaction.num_eval_episodes=500 interaction.num_test_episodes=1000 eval_steps=null save_steps=50000 keep_only_latest_checkpoint=false save_replay_buffer=true save_final_replay_buffer=true resume_if_possible=true
