# task_id	mode	env_name	seed	steps	params	extra_args
# Five online schemes x five training seeds for eleven goal environments.
# Every task uses the M model-size preset.
# Checkpoints every 20k; validation and test use the same episode count.
# FetchReach stays at 1000, other short-horizon environments use 200, and 1000-step environments use 100.
official_qrl_1q_Base-M_200k_20kckpt_val1000_test1000_fetchreach_online_s1000	online	FetchReach	1000	200000	4.2m	env.kind=gcrl +qrl_model_size=m interaction.num_eval_episodes=1000 interaction.num_test_episodes=1000 agent.actor.losses.min_dist.adaptive_entropy_regularizer=true agent.actor.losses.min_dist.entropy_mc_samples=100 agent.actor.losses.min_dist.add_goal_as_future_state=true agent.actor.losses.behavior_cloning.weight=0 agent.goal_set_distance.enabled=false interaction.exploration_eps=0 interaction.validation_seed=1000 interaction.test_seed=2000000 eval_steps=null save_steps=20000 keep_only_latest_checkpoint=false save_replay_buffer=true save_final_replay_buffer=true
official_qrl_1q_Base-M_200k_20kckpt_val1000_test1000_fetchreach_online_s1001	online	FetchReach	1001	200000	4.2m	env.kind=gcrl +qrl_model_size=m interaction.num_eval_episodes=1000 interaction.num_test_episodes=1000 agent.actor.losses.min_dist.adaptive_entropy_regularizer=true agent.actor.losses.min_dist.entropy_mc_samples=100 agent.actor.losses.min_dist.add_goal_as_future_state=true agent.actor.losses.behavior_cloning.weight=0 agent.goal_set_distance.enabled=false interaction.exploration_eps=0 interaction.validation_seed=1000 interaction.test_seed=2000000 eval_steps=null save_steps=20000 keep_only_latest_checkpoint=false save_replay_buffer=true save_final_replay_buffer=true
official_qrl_1q_Base-M_200k_20kckpt_val1000_test1000_fetchreach_online_s1002	online	FetchReach	1002	200000	4.2m	env.kind=gcrl +qrl_model_size=m interaction.num_eval_episodes=1000 interaction.num_test_episodes=1000 agent.actor.losses.min_dist.adaptive_entropy_regularizer=true agent.actor.losses.min_dist.entropy_mc_samples=100 agent.actor.losses.min_dist.add_goal_as_future_state=true agent.actor.losses.behavior_cloning.weight=0 agent.goal_set_distance.enabled=false interaction.exploration_eps=0 interaction.validation_seed=1000 interaction.test_seed=2000000 eval_steps=null save_steps=20000 keep_only_latest_checkpoint=false save_replay_buffer=true save_final_replay_buffer=true
official_qrl_1q_Base-M_200k_20kckpt_val1000_test1000_fetchreach_online_s1003	online	FetchReach	1003	200000	4.2m	env.kind=gcrl +qrl_model_size=m interaction.num_eval_episodes=1000 interaction.num_test_episodes=1000 agent.actor.losses.min_dist.adaptive_entropy_regularizer=true agent.actor.losses.min_dist.entropy_mc_samples=100 agent.actor.losses.min_dist.add_goal_as_future_state=true agent.actor.losses.behavior_cloning.weight=0 agent.goal_set_distance.enabled=false interaction.exploration_eps=0 interaction.validation_seed=1000 interaction.test_seed=2000000 eval_steps=null save_steps=20000 keep_only_latest_checkpoint=false save_replay_buffer=true save_final_replay_buffer=true
official_qrl_1q_Base-M_200k_20kckpt_val1000_test1000_fetchreach_online_s1004	online	FetchReach	1004	200000	4.2m	env.kind=gcrl +qrl_model_size=m interaction.num_eval_episodes=1000 interaction.num_test_episodes=1000 agent.actor.losses.min_dist.adaptive_entropy_regularizer=true agent.actor.losses.min_dist.entropy_mc_samples=100 agent.actor.losses.min_dist.add_goal_as_future_state=true agent.actor.losses.behavior_cloning.weight=0 agent.goal_set_distance.enabled=false interaction.exploration_eps=0 interaction.validation_seed=1000 interaction.test_seed=2000000 eval_steps=null save_steps=20000 keep_only_latest_checkpoint=false save_replay_buffer=true save_final_replay_buffer=true
official_qrl_1q_GO-QRL+Max4-M_200k_20kckpt_val1000_test1000_fetchreach_online_s1000	online	FetchReach	1000	200000	4.4m	env.kind=gcrl +go_qrl_model_size=m agent.actor.losses.min_dist.latent_goal_steps=4 agent.actor.losses.min_dist.latent_goal_keep_best=true agent.actor.losses.min_dist.latent_goal_lr=0.01 agent.actor.losses.min_dist.latent_goal_search=direct agent.quasimetric_critic.model.encoder.branch_normalization=none agent.actor.losses.min_dist.latent_goal_mode=max agent.actor.losses.min_dist.latent_goal_optim=sgd interaction.num_eval_episodes=1000 interaction.num_test_episodes=1000 agent.actor.losses.min_dist.adaptive_entropy_regularizer=true agent.actor.losses.min_dist.entropy_mc_samples=100 agent.actor.losses.min_dist.add_goal_as_future_state=true agent.actor.losses.behavior_cloning.weight=0 agent.goal_set_distance.enabled=false interaction.exploration_eps=0 interaction.validation_seed=1000 interaction.test_seed=2000000 eval_steps=null save_steps=20000 keep_only_latest_checkpoint=false save_replay_buffer=true save_final_replay_buffer=true
official_qrl_1q_GO-QRL+Max4-M_200k_20kckpt_val1000_test1000_fetchreach_online_s1001	online	FetchReach	1001	200000	4.4m	env.kind=gcrl +go_qrl_model_size=m agent.actor.losses.min_dist.latent_goal_steps=4 agent.actor.losses.min_dist.latent_goal_keep_best=true agent.actor.losses.min_dist.latent_goal_lr=0.01 agent.actor.losses.min_dist.latent_goal_search=direct agent.quasimetric_critic.model.encoder.branch_normalization=none agent.actor.losses.min_dist.latent_goal_mode=max agent.actor.losses.min_dist.latent_goal_optim=sgd interaction.num_eval_episodes=1000 interaction.num_test_episodes=1000 agent.actor.losses.min_dist.adaptive_entropy_regularizer=true agent.actor.losses.min_dist.entropy_mc_samples=100 agent.actor.losses.min_dist.add_goal_as_future_state=true agent.actor.losses.behavior_cloning.weight=0 agent.goal_set_distance.enabled=false interaction.exploration_eps=0 interaction.validation_seed=1000 interaction.test_seed=2000000 eval_steps=null save_steps=20000 keep_only_latest_checkpoint=false save_replay_buffer=true save_final_replay_buffer=true
official_qrl_1q_GO-QRL+Max4-M_200k_20kckpt_val1000_test1000_fetchreach_online_s1002	online	FetchReach	1002	200000	4.4m	env.kind=gcrl +go_qrl_model_size=m agent.actor.losses.min_dist.latent_goal_steps=4 agent.actor.losses.min_dist.latent_goal_keep_best=true agent.actor.losses.min_dist.latent_goal_lr=0.01 agent.actor.losses.min_dist.latent_goal_search=direct agent.quasimetric_critic.model.encoder.branch_normalization=none agent.actor.losses.min_dist.latent_goal_mode=max agent.actor.losses.min_dist.latent_goal_optim=sgd interaction.num_eval_episodes=1000 interaction.num_test_episodes=1000 agent.actor.losses.min_dist.adaptive_entropy_regularizer=true agent.actor.losses.min_dist.entropy_mc_samples=100 agent.actor.losses.min_dist.add_goal_as_future_state=true agent.actor.losses.behavior_cloning.weight=0 agent.goal_set_distance.enabled=false interaction.exploration_eps=0 interaction.validation_seed=1000 interaction.test_seed=2000000 eval_steps=null save_steps=20000 keep_only_latest_checkpoint=false save_replay_buffer=true save_final_replay_buffer=true
official_qrl_1q_GO-QRL+Max4-M_200k_20kckpt_val1000_test1000_fetchreach_online_s1003	online	FetchReach	1003	200000	4.4m	env.kind=gcrl +go_qrl_model_size=m agent.actor.losses.min_dist.latent_goal_steps=4 agent.actor.losses.min_dist.latent_goal_keep_best=true agent.actor.losses.min_dist.latent_goal_lr=0.01 agent.actor.losses.min_dist.latent_goal_search=direct agent.quasimetric_critic.model.encoder.branch_normalization=none agent.actor.losses.min_dist.latent_goal_mode=max agent.actor.losses.min_dist.latent_goal_optim=sgd interaction.num_eval_episodes=1000 interaction.num_test_episodes=1000 agent.actor.losses.min_dist.adaptive_entropy_regularizer=true agent.actor.losses.min_dist.entropy_mc_samples=100 agent.actor.losses.min_dist.add_goal_as_future_state=true agent.actor.losses.behavior_cloning.weight=0 agent.goal_set_distance.enabled=false interaction.exploration_eps=0 interaction.validation_seed=1000 interaction.test_seed=2000000 eval_steps=null save_steps=20000 keep_only_latest_checkpoint=false save_replay_buffer=true save_final_replay_buffer=true
official_qrl_1q_GO-QRL+Max4-M_200k_20kckpt_val1000_test1000_fetchreach_online_s1004	online	FetchReach	1004	200000	4.4m	env.kind=gcrl +go_qrl_model_size=m agent.actor.losses.min_dist.latent_goal_steps=4 agent.actor.losses.min_dist.latent_goal_keep_best=true agent.actor.losses.min_dist.latent_goal_lr=0.01 agent.actor.losses.min_dist.latent_goal_search=direct agent.quasimetric_critic.model.encoder.branch_normalization=none agent.actor.losses.min_dist.latent_goal_mode=max agent.actor.losses.min_dist.latent_goal_optim=sgd interaction.num_eval_episodes=1000 interaction.num_test_episodes=1000 agent.actor.losses.min_dist.adaptive_entropy_regularizer=true agent.actor.losses.min_dist.entropy_mc_samples=100 agent.actor.losses.min_dist.add_goal_as_future_state=true agent.actor.losses.behavior_cloning.weight=0 agent.goal_set_distance.enabled=false interaction.exploration_eps=0 interaction.validation_seed=1000 interaction.test_seed=2000000 eval_steps=null save_steps=20000 keep_only_latest_checkpoint=false save_replay_buffer=true save_final_replay_buffer=true
official_qrl_1q_GO-QRL+Min4-M_200k_20kckpt_val1000_test1000_fetchreach_online_s1000	online	FetchReach	1000	200000	4.4m	env.kind=gcrl +go_qrl_model_size=m agent.actor.losses.min_dist.latent_goal_steps=4 agent.actor.losses.min_dist.latent_goal_keep_best=true agent.actor.losses.min_dist.latent_goal_lr=0.01 agent.actor.losses.min_dist.latent_goal_search=direct agent.quasimetric_critic.model.encoder.branch_normalization=none agent.actor.losses.min_dist.latent_goal_mode=min agent.actor.losses.min_dist.latent_goal_optim=sgd interaction.num_eval_episodes=1000 interaction.num_test_episodes=1000 agent.actor.losses.min_dist.adaptive_entropy_regularizer=true agent.actor.losses.min_dist.entropy_mc_samples=100 agent.actor.losses.min_dist.add_goal_as_future_state=true agent.actor.losses.behavior_cloning.weight=0 agent.goal_set_distance.enabled=false interaction.exploration_eps=0 interaction.validation_seed=1000 interaction.test_seed=2000000 eval_steps=null save_steps=20000 keep_only_latest_checkpoint=false save_replay_buffer=true save_final_replay_buffer=true
official_qrl_1q_GO-QRL+Min4-M_200k_20kckpt_val1000_test1000_fetchreach_online_s1001	online	FetchReach	1001	200000	4.4m	env.kind=gcrl +go_qrl_model_size=m agent.actor.losses.min_dist.latent_goal_steps=4 agent.actor.losses.min_dist.latent_goal_keep_best=true agent.actor.losses.min_dist.latent_goal_lr=0.01 agent.actor.losses.min_dist.latent_goal_search=direct agent.quasimetric_critic.model.encoder.branch_normalization=none agent.actor.losses.min_dist.latent_goal_mode=min agent.actor.losses.min_dist.latent_goal_optim=sgd interaction.num_eval_episodes=1000 interaction.num_test_episodes=1000 agent.actor.losses.min_dist.adaptive_entropy_regularizer=true agent.actor.losses.min_dist.entropy_mc_samples=100 agent.actor.losses.min_dist.add_goal_as_future_state=true agent.actor.losses.behavior_cloning.weight=0 agent.goal_set_distance.enabled=false interaction.exploration_eps=0 interaction.validation_seed=1000 interaction.test_seed=2000000 eval_steps=null save_steps=20000 keep_only_latest_checkpoint=false save_replay_buffer=true save_final_replay_buffer=true
official_qrl_1q_GO-QRL+Min4-M_200k_20kckpt_val1000_test1000_fetchreach_online_s1002	online	FetchReach	1002	200000	4.4m	env.kind=gcrl +go_qrl_model_size=m agent.actor.losses.min_dist.latent_goal_steps=4 agent.actor.losses.min_dist.latent_goal_keep_best=true agent.actor.losses.min_dist.latent_goal_lr=0.01 agent.actor.losses.min_dist.latent_goal_search=direct agent.quasimetric_critic.model.encoder.branch_normalization=none agent.actor.losses.min_dist.latent_goal_mode=min agent.actor.losses.min_dist.latent_goal_optim=sgd interaction.num_eval_episodes=1000 interaction.num_test_episodes=1000 agent.actor.losses.min_dist.adaptive_entropy_regularizer=true agent.actor.losses.min_dist.entropy_mc_samples=100 agent.actor.losses.min_dist.add_goal_as_future_state=true agent.actor.losses.behavior_cloning.weight=0 agent.goal_set_distance.enabled=false interaction.exploration_eps=0 interaction.validation_seed=1000 interaction.test_seed=2000000 eval_steps=null save_steps=20000 keep_only_latest_checkpoint=false save_replay_buffer=true save_final_replay_buffer=true
official_qrl_1q_GO-QRL+Min4-M_200k_20kckpt_val1000_test1000_fetchreach_online_s1003	online	FetchReach	1003	200000	4.4m	env.kind=gcrl +go_qrl_model_size=m agent.actor.losses.min_dist.latent_goal_steps=4 agent.actor.losses.min_dist.latent_goal_keep_best=true agent.actor.losses.min_dist.latent_goal_lr=0.01 agent.actor.losses.min_dist.latent_goal_search=direct agent.quasimetric_critic.model.encoder.branch_normalization=none agent.actor.losses.min_dist.latent_goal_mode=min agent.actor.losses.min_dist.latent_goal_optim=sgd interaction.num_eval_episodes=1000 interaction.num_test_episodes=1000 agent.actor.losses.min_dist.adaptive_entropy_regularizer=true agent.actor.losses.min_dist.entropy_mc_samples=100 agent.actor.losses.min_dist.add_goal_as_future_state=true agent.actor.losses.behavior_cloning.weight=0 agent.goal_set_distance.enabled=false interaction.exploration_eps=0 interaction.validation_seed=1000 interaction.test_seed=2000000 eval_steps=null save_steps=20000 keep_only_latest_checkpoint=false save_replay_buffer=true save_final_replay_buffer=true
official_qrl_1q_GO-QRL+Min4-M_200k_20kckpt_val1000_test1000_fetchreach_online_s1004	online	FetchReach	1004	200000	4.4m	env.kind=gcrl +go_qrl_model_size=m agent.actor.losses.min_dist.latent_goal_steps=4 agent.actor.losses.min_dist.latent_goal_keep_best=true agent.actor.losses.min_dist.latent_goal_lr=0.01 agent.actor.losses.min_dist.latent_goal_search=direct agent.quasimetric_critic.model.encoder.branch_normalization=none agent.actor.losses.min_dist.latent_goal_mode=min agent.actor.losses.min_dist.latent_goal_optim=sgd interaction.num_eval_episodes=1000 interaction.num_test_episodes=1000 agent.actor.losses.min_dist.adaptive_entropy_regularizer=true agent.actor.losses.min_dist.entropy_mc_samples=100 agent.actor.losses.min_dist.add_goal_as_future_state=true agent.actor.losses.behavior_cloning.weight=0 agent.goal_set_distance.enabled=false interaction.exploration_eps=0 interaction.validation_seed=1000 interaction.test_seed=2000000 eval_steps=null save_steps=20000 keep_only_latest_checkpoint=false save_replay_buffer=true save_final_replay_buffer=true
official_qrl_1q_GO-QRL+Max4+LN+RMSG-M_200k_20kckpt_val1000_test1000_fetchreach_online_s1000	online	FetchReach	1000	200000	4.4m	env.kind=gcrl +go_qrl_model_size=m agent.actor.losses.min_dist.latent_goal_steps=4 agent.actor.losses.min_dist.latent_goal_keep_best=true agent.actor.losses.min_dist.latent_goal_lr=0.01 agent.actor.losses.min_dist.latent_goal_search=direct agent.quasimetric_critic.model.encoder.branch_normalization=layernorm agent.actor.losses.min_dist.latent_goal_mode=max agent.actor.losses.min_dist.latent_goal_optim=rmsg interaction.num_eval_episodes=1000 interaction.num_test_episodes=1000 agent.actor.losses.min_dist.adaptive_entropy_regularizer=true agent.actor.losses.min_dist.entropy_mc_samples=100 agent.actor.losses.min_dist.add_goal_as_future_state=true agent.actor.losses.behavior_cloning.weight=0 agent.goal_set_distance.enabled=false interaction.exploration_eps=0 interaction.validation_seed=1000 interaction.test_seed=2000000 eval_steps=null save_steps=20000 keep_only_latest_checkpoint=false save_replay_buffer=true save_final_replay_buffer=true
official_qrl_1q_GO-QRL+Max4+LN+RMSG-M_200k_20kckpt_val1000_test1000_fetchreach_online_s1001	online	FetchReach	1001	200000	4.4m	env.kind=gcrl +go_qrl_model_size=m agent.actor.losses.min_dist.latent_goal_steps=4 agent.actor.losses.min_dist.latent_goal_keep_best=true agent.actor.losses.min_dist.latent_goal_lr=0.01 agent.actor.losses.min_dist.latent_goal_search=direct agent.quasimetric_critic.model.encoder.branch_normalization=layernorm agent.actor.losses.min_dist.latent_goal_mode=max agent.actor.losses.min_dist.latent_goal_optim=rmsg interaction.num_eval_episodes=1000 interaction.num_test_episodes=1000 agent.actor.losses.min_dist.adaptive_entropy_regularizer=true agent.actor.losses.min_dist.entropy_mc_samples=100 agent.actor.losses.min_dist.add_goal_as_future_state=true agent.actor.losses.behavior_cloning.weight=0 agent.goal_set_distance.enabled=false interaction.exploration_eps=0 interaction.validation_seed=1000 interaction.test_seed=2000000 eval_steps=null save_steps=20000 keep_only_latest_checkpoint=false save_replay_buffer=true save_final_replay_buffer=true
official_qrl_1q_GO-QRL+Max4+LN+RMSG-M_200k_20kckpt_val1000_test1000_fetchreach_online_s1002	online	FetchReach	1002	200000	4.4m	env.kind=gcrl +go_qrl_model_size=m agent.actor.losses.min_dist.latent_goal_steps=4 agent.actor.losses.min_dist.latent_goal_keep_best=true agent.actor.losses.min_dist.latent_goal_lr=0.01 agent.actor.losses.min_dist.latent_goal_search=direct agent.quasimetric_critic.model.encoder.branch_normalization=layernorm agent.actor.losses.min_dist.latent_goal_mode=max agent.actor.losses.min_dist.latent_goal_optim=rmsg interaction.num_eval_episodes=1000 interaction.num_test_episodes=1000 agent.actor.losses.min_dist.adaptive_entropy_regularizer=true agent.actor.losses.min_dist.entropy_mc_samples=100 agent.actor.losses.min_dist.add_goal_as_future_state=true agent.actor.losses.behavior_cloning.weight=0 agent.goal_set_distance.enabled=false interaction.exploration_eps=0 interaction.validation_seed=1000 interaction.test_seed=2000000 eval_steps=null save_steps=20000 keep_only_latest_checkpoint=false save_replay_buffer=true save_final_replay_buffer=true
official_qrl_1q_GO-QRL+Max4+LN+RMSG-M_200k_20kckpt_val1000_test1000_fetchreach_online_s1003	online	FetchReach	1003	200000	4.4m	env.kind=gcrl +go_qrl_model_size=m agent.actor.losses.min_dist.latent_goal_steps=4 agent.actor.losses.min_dist.latent_goal_keep_best=true agent.actor.losses.min_dist.latent_goal_lr=0.01 agent.actor.losses.min_dist.latent_goal_search=direct agent.quasimetric_critic.model.encoder.branch_normalization=layernorm agent.actor.losses.min_dist.latent_goal_mode=max agent.actor.losses.min_dist.latent_goal_optim=rmsg interaction.num_eval_episodes=1000 interaction.num_test_episodes=1000 agent.actor.losses.min_dist.adaptive_entropy_regularizer=true agent.actor.losses.min_dist.entropy_mc_samples=100 agent.actor.losses.min_dist.add_goal_as_future_state=true agent.actor.losses.behavior_cloning.weight=0 agent.goal_set_distance.enabled=false interaction.exploration_eps=0 interaction.validation_seed=1000 interaction.test_seed=2000000 eval_steps=null save_steps=20000 keep_only_latest_checkpoint=false save_replay_buffer=true save_final_replay_buffer=true
official_qrl_1q_GO-QRL+Max4+LN+RMSG-M_200k_20kckpt_val1000_test1000_fetchreach_online_s1004	online	FetchReach	1004	200000	4.4m	env.kind=gcrl +go_qrl_model_size=m agent.actor.losses.min_dist.latent_goal_steps=4 agent.actor.losses.min_dist.latent_goal_keep_best=true agent.actor.losses.min_dist.latent_goal_lr=0.01 agent.actor.losses.min_dist.latent_goal_search=direct agent.quasimetric_critic.model.encoder.branch_normalization=layernorm agent.actor.losses.min_dist.latent_goal_mode=max agent.actor.losses.min_dist.latent_goal_optim=rmsg interaction.num_eval_episodes=1000 interaction.num_test_episodes=1000 agent.actor.losses.min_dist.adaptive_entropy_regularizer=true agent.actor.losses.min_dist.entropy_mc_samples=100 agent.actor.losses.min_dist.add_goal_as_future_state=true agent.actor.losses.behavior_cloning.weight=0 agent.goal_set_distance.enabled=false interaction.exploration_eps=0 interaction.validation_seed=1000 interaction.test_seed=2000000 eval_steps=null save_steps=20000 keep_only_latest_checkpoint=false save_replay_buffer=true save_final_replay_buffer=true
official_qrl_1q_GO-QRL+Min4+LN+RMSG-M_200k_20kckpt_val1000_test1000_fetchreach_online_s1000	online	FetchReach	1000	200000	4.4m	env.kind=gcrl +go_qrl_model_size=m agent.actor.losses.min_dist.latent_goal_steps=4 agent.actor.losses.min_dist.latent_goal_keep_best=true agent.actor.losses.min_dist.latent_goal_lr=0.01 agent.actor.losses.min_dist.latent_goal_search=direct agent.quasimetric_critic.model.encoder.branch_normalization=layernorm agent.actor.losses.min_dist.latent_goal_mode=min agent.actor.losses.min_dist.latent_goal_optim=rmsg interaction.num_eval_episodes=1000 interaction.num_test_episodes=1000 agent.actor.losses.min_dist.adaptive_entropy_regularizer=true agent.actor.losses.min_dist.entropy_mc_samples=100 agent.actor.losses.min_dist.add_goal_as_future_state=true agent.actor.losses.behavior_cloning.weight=0 agent.goal_set_distance.enabled=false interaction.exploration_eps=0 interaction.validation_seed=1000 interaction.test_seed=2000000 eval_steps=null save_steps=20000 keep_only_latest_checkpoint=false save_replay_buffer=true save_final_replay_buffer=true
official_qrl_1q_GO-QRL+Min4+LN+RMSG-M_200k_20kckpt_val1000_test1000_fetchreach_online_s1001	online	FetchReach	1001	200000	4.4m	env.kind=gcrl +go_qrl_model_size=m agent.actor.losses.min_dist.latent_goal_steps=4 agent.actor.losses.min_dist.latent_goal_keep_best=true agent.actor.losses.min_dist.latent_goal_lr=0.01 agent.actor.losses.min_dist.latent_goal_search=direct agent.quasimetric_critic.model.encoder.branch_normalization=layernorm agent.actor.losses.min_dist.latent_goal_mode=min agent.actor.losses.min_dist.latent_goal_optim=rmsg interaction.num_eval_episodes=1000 interaction.num_test_episodes=1000 agent.actor.losses.min_dist.adaptive_entropy_regularizer=true agent.actor.losses.min_dist.entropy_mc_samples=100 agent.actor.losses.min_dist.add_goal_as_future_state=true agent.actor.losses.behavior_cloning.weight=0 agent.goal_set_distance.enabled=false interaction.exploration_eps=0 interaction.validation_seed=1000 interaction.test_seed=2000000 eval_steps=null save_steps=20000 keep_only_latest_checkpoint=false save_replay_buffer=true save_final_replay_buffer=true
official_qrl_1q_GO-QRL+Min4+LN+RMSG-M_200k_20kckpt_val1000_test1000_fetchreach_online_s1002	online	FetchReach	1002	200000	4.4m	env.kind=gcrl +go_qrl_model_size=m agent.actor.losses.min_dist.latent_goal_steps=4 agent.actor.losses.min_dist.latent_goal_keep_best=true agent.actor.losses.min_dist.latent_goal_lr=0.01 agent.actor.losses.min_dist.latent_goal_search=direct agent.quasimetric_critic.model.encoder.branch_normalization=layernorm agent.actor.losses.min_dist.latent_goal_mode=min agent.actor.losses.min_dist.latent_goal_optim=rmsg interaction.num_eval_episodes=1000 interaction.num_test_episodes=1000 agent.actor.losses.min_dist.adaptive_entropy_regularizer=true agent.actor.losses.min_dist.entropy_mc_samples=100 agent.actor.losses.min_dist.add_goal_as_future_state=true agent.actor.losses.behavior_cloning.weight=0 agent.goal_set_distance.enabled=false interaction.exploration_eps=0 interaction.validation_seed=1000 interaction.test_seed=2000000 eval_steps=null save_steps=20000 keep_only_latest_checkpoint=false save_replay_buffer=true save_final_replay_buffer=true
official_qrl_1q_GO-QRL+Min4+LN+RMSG-M_200k_20kckpt_val1000_test1000_fetchreach_online_s1003	online	FetchReach	1003	200000	4.4m	env.kind=gcrl +go_qrl_model_size=m agent.actor.losses.min_dist.latent_goal_steps=4 agent.actor.losses.min_dist.latent_goal_keep_best=true agent.actor.losses.min_dist.latent_goal_lr=0.01 agent.actor.losses.min_dist.latent_goal_search=direct agent.quasimetric_critic.model.encoder.branch_normalization=layernorm agent.actor.losses.min_dist.latent_goal_mode=min agent.actor.losses.min_dist.latent_goal_optim=rmsg interaction.num_eval_episodes=1000 interaction.num_test_episodes=1000 agent.actor.losses.min_dist.adaptive_entropy_regularizer=true agent.actor.losses.min_dist.entropy_mc_samples=100 agent.actor.losses.min_dist.add_goal_as_future_state=true agent.actor.losses.behavior_cloning.weight=0 agent.goal_set_distance.enabled=false interaction.exploration_eps=0 interaction.validation_seed=1000 interaction.test_seed=2000000 eval_steps=null save_steps=20000 keep_only_latest_checkpoint=false save_replay_buffer=true save_final_replay_buffer=true
official_qrl_1q_GO-QRL+Min4+LN+RMSG-M_200k_20kckpt_val1000_test1000_fetchreach_online_s1004	online	FetchReach	1004	200000	4.4m	env.kind=gcrl +go_qrl_model_size=m agent.actor.losses.min_dist.latent_goal_steps=4 agent.actor.losses.min_dist.latent_goal_keep_best=true agent.actor.losses.min_dist.latent_goal_lr=0.01 agent.actor.losses.min_dist.latent_goal_search=direct agent.quasimetric_critic.model.encoder.branch_normalization=layernorm agent.actor.losses.min_dist.latent_goal_mode=min agent.actor.losses.min_dist.latent_goal_optim=rmsg interaction.num_eval_episodes=1000 interaction.num_test_episodes=1000 agent.actor.losses.min_dist.adaptive_entropy_regularizer=true agent.actor.losses.min_dist.entropy_mc_samples=100 agent.actor.losses.min_dist.add_goal_as_future_state=true agent.actor.losses.behavior_cloning.weight=0 agent.goal_set_distance.enabled=false interaction.exploration_eps=0 interaction.validation_seed=1000 interaction.test_seed=2000000 eval_steps=null save_steps=20000 keep_only_latest_checkpoint=false save_replay_buffer=true save_final_replay_buffer=true
official_qrl_1q_Base-M_200k_20kckpt_val200_test200_fetchpush_online_s1000	online	FetchPush	1000	200000	4.2m	env.kind=gcrl +qrl_model_size=m interaction.num_eval_episodes=200 interaction.num_test_episodes=200 agent.actor.losses.min_dist.adaptive_entropy_regularizer=true agent.actor.losses.min_dist.entropy_mc_samples=100 agent.actor.losses.min_dist.add_goal_as_future_state=true agent.actor.losses.behavior_cloning.weight=0 agent.goal_set_distance.enabled=false interaction.exploration_eps=0 interaction.validation_seed=1000 interaction.test_seed=2000000 eval_steps=null save_steps=20000 keep_only_latest_checkpoint=false save_replay_buffer=true save_final_replay_buffer=true
official_qrl_1q_Base-M_200k_20kckpt_val200_test200_fetchpush_online_s1001	online	FetchPush	1001	200000	4.2m	env.kind=gcrl +qrl_model_size=m interaction.num_eval_episodes=200 interaction.num_test_episodes=200 agent.actor.losses.min_dist.adaptive_entropy_regularizer=true agent.actor.losses.min_dist.entropy_mc_samples=100 agent.actor.losses.min_dist.add_goal_as_future_state=true agent.actor.losses.behavior_cloning.weight=0 agent.goal_set_distance.enabled=false interaction.exploration_eps=0 interaction.validation_seed=1000 interaction.test_seed=2000000 eval_steps=null save_steps=20000 keep_only_latest_checkpoint=false save_replay_buffer=true save_final_replay_buffer=true
official_qrl_1q_Base-M_200k_20kckpt_val200_test200_fetchpush_online_s1002	online	FetchPush	1002	200000	4.2m	env.kind=gcrl +qrl_model_size=m interaction.num_eval_episodes=200 interaction.num_test_episodes=200 agent.actor.losses.min_dist.adaptive_entropy_regularizer=true agent.actor.losses.min_dist.entropy_mc_samples=100 agent.actor.losses.min_dist.add_goal_as_future_state=true agent.actor.losses.behavior_cloning.weight=0 agent.goal_set_distance.enabled=false interaction.exploration_eps=0 interaction.validation_seed=1000 interaction.test_seed=2000000 eval_steps=null save_steps=20000 keep_only_latest_checkpoint=false save_replay_buffer=true save_final_replay_buffer=true
official_qrl_1q_Base-M_200k_20kckpt_val200_test200_fetchpush_online_s1003	online	FetchPush	1003	200000	4.2m	env.kind=gcrl +qrl_model_size=m interaction.num_eval_episodes=200 interaction.num_test_episodes=200 agent.actor.losses.min_dist.adaptive_entropy_regularizer=true agent.actor.losses.min_dist.entropy_mc_samples=100 agent.actor.losses.min_dist.add_goal_as_future_state=true agent.actor.losses.behavior_cloning.weight=0 agent.goal_set_distance.enabled=false interaction.exploration_eps=0 interaction.validation_seed=1000 interaction.test_seed=2000000 eval_steps=null save_steps=20000 keep_only_latest_checkpoint=false save_replay_buffer=true save_final_replay_buffer=true
official_qrl_1q_Base-M_200k_20kckpt_val200_test200_fetchpush_online_s1004	online	FetchPush	1004	200000	4.2m	env.kind=gcrl +qrl_model_size=m interaction.num_eval_episodes=200 interaction.num_test_episodes=200 agent.actor.losses.min_dist.adaptive_entropy_regularizer=true agent.actor.losses.min_dist.entropy_mc_samples=100 agent.actor.losses.min_dist.add_goal_as_future_state=true agent.actor.losses.behavior_cloning.weight=0 agent.goal_set_distance.enabled=false interaction.exploration_eps=0 interaction.validation_seed=1000 interaction.test_seed=2000000 eval_steps=null save_steps=20000 keep_only_latest_checkpoint=false save_replay_buffer=true save_final_replay_buffer=true
official_qrl_1q_GO-QRL+Max4-M_200k_20kckpt_val200_test200_fetchpush_online_s1000	online	FetchPush	1000	200000	4.4m	env.kind=gcrl +go_qrl_model_size=m agent.actor.losses.min_dist.latent_goal_steps=4 agent.actor.losses.min_dist.latent_goal_keep_best=true agent.actor.losses.min_dist.latent_goal_lr=0.01 agent.actor.losses.min_dist.latent_goal_search=direct agent.quasimetric_critic.model.encoder.branch_normalization=none agent.actor.losses.min_dist.latent_goal_mode=max agent.actor.losses.min_dist.latent_goal_optim=sgd interaction.num_eval_episodes=200 interaction.num_test_episodes=200 agent.actor.losses.min_dist.adaptive_entropy_regularizer=true agent.actor.losses.min_dist.entropy_mc_samples=100 agent.actor.losses.min_dist.add_goal_as_future_state=true agent.actor.losses.behavior_cloning.weight=0 agent.goal_set_distance.enabled=false interaction.exploration_eps=0 interaction.validation_seed=1000 interaction.test_seed=2000000 eval_steps=null save_steps=20000 keep_only_latest_checkpoint=false save_replay_buffer=true save_final_replay_buffer=true
official_qrl_1q_GO-QRL+Max4-M_200k_20kckpt_val200_test200_fetchpush_online_s1001	online	FetchPush	1001	200000	4.4m	env.kind=gcrl +go_qrl_model_size=m agent.actor.losses.min_dist.latent_goal_steps=4 agent.actor.losses.min_dist.latent_goal_keep_best=true agent.actor.losses.min_dist.latent_goal_lr=0.01 agent.actor.losses.min_dist.latent_goal_search=direct agent.quasimetric_critic.model.encoder.branch_normalization=none agent.actor.losses.min_dist.latent_goal_mode=max agent.actor.losses.min_dist.latent_goal_optim=sgd interaction.num_eval_episodes=200 interaction.num_test_episodes=200 agent.actor.losses.min_dist.adaptive_entropy_regularizer=true agent.actor.losses.min_dist.entropy_mc_samples=100 agent.actor.losses.min_dist.add_goal_as_future_state=true agent.actor.losses.behavior_cloning.weight=0 agent.goal_set_distance.enabled=false interaction.exploration_eps=0 interaction.validation_seed=1000 interaction.test_seed=2000000 eval_steps=null save_steps=20000 keep_only_latest_checkpoint=false save_replay_buffer=true save_final_replay_buffer=true
official_qrl_1q_GO-QRL+Max4-M_200k_20kckpt_val200_test200_fetchpush_online_s1002	online	FetchPush	1002	200000	4.4m	env.kind=gcrl +go_qrl_model_size=m agent.actor.losses.min_dist.latent_goal_steps=4 agent.actor.losses.min_dist.latent_goal_keep_best=true agent.actor.losses.min_dist.latent_goal_lr=0.01 agent.actor.losses.min_dist.latent_goal_search=direct agent.quasimetric_critic.model.encoder.branch_normalization=none agent.actor.losses.min_dist.latent_goal_mode=max agent.actor.losses.min_dist.latent_goal_optim=sgd interaction.num_eval_episodes=200 interaction.num_test_episodes=200 agent.actor.losses.min_dist.adaptive_entropy_regularizer=true agent.actor.losses.min_dist.entropy_mc_samples=100 agent.actor.losses.min_dist.add_goal_as_future_state=true agent.actor.losses.behavior_cloning.weight=0 agent.goal_set_distance.enabled=false interaction.exploration_eps=0 interaction.validation_seed=1000 interaction.test_seed=2000000 eval_steps=null save_steps=20000 keep_only_latest_checkpoint=false save_replay_buffer=true save_final_replay_buffer=true
official_qrl_1q_GO-QRL+Max4-M_200k_20kckpt_val200_test200_fetchpush_online_s1003	online	FetchPush	1003	200000	4.4m	env.kind=gcrl +go_qrl_model_size=m agent.actor.losses.min_dist.latent_goal_steps=4 agent.actor.losses.min_dist.latent_goal_keep_best=true agent.actor.losses.min_dist.latent_goal_lr=0.01 agent.actor.losses.min_dist.latent_goal_search=direct agent.quasimetric_critic.model.encoder.branch_normalization=none agent.actor.losses.min_dist.latent_goal_mode=max agent.actor.losses.min_dist.latent_goal_optim=sgd interaction.num_eval_episodes=200 interaction.num_test_episodes=200 agent.actor.losses.min_dist.adaptive_entropy_regularizer=true agent.actor.losses.min_dist.entropy_mc_samples=100 agent.actor.losses.min_dist.add_goal_as_future_state=true agent.actor.losses.behavior_cloning.weight=0 agent.goal_set_distance.enabled=false interaction.exploration_eps=0 interaction.validation_seed=1000 interaction.test_seed=2000000 eval_steps=null save_steps=20000 keep_only_latest_checkpoint=false save_replay_buffer=true save_final_replay_buffer=true
official_qrl_1q_GO-QRL+Max4-M_200k_20kckpt_val200_test200_fetchpush_online_s1004	online	FetchPush	1004	200000	4.4m	env.kind=gcrl +go_qrl_model_size=m agent.actor.losses.min_dist.latent_goal_steps=4 agent.actor.losses.min_dist.latent_goal_keep_best=true agent.actor.losses.min_dist.latent_goal_lr=0.01 agent.actor.losses.min_dist.latent_goal_search=direct agent.quasimetric_critic.model.encoder.branch_normalization=none agent.actor.losses.min_dist.latent_goal_mode=max agent.actor.losses.min_dist.latent_goal_optim=sgd interaction.num_eval_episodes=200 interaction.num_test_episodes=200 agent.actor.losses.min_dist.adaptive_entropy_regularizer=true agent.actor.losses.min_dist.entropy_mc_samples=100 agent.actor.losses.min_dist.add_goal_as_future_state=true agent.actor.losses.behavior_cloning.weight=0 agent.goal_set_distance.enabled=false interaction.exploration_eps=0 interaction.validation_seed=1000 interaction.test_seed=2000000 eval_steps=null save_steps=20000 keep_only_latest_checkpoint=false save_replay_buffer=true save_final_replay_buffer=true
official_qrl_1q_GO-QRL+Min4-M_200k_20kckpt_val200_test200_fetchpush_online_s1000	online	FetchPush	1000	200000	4.4m	env.kind=gcrl +go_qrl_model_size=m agent.actor.losses.min_dist.latent_goal_steps=4 agent.actor.losses.min_dist.latent_goal_keep_best=true agent.actor.losses.min_dist.latent_goal_lr=0.01 agent.actor.losses.min_dist.latent_goal_search=direct agent.quasimetric_critic.model.encoder.branch_normalization=none agent.actor.losses.min_dist.latent_goal_mode=min agent.actor.losses.min_dist.latent_goal_optim=sgd interaction.num_eval_episodes=200 interaction.num_test_episodes=200 agent.actor.losses.min_dist.adaptive_entropy_regularizer=true agent.actor.losses.min_dist.entropy_mc_samples=100 agent.actor.losses.min_dist.add_goal_as_future_state=true agent.actor.losses.behavior_cloning.weight=0 agent.goal_set_distance.enabled=false interaction.exploration_eps=0 interaction.validation_seed=1000 interaction.test_seed=2000000 eval_steps=null save_steps=20000 keep_only_latest_checkpoint=false save_replay_buffer=true save_final_replay_buffer=true
official_qrl_1q_GO-QRL+Min4-M_200k_20kckpt_val200_test200_fetchpush_online_s1001	online	FetchPush	1001	200000	4.4m	env.kind=gcrl +go_qrl_model_size=m agent.actor.losses.min_dist.latent_goal_steps=4 agent.actor.losses.min_dist.latent_goal_keep_best=true agent.actor.losses.min_dist.latent_goal_lr=0.01 agent.actor.losses.min_dist.latent_goal_search=direct agent.quasimetric_critic.model.encoder.branch_normalization=none agent.actor.losses.min_dist.latent_goal_mode=min agent.actor.losses.min_dist.latent_goal_optim=sgd interaction.num_eval_episodes=200 interaction.num_test_episodes=200 agent.actor.losses.min_dist.adaptive_entropy_regularizer=true agent.actor.losses.min_dist.entropy_mc_samples=100 agent.actor.losses.min_dist.add_goal_as_future_state=true agent.actor.losses.behavior_cloning.weight=0 agent.goal_set_distance.enabled=false interaction.exploration_eps=0 interaction.validation_seed=1000 interaction.test_seed=2000000 eval_steps=null save_steps=20000 keep_only_latest_checkpoint=false save_replay_buffer=true save_final_replay_buffer=true
official_qrl_1q_GO-QRL+Min4-M_200k_20kckpt_val200_test200_fetchpush_online_s1002	online	FetchPush	1002	200000	4.4m	env.kind=gcrl +go_qrl_model_size=m agent.actor.losses.min_dist.latent_goal_steps=4 agent.actor.losses.min_dist.latent_goal_keep_best=true agent.actor.losses.min_dist.latent_goal_lr=0.01 agent.actor.losses.min_dist.latent_goal_search=direct agent.quasimetric_critic.model.encoder.branch_normalization=none agent.actor.losses.min_dist.latent_goal_mode=min agent.actor.losses.min_dist.latent_goal_optim=sgd interaction.num_eval_episodes=200 interaction.num_test_episodes=200 agent.actor.losses.min_dist.adaptive_entropy_regularizer=true agent.actor.losses.min_dist.entropy_mc_samples=100 agent.actor.losses.min_dist.add_goal_as_future_state=true agent.actor.losses.behavior_cloning.weight=0 agent.goal_set_distance.enabled=false interaction.exploration_eps=0 interaction.validation_seed=1000 interaction.test_seed=2000000 eval_steps=null save_steps=20000 keep_only_latest_checkpoint=false save_replay_buffer=true save_final_replay_buffer=true
official_qrl_1q_GO-QRL+Min4-M_200k_20kckpt_val200_test200_fetchpush_online_s1003	online	FetchPush	1003	200000	4.4m	env.kind=gcrl +go_qrl_model_size=m agent.actor.losses.min_dist.latent_goal_steps=4 agent.actor.losses.min_dist.latent_goal_keep_best=true agent.actor.losses.min_dist.latent_goal_lr=0.01 agent.actor.losses.min_dist.latent_goal_search=direct agent.quasimetric_critic.model.encoder.branch_normalization=none agent.actor.losses.min_dist.latent_goal_mode=min agent.actor.losses.min_dist.latent_goal_optim=sgd interaction.num_eval_episodes=200 interaction.num_test_episodes=200 agent.actor.losses.min_dist.adaptive_entropy_regularizer=true agent.actor.losses.min_dist.entropy_mc_samples=100 agent.actor.losses.min_dist.add_goal_as_future_state=true agent.actor.losses.behavior_cloning.weight=0 agent.goal_set_distance.enabled=false interaction.exploration_eps=0 interaction.validation_seed=1000 interaction.test_seed=2000000 eval_steps=null save_steps=20000 keep_only_latest_checkpoint=false save_replay_buffer=true save_final_replay_buffer=true
official_qrl_1q_GO-QRL+Min4-M_200k_20kckpt_val200_test200_fetchpush_online_s1004	online	FetchPush	1004	200000	4.4m	env.kind=gcrl +go_qrl_model_size=m agent.actor.losses.min_dist.latent_goal_steps=4 agent.actor.losses.min_dist.latent_goal_keep_best=true agent.actor.losses.min_dist.latent_goal_lr=0.01 agent.actor.losses.min_dist.latent_goal_search=direct agent.quasimetric_critic.model.encoder.branch_normalization=none agent.actor.losses.min_dist.latent_goal_mode=min agent.actor.losses.min_dist.latent_goal_optim=sgd interaction.num_eval_episodes=200 interaction.num_test_episodes=200 agent.actor.losses.min_dist.adaptive_entropy_regularizer=true agent.actor.losses.min_dist.entropy_mc_samples=100 agent.actor.losses.min_dist.add_goal_as_future_state=true agent.actor.losses.behavior_cloning.weight=0 agent.goal_set_distance.enabled=false interaction.exploration_eps=0 interaction.validation_seed=1000 interaction.test_seed=2000000 eval_steps=null save_steps=20000 keep_only_latest_checkpoint=false save_replay_buffer=true save_final_replay_buffer=true
official_qrl_1q_GO-QRL+Max4+LN+RMSG-M_200k_20kckpt_val200_test200_fetchpush_online_s1000	online	FetchPush	1000	200000	4.4m	env.kind=gcrl +go_qrl_model_size=m agent.actor.losses.min_dist.latent_goal_steps=4 agent.actor.losses.min_dist.latent_goal_keep_best=true agent.actor.losses.min_dist.latent_goal_lr=0.01 agent.actor.losses.min_dist.latent_goal_search=direct agent.quasimetric_critic.model.encoder.branch_normalization=layernorm agent.actor.losses.min_dist.latent_goal_mode=max agent.actor.losses.min_dist.latent_goal_optim=rmsg interaction.num_eval_episodes=200 interaction.num_test_episodes=200 agent.actor.losses.min_dist.adaptive_entropy_regularizer=true agent.actor.losses.min_dist.entropy_mc_samples=100 agent.actor.losses.min_dist.add_goal_as_future_state=true agent.actor.losses.behavior_cloning.weight=0 agent.goal_set_distance.enabled=false interaction.exploration_eps=0 interaction.validation_seed=1000 interaction.test_seed=2000000 eval_steps=null save_steps=20000 keep_only_latest_checkpoint=false save_replay_buffer=true save_final_replay_buffer=true
official_qrl_1q_GO-QRL+Max4+LN+RMSG-M_200k_20kckpt_val200_test200_fetchpush_online_s1001	online	FetchPush	1001	200000	4.4m	env.kind=gcrl +go_qrl_model_size=m agent.actor.losses.min_dist.latent_goal_steps=4 agent.actor.losses.min_dist.latent_goal_keep_best=true agent.actor.losses.min_dist.latent_goal_lr=0.01 agent.actor.losses.min_dist.latent_goal_search=direct agent.quasimetric_critic.model.encoder.branch_normalization=layernorm agent.actor.losses.min_dist.latent_goal_mode=max agent.actor.losses.min_dist.latent_goal_optim=rmsg interaction.num_eval_episodes=200 interaction.num_test_episodes=200 agent.actor.losses.min_dist.adaptive_entropy_regularizer=true agent.actor.losses.min_dist.entropy_mc_samples=100 agent.actor.losses.min_dist.add_goal_as_future_state=true agent.actor.losses.behavior_cloning.weight=0 agent.goal_set_distance.enabled=false interaction.exploration_eps=0 interaction.validation_seed=1000 interaction.test_seed=2000000 eval_steps=null save_steps=20000 keep_only_latest_checkpoint=false save_replay_buffer=true save_final_replay_buffer=true
official_qrl_1q_GO-QRL+Max4+LN+RMSG-M_200k_20kckpt_val200_test200_fetchpush_online_s1002	online	FetchPush	1002	200000	4.4m	env.kind=gcrl +go_qrl_model_size=m agent.actor.losses.min_dist.latent_goal_steps=4 agent.actor.losses.min_dist.latent_goal_keep_best=true agent.actor.losses.min_dist.latent_goal_lr=0.01 agent.actor.losses.min_dist.latent_goal_search=direct agent.quasimetric_critic.model.encoder.branch_normalization=layernorm agent.actor.losses.min_dist.latent_goal_mode=max agent.actor.losses.min_dist.latent_goal_optim=rmsg interaction.num_eval_episodes=200 interaction.num_test_episodes=200 agent.actor.losses.min_dist.adaptive_entropy_regularizer=true agent.actor.losses.min_dist.entropy_mc_samples=100 agent.actor.losses.min_dist.add_goal_as_future_state=true agent.actor.losses.behavior_cloning.weight=0 agent.goal_set_distance.enabled=false interaction.exploration_eps=0 interaction.validation_seed=1000 interaction.test_seed=2000000 eval_steps=null save_steps=20000 keep_only_latest_checkpoint=false save_replay_buffer=true save_final_replay_buffer=true
official_qrl_1q_GO-QRL+Max4+LN+RMSG-M_200k_20kckpt_val200_test200_fetchpush_online_s1003	online	FetchPush	1003	200000	4.4m	env.kind=gcrl +go_qrl_model_size=m agent.actor.losses.min_dist.latent_goal_steps=4 agent.actor.losses.min_dist.latent_goal_keep_best=true agent.actor.losses.min_dist.latent_goal_lr=0.01 agent.actor.losses.min_dist.latent_goal_search=direct agent.quasimetric_critic.model.encoder.branch_normalization=layernorm agent.actor.losses.min_dist.latent_goal_mode=max agent.actor.losses.min_dist.latent_goal_optim=rmsg interaction.num_eval_episodes=200 interaction.num_test_episodes=200 agent.actor.losses.min_dist.adaptive_entropy_regularizer=true agent.actor.losses.min_dist.entropy_mc_samples=100 agent.actor.losses.min_dist.add_goal_as_future_state=true agent.actor.losses.behavior_cloning.weight=0 agent.goal_set_distance.enabled=false interaction.exploration_eps=0 interaction.validation_seed=1000 interaction.test_seed=2000000 eval_steps=null save_steps=20000 keep_only_latest_checkpoint=false save_replay_buffer=true save_final_replay_buffer=true
official_qrl_1q_GO-QRL+Max4+LN+RMSG-M_200k_20kckpt_val200_test200_fetchpush_online_s1004	online	FetchPush	1004	200000	4.4m	env.kind=gcrl +go_qrl_model_size=m agent.actor.losses.min_dist.latent_goal_steps=4 agent.actor.losses.min_dist.latent_goal_keep_best=true agent.actor.losses.min_dist.latent_goal_lr=0.01 agent.actor.losses.min_dist.latent_goal_search=direct agent.quasimetric_critic.model.encoder.branch_normalization=layernorm agent.actor.losses.min_dist.latent_goal_mode=max agent.actor.losses.min_dist.latent_goal_optim=rmsg interaction.num_eval_episodes=200 interaction.num_test_episodes=200 agent.actor.losses.min_dist.adaptive_entropy_regularizer=true agent.actor.losses.min_dist.entropy_mc_samples=100 agent.actor.losses.min_dist.add_goal_as_future_state=true agent.actor.losses.behavior_cloning.weight=0 agent.goal_set_distance.enabled=false interaction.exploration_eps=0 interaction.validation_seed=1000 interaction.test_seed=2000000 eval_steps=null save_steps=20000 keep_only_latest_checkpoint=false save_replay_buffer=true save_final_replay_buffer=true
official_qrl_1q_GO-QRL+Min4+LN+RMSG-M_200k_20kckpt_val200_test200_fetchpush_online_s1000	online	FetchPush	1000	200000	4.4m	env.kind=gcrl +go_qrl_model_size=m agent.actor.losses.min_dist.latent_goal_steps=4 agent.actor.losses.min_dist.latent_goal_keep_best=true agent.actor.losses.min_dist.latent_goal_lr=0.01 agent.actor.losses.min_dist.latent_goal_search=direct agent.quasimetric_critic.model.encoder.branch_normalization=layernorm agent.actor.losses.min_dist.latent_goal_mode=min agent.actor.losses.min_dist.latent_goal_optim=rmsg interaction.num_eval_episodes=200 interaction.num_test_episodes=200 agent.actor.losses.min_dist.adaptive_entropy_regularizer=true agent.actor.losses.min_dist.entropy_mc_samples=100 agent.actor.losses.min_dist.add_goal_as_future_state=true agent.actor.losses.behavior_cloning.weight=0 agent.goal_set_distance.enabled=false interaction.exploration_eps=0 interaction.validation_seed=1000 interaction.test_seed=2000000 eval_steps=null save_steps=20000 keep_only_latest_checkpoint=false save_replay_buffer=true save_final_replay_buffer=true
official_qrl_1q_GO-QRL+Min4+LN+RMSG-M_200k_20kckpt_val200_test200_fetchpush_online_s1001	online	FetchPush	1001	200000	4.4m	env.kind=gcrl +go_qrl_model_size=m agent.actor.losses.min_dist.latent_goal_steps=4 agent.actor.losses.min_dist.latent_goal_keep_best=true agent.actor.losses.min_dist.latent_goal_lr=0.01 agent.actor.losses.min_dist.latent_goal_search=direct agent.quasimetric_critic.model.encoder.branch_normalization=layernorm agent.actor.losses.min_dist.latent_goal_mode=min agent.actor.losses.min_dist.latent_goal_optim=rmsg interaction.num_eval_episodes=200 interaction.num_test_episodes=200 agent.actor.losses.min_dist.adaptive_entropy_regularizer=true agent.actor.losses.min_dist.entropy_mc_samples=100 agent.actor.losses.min_dist.add_goal_as_future_state=true agent.actor.losses.behavior_cloning.weight=0 agent.goal_set_distance.enabled=false interaction.exploration_eps=0 interaction.validation_seed=1000 interaction.test_seed=2000000 eval_steps=null save_steps=20000 keep_only_latest_checkpoint=false save_replay_buffer=true save_final_replay_buffer=true
official_qrl_1q_GO-QRL+Min4+LN+RMSG-M_200k_20kckpt_val200_test200_fetchpush_online_s1002	online	FetchPush	1002	200000	4.4m	env.kind=gcrl +go_qrl_model_size=m agent.actor.losses.min_dist.latent_goal_steps=4 agent.actor.losses.min_dist.latent_goal_keep_best=true agent.actor.losses.min_dist.latent_goal_lr=0.01 agent.actor.losses.min_dist.latent_goal_search=direct agent.quasimetric_critic.model.encoder.branch_normalization=layernorm agent.actor.losses.min_dist.latent_goal_mode=min agent.actor.losses.min_dist.latent_goal_optim=rmsg interaction.num_eval_episodes=200 interaction.num_test_episodes=200 agent.actor.losses.min_dist.adaptive_entropy_regularizer=true agent.actor.losses.min_dist.entropy_mc_samples=100 agent.actor.losses.min_dist.add_goal_as_future_state=true agent.actor.losses.behavior_cloning.weight=0 agent.goal_set_distance.enabled=false interaction.exploration_eps=0 interaction.validation_seed=1000 interaction.test_seed=2000000 eval_steps=null save_steps=20000 keep_only_latest_checkpoint=false save_replay_buffer=true save_final_replay_buffer=true
official_qrl_1q_GO-QRL+Min4+LN+RMSG-M_200k_20kckpt_val200_test200_fetchpush_online_s1003	online	FetchPush	1003	200000	4.4m	env.kind=gcrl +go_qrl_model_size=m agent.actor.losses.min_dist.latent_goal_steps=4 agent.actor.losses.min_dist.latent_goal_keep_best=true agent.actor.losses.min_dist.latent_goal_lr=0.01 agent.actor.losses.min_dist.latent_goal_search=direct agent.quasimetric_critic.model.encoder.branch_normalization=layernorm agent.actor.losses.min_dist.latent_goal_mode=min agent.actor.losses.min_dist.latent_goal_optim=rmsg interaction.num_eval_episodes=200 interaction.num_test_episodes=200 agent.actor.losses.min_dist.adaptive_entropy_regularizer=true agent.actor.losses.min_dist.entropy_mc_samples=100 agent.actor.losses.min_dist.add_goal_as_future_state=true agent.actor.losses.behavior_cloning.weight=0 agent.goal_set_distance.enabled=false interaction.exploration_eps=0 interaction.validation_seed=1000 interaction.test_seed=2000000 eval_steps=null save_steps=20000 keep_only_latest_checkpoint=false save_replay_buffer=true save_final_replay_buffer=true
official_qrl_1q_GO-QRL+Min4+LN+RMSG-M_200k_20kckpt_val200_test200_fetchpush_online_s1004	online	FetchPush	1004	200000	4.4m	env.kind=gcrl +go_qrl_model_size=m agent.actor.losses.min_dist.latent_goal_steps=4 agent.actor.losses.min_dist.latent_goal_keep_best=true agent.actor.losses.min_dist.latent_goal_lr=0.01 agent.actor.losses.min_dist.latent_goal_search=direct agent.quasimetric_critic.model.encoder.branch_normalization=layernorm agent.actor.losses.min_dist.latent_goal_mode=min agent.actor.losses.min_dist.latent_goal_optim=rmsg interaction.num_eval_episodes=200 interaction.num_test_episodes=200 agent.actor.losses.min_dist.adaptive_entropy_regularizer=true agent.actor.losses.min_dist.entropy_mc_samples=100 agent.actor.losses.min_dist.add_goal_as_future_state=true agent.actor.losses.behavior_cloning.weight=0 agent.goal_set_distance.enabled=false interaction.exploration_eps=0 interaction.validation_seed=1000 interaction.test_seed=2000000 eval_steps=null save_steps=20000 keep_only_latest_checkpoint=false save_replay_buffer=true save_final_replay_buffer=true
official_qrl_1q_Base-M_200k_20kckpt_val200_test200_fetchslide_online_s1000	online	FetchSlide	1000	200000	4.2m	env.kind=gcrl +qrl_model_size=m interaction.num_eval_episodes=200 interaction.num_test_episodes=200 agent.actor.losses.min_dist.adaptive_entropy_regularizer=true agent.actor.losses.min_dist.entropy_mc_samples=100 agent.actor.losses.min_dist.add_goal_as_future_state=true agent.actor.losses.behavior_cloning.weight=0 agent.goal_set_distance.enabled=false interaction.exploration_eps=0 interaction.validation_seed=1000 interaction.test_seed=2000000 eval_steps=null save_steps=20000 keep_only_latest_checkpoint=false save_replay_buffer=true save_final_replay_buffer=true
official_qrl_1q_Base-M_200k_20kckpt_val200_test200_fetchslide_online_s1001	online	FetchSlide	1001	200000	4.2m	env.kind=gcrl +qrl_model_size=m interaction.num_eval_episodes=200 interaction.num_test_episodes=200 agent.actor.losses.min_dist.adaptive_entropy_regularizer=true agent.actor.losses.min_dist.entropy_mc_samples=100 agent.actor.losses.min_dist.add_goal_as_future_state=true agent.actor.losses.behavior_cloning.weight=0 agent.goal_set_distance.enabled=false interaction.exploration_eps=0 interaction.validation_seed=1000 interaction.test_seed=2000000 eval_steps=null save_steps=20000 keep_only_latest_checkpoint=false save_replay_buffer=true save_final_replay_buffer=true
official_qrl_1q_Base-M_200k_20kckpt_val200_test200_fetchslide_online_s1002	online	FetchSlide	1002	200000	4.2m	env.kind=gcrl +qrl_model_size=m interaction.num_eval_episodes=200 interaction.num_test_episodes=200 agent.actor.losses.min_dist.adaptive_entropy_regularizer=true agent.actor.losses.min_dist.entropy_mc_samples=100 agent.actor.losses.min_dist.add_goal_as_future_state=true agent.actor.losses.behavior_cloning.weight=0 agent.goal_set_distance.enabled=false interaction.exploration_eps=0 interaction.validation_seed=1000 interaction.test_seed=2000000 eval_steps=null save_steps=20000 keep_only_latest_checkpoint=false save_replay_buffer=true save_final_replay_buffer=true
official_qrl_1q_Base-M_200k_20kckpt_val200_test200_fetchslide_online_s1003	online	FetchSlide	1003	200000	4.2m	env.kind=gcrl +qrl_model_size=m interaction.num_eval_episodes=200 interaction.num_test_episodes=200 agent.actor.losses.min_dist.adaptive_entropy_regularizer=true agent.actor.losses.min_dist.entropy_mc_samples=100 agent.actor.losses.min_dist.add_goal_as_future_state=true agent.actor.losses.behavior_cloning.weight=0 agent.goal_set_distance.enabled=false interaction.exploration_eps=0 interaction.validation_seed=1000 interaction.test_seed=2000000 eval_steps=null save_steps=20000 keep_only_latest_checkpoint=false save_replay_buffer=true save_final_replay_buffer=true
official_qrl_1q_Base-M_200k_20kckpt_val200_test200_fetchslide_online_s1004	online	FetchSlide	1004	200000	4.2m	env.kind=gcrl +qrl_model_size=m interaction.num_eval_episodes=200 interaction.num_test_episodes=200 agent.actor.losses.min_dist.adaptive_entropy_regularizer=true agent.actor.losses.min_dist.entropy_mc_samples=100 agent.actor.losses.min_dist.add_goal_as_future_state=true agent.actor.losses.behavior_cloning.weight=0 agent.goal_set_distance.enabled=false interaction.exploration_eps=0 interaction.validation_seed=1000 interaction.test_seed=2000000 eval_steps=null save_steps=20000 keep_only_latest_checkpoint=false save_replay_buffer=true save_final_replay_buffer=true
official_qrl_1q_GO-QRL+Max4-M_200k_20kckpt_val200_test200_fetchslide_online_s1000	online	FetchSlide	1000	200000	4.4m	env.kind=gcrl +go_qrl_model_size=m agent.actor.losses.min_dist.latent_goal_steps=4 agent.actor.losses.min_dist.latent_goal_keep_best=true agent.actor.losses.min_dist.latent_goal_lr=0.01 agent.actor.losses.min_dist.latent_goal_search=direct agent.quasimetric_critic.model.encoder.branch_normalization=none agent.actor.losses.min_dist.latent_goal_mode=max agent.actor.losses.min_dist.latent_goal_optim=sgd interaction.num_eval_episodes=200 interaction.num_test_episodes=200 agent.actor.losses.min_dist.adaptive_entropy_regularizer=true agent.actor.losses.min_dist.entropy_mc_samples=100 agent.actor.losses.min_dist.add_goal_as_future_state=true agent.actor.losses.behavior_cloning.weight=0 agent.goal_set_distance.enabled=false interaction.exploration_eps=0 interaction.validation_seed=1000 interaction.test_seed=2000000 eval_steps=null save_steps=20000 keep_only_latest_checkpoint=false save_replay_buffer=true save_final_replay_buffer=true
official_qrl_1q_GO-QRL+Max4-M_200k_20kckpt_val200_test200_fetchslide_online_s1001	online	FetchSlide	1001	200000	4.4m	env.kind=gcrl +go_qrl_model_size=m agent.actor.losses.min_dist.latent_goal_steps=4 agent.actor.losses.min_dist.latent_goal_keep_best=true agent.actor.losses.min_dist.latent_goal_lr=0.01 agent.actor.losses.min_dist.latent_goal_search=direct agent.quasimetric_critic.model.encoder.branch_normalization=none agent.actor.losses.min_dist.latent_goal_mode=max agent.actor.losses.min_dist.latent_goal_optim=sgd interaction.num_eval_episodes=200 interaction.num_test_episodes=200 agent.actor.losses.min_dist.adaptive_entropy_regularizer=true agent.actor.losses.min_dist.entropy_mc_samples=100 agent.actor.losses.min_dist.add_goal_as_future_state=true agent.actor.losses.behavior_cloning.weight=0 agent.goal_set_distance.enabled=false interaction.exploration_eps=0 interaction.validation_seed=1000 interaction.test_seed=2000000 eval_steps=null save_steps=20000 keep_only_latest_checkpoint=false save_replay_buffer=true save_final_replay_buffer=true
official_qrl_1q_GO-QRL+Max4-M_200k_20kckpt_val200_test200_fetchslide_online_s1002	online	FetchSlide	1002	200000	4.4m	env.kind=gcrl +go_qrl_model_size=m agent.actor.losses.min_dist.latent_goal_steps=4 agent.actor.losses.min_dist.latent_goal_keep_best=true agent.actor.losses.min_dist.latent_goal_lr=0.01 agent.actor.losses.min_dist.latent_goal_search=direct agent.quasimetric_critic.model.encoder.branch_normalization=none agent.actor.losses.min_dist.latent_goal_mode=max agent.actor.losses.min_dist.latent_goal_optim=sgd interaction.num_eval_episodes=200 interaction.num_test_episodes=200 agent.actor.losses.min_dist.adaptive_entropy_regularizer=true agent.actor.losses.min_dist.entropy_mc_samples=100 agent.actor.losses.min_dist.add_goal_as_future_state=true agent.actor.losses.behavior_cloning.weight=0 agent.goal_set_distance.enabled=false interaction.exploration_eps=0 interaction.validation_seed=1000 interaction.test_seed=2000000 eval_steps=null save_steps=20000 keep_only_latest_checkpoint=false save_replay_buffer=true save_final_replay_buffer=true
official_qrl_1q_GO-QRL+Max4-M_200k_20kckpt_val200_test200_fetchslide_online_s1003	online	FetchSlide	1003	200000	4.4m	env.kind=gcrl +go_qrl_model_size=m agent.actor.losses.min_dist.latent_goal_steps=4 agent.actor.losses.min_dist.latent_goal_keep_best=true agent.actor.losses.min_dist.latent_goal_lr=0.01 agent.actor.losses.min_dist.latent_goal_search=direct agent.quasimetric_critic.model.encoder.branch_normalization=none agent.actor.losses.min_dist.latent_goal_mode=max agent.actor.losses.min_dist.latent_goal_optim=sgd interaction.num_eval_episodes=200 interaction.num_test_episodes=200 agent.actor.losses.min_dist.adaptive_entropy_regularizer=true agent.actor.losses.min_dist.entropy_mc_samples=100 agent.actor.losses.min_dist.add_goal_as_future_state=true agent.actor.losses.behavior_cloning.weight=0 agent.goal_set_distance.enabled=false interaction.exploration_eps=0 interaction.validation_seed=1000 interaction.test_seed=2000000 eval_steps=null save_steps=20000 keep_only_latest_checkpoint=false save_replay_buffer=true save_final_replay_buffer=true
official_qrl_1q_GO-QRL+Max4-M_200k_20kckpt_val200_test200_fetchslide_online_s1004	online	FetchSlide	1004	200000	4.4m	env.kind=gcrl +go_qrl_model_size=m agent.actor.losses.min_dist.latent_goal_steps=4 agent.actor.losses.min_dist.latent_goal_keep_best=true agent.actor.losses.min_dist.latent_goal_lr=0.01 agent.actor.losses.min_dist.latent_goal_search=direct agent.quasimetric_critic.model.encoder.branch_normalization=none agent.actor.losses.min_dist.latent_goal_mode=max agent.actor.losses.min_dist.latent_goal_optim=sgd interaction.num_eval_episodes=200 interaction.num_test_episodes=200 agent.actor.losses.min_dist.adaptive_entropy_regularizer=true agent.actor.losses.min_dist.entropy_mc_samples=100 agent.actor.losses.min_dist.add_goal_as_future_state=true agent.actor.losses.behavior_cloning.weight=0 agent.goal_set_distance.enabled=false interaction.exploration_eps=0 interaction.validation_seed=1000 interaction.test_seed=2000000 eval_steps=null save_steps=20000 keep_only_latest_checkpoint=false save_replay_buffer=true save_final_replay_buffer=true
official_qrl_1q_GO-QRL+Min4-M_200k_20kckpt_val200_test200_fetchslide_online_s1000	online	FetchSlide	1000	200000	4.4m	env.kind=gcrl +go_qrl_model_size=m agent.actor.losses.min_dist.latent_goal_steps=4 agent.actor.losses.min_dist.latent_goal_keep_best=true agent.actor.losses.min_dist.latent_goal_lr=0.01 agent.actor.losses.min_dist.latent_goal_search=direct agent.quasimetric_critic.model.encoder.branch_normalization=none agent.actor.losses.min_dist.latent_goal_mode=min agent.actor.losses.min_dist.latent_goal_optim=sgd interaction.num_eval_episodes=200 interaction.num_test_episodes=200 agent.actor.losses.min_dist.adaptive_entropy_regularizer=true agent.actor.losses.min_dist.entropy_mc_samples=100 agent.actor.losses.min_dist.add_goal_as_future_state=true agent.actor.losses.behavior_cloning.weight=0 agent.goal_set_distance.enabled=false interaction.exploration_eps=0 interaction.validation_seed=1000 interaction.test_seed=2000000 eval_steps=null save_steps=20000 keep_only_latest_checkpoint=false save_replay_buffer=true save_final_replay_buffer=true
official_qrl_1q_GO-QRL+Min4-M_200k_20kckpt_val200_test200_fetchslide_online_s1001	online	FetchSlide	1001	200000	4.4m	env.kind=gcrl +go_qrl_model_size=m agent.actor.losses.min_dist.latent_goal_steps=4 agent.actor.losses.min_dist.latent_goal_keep_best=true agent.actor.losses.min_dist.latent_goal_lr=0.01 agent.actor.losses.min_dist.latent_goal_search=direct agent.quasimetric_critic.model.encoder.branch_normalization=none agent.actor.losses.min_dist.latent_goal_mode=min agent.actor.losses.min_dist.latent_goal_optim=sgd interaction.num_eval_episodes=200 interaction.num_test_episodes=200 agent.actor.losses.min_dist.adaptive_entropy_regularizer=true agent.actor.losses.min_dist.entropy_mc_samples=100 agent.actor.losses.min_dist.add_goal_as_future_state=true agent.actor.losses.behavior_cloning.weight=0 agent.goal_set_distance.enabled=false interaction.exploration_eps=0 interaction.validation_seed=1000 interaction.test_seed=2000000 eval_steps=null save_steps=20000 keep_only_latest_checkpoint=false save_replay_buffer=true save_final_replay_buffer=true
official_qrl_1q_GO-QRL+Min4-M_200k_20kckpt_val200_test200_fetchslide_online_s1002	online	FetchSlide	1002	200000	4.4m	env.kind=gcrl +go_qrl_model_size=m agent.actor.losses.min_dist.latent_goal_steps=4 agent.actor.losses.min_dist.latent_goal_keep_best=true agent.actor.losses.min_dist.latent_goal_lr=0.01 agent.actor.losses.min_dist.latent_goal_search=direct agent.quasimetric_critic.model.encoder.branch_normalization=none agent.actor.losses.min_dist.latent_goal_mode=min agent.actor.losses.min_dist.latent_goal_optim=sgd interaction.num_eval_episodes=200 interaction.num_test_episodes=200 agent.actor.losses.min_dist.adaptive_entropy_regularizer=true agent.actor.losses.min_dist.entropy_mc_samples=100 agent.actor.losses.min_dist.add_goal_as_future_state=true agent.actor.losses.behavior_cloning.weight=0 agent.goal_set_distance.enabled=false interaction.exploration_eps=0 interaction.validation_seed=1000 interaction.test_seed=2000000 eval_steps=null save_steps=20000 keep_only_latest_checkpoint=false save_replay_buffer=true save_final_replay_buffer=true
official_qrl_1q_GO-QRL+Min4-M_200k_20kckpt_val200_test200_fetchslide_online_s1003	online	FetchSlide	1003	200000	4.4m	env.kind=gcrl +go_qrl_model_size=m agent.actor.losses.min_dist.latent_goal_steps=4 agent.actor.losses.min_dist.latent_goal_keep_best=true agent.actor.losses.min_dist.latent_goal_lr=0.01 agent.actor.losses.min_dist.latent_goal_search=direct agent.quasimetric_critic.model.encoder.branch_normalization=none agent.actor.losses.min_dist.latent_goal_mode=min agent.actor.losses.min_dist.latent_goal_optim=sgd interaction.num_eval_episodes=200 interaction.num_test_episodes=200 agent.actor.losses.min_dist.adaptive_entropy_regularizer=true agent.actor.losses.min_dist.entropy_mc_samples=100 agent.actor.losses.min_dist.add_goal_as_future_state=true agent.actor.losses.behavior_cloning.weight=0 agent.goal_set_distance.enabled=false interaction.exploration_eps=0 interaction.validation_seed=1000 interaction.test_seed=2000000 eval_steps=null save_steps=20000 keep_only_latest_checkpoint=false save_replay_buffer=true save_final_replay_buffer=true
official_qrl_1q_GO-QRL+Min4-M_200k_20kckpt_val200_test200_fetchslide_online_s1004	online	FetchSlide	1004	200000	4.4m	env.kind=gcrl +go_qrl_model_size=m agent.actor.losses.min_dist.latent_goal_steps=4 agent.actor.losses.min_dist.latent_goal_keep_best=true agent.actor.losses.min_dist.latent_goal_lr=0.01 agent.actor.losses.min_dist.latent_goal_search=direct agent.quasimetric_critic.model.encoder.branch_normalization=none agent.actor.losses.min_dist.latent_goal_mode=min agent.actor.losses.min_dist.latent_goal_optim=sgd interaction.num_eval_episodes=200 interaction.num_test_episodes=200 agent.actor.losses.min_dist.adaptive_entropy_regularizer=true agent.actor.losses.min_dist.entropy_mc_samples=100 agent.actor.losses.min_dist.add_goal_as_future_state=true agent.actor.losses.behavior_cloning.weight=0 agent.goal_set_distance.enabled=false interaction.exploration_eps=0 interaction.validation_seed=1000 interaction.test_seed=2000000 eval_steps=null save_steps=20000 keep_only_latest_checkpoint=false save_replay_buffer=true save_final_replay_buffer=true
official_qrl_1q_GO-QRL+Max4+LN+RMSG-M_200k_20kckpt_val200_test200_fetchslide_online_s1000	online	FetchSlide	1000	200000	4.4m	env.kind=gcrl +go_qrl_model_size=m agent.actor.losses.min_dist.latent_goal_steps=4 agent.actor.losses.min_dist.latent_goal_keep_best=true agent.actor.losses.min_dist.latent_goal_lr=0.01 agent.actor.losses.min_dist.latent_goal_search=direct agent.quasimetric_critic.model.encoder.branch_normalization=layernorm agent.actor.losses.min_dist.latent_goal_mode=max agent.actor.losses.min_dist.latent_goal_optim=rmsg interaction.num_eval_episodes=200 interaction.num_test_episodes=200 agent.actor.losses.min_dist.adaptive_entropy_regularizer=true agent.actor.losses.min_dist.entropy_mc_samples=100 agent.actor.losses.min_dist.add_goal_as_future_state=true agent.actor.losses.behavior_cloning.weight=0 agent.goal_set_distance.enabled=false interaction.exploration_eps=0 interaction.validation_seed=1000 interaction.test_seed=2000000 eval_steps=null save_steps=20000 keep_only_latest_checkpoint=false save_replay_buffer=true save_final_replay_buffer=true
official_qrl_1q_GO-QRL+Max4+LN+RMSG-M_200k_20kckpt_val200_test200_fetchslide_online_s1001	online	FetchSlide	1001	200000	4.4m	env.kind=gcrl +go_qrl_model_size=m agent.actor.losses.min_dist.latent_goal_steps=4 agent.actor.losses.min_dist.latent_goal_keep_best=true agent.actor.losses.min_dist.latent_goal_lr=0.01 agent.actor.losses.min_dist.latent_goal_search=direct agent.quasimetric_critic.model.encoder.branch_normalization=layernorm agent.actor.losses.min_dist.latent_goal_mode=max agent.actor.losses.min_dist.latent_goal_optim=rmsg interaction.num_eval_episodes=200 interaction.num_test_episodes=200 agent.actor.losses.min_dist.adaptive_entropy_regularizer=true agent.actor.losses.min_dist.entropy_mc_samples=100 agent.actor.losses.min_dist.add_goal_as_future_state=true agent.actor.losses.behavior_cloning.weight=0 agent.goal_set_distance.enabled=false interaction.exploration_eps=0 interaction.validation_seed=1000 interaction.test_seed=2000000 eval_steps=null save_steps=20000 keep_only_latest_checkpoint=false save_replay_buffer=true save_final_replay_buffer=true
official_qrl_1q_GO-QRL+Max4+LN+RMSG-M_200k_20kckpt_val200_test200_fetchslide_online_s1002	online	FetchSlide	1002	200000	4.4m	env.kind=gcrl +go_qrl_model_size=m agent.actor.losses.min_dist.latent_goal_steps=4 agent.actor.losses.min_dist.latent_goal_keep_best=true agent.actor.losses.min_dist.latent_goal_lr=0.01 agent.actor.losses.min_dist.latent_goal_search=direct agent.quasimetric_critic.model.encoder.branch_normalization=layernorm agent.actor.losses.min_dist.latent_goal_mode=max agent.actor.losses.min_dist.latent_goal_optim=rmsg interaction.num_eval_episodes=200 interaction.num_test_episodes=200 agent.actor.losses.min_dist.adaptive_entropy_regularizer=true agent.actor.losses.min_dist.entropy_mc_samples=100 agent.actor.losses.min_dist.add_goal_as_future_state=true agent.actor.losses.behavior_cloning.weight=0 agent.goal_set_distance.enabled=false interaction.exploration_eps=0 interaction.validation_seed=1000 interaction.test_seed=2000000 eval_steps=null save_steps=20000 keep_only_latest_checkpoint=false save_replay_buffer=true save_final_replay_buffer=true
official_qrl_1q_GO-QRL+Max4+LN+RMSG-M_200k_20kckpt_val200_test200_fetchslide_online_s1003	online	FetchSlide	1003	200000	4.4m	env.kind=gcrl +go_qrl_model_size=m agent.actor.losses.min_dist.latent_goal_steps=4 agent.actor.losses.min_dist.latent_goal_keep_best=true agent.actor.losses.min_dist.latent_goal_lr=0.01 agent.actor.losses.min_dist.latent_goal_search=direct agent.quasimetric_critic.model.encoder.branch_normalization=layernorm agent.actor.losses.min_dist.latent_goal_mode=max agent.actor.losses.min_dist.latent_goal_optim=rmsg interaction.num_eval_episodes=200 interaction.num_test_episodes=200 agent.actor.losses.min_dist.adaptive_entropy_regularizer=true agent.actor.losses.min_dist.entropy_mc_samples=100 agent.actor.losses.min_dist.add_goal_as_future_state=true agent.actor.losses.behavior_cloning.weight=0 agent.goal_set_distance.enabled=false interaction.exploration_eps=0 interaction.validation_seed=1000 interaction.test_seed=2000000 eval_steps=null save_steps=20000 keep_only_latest_checkpoint=false save_replay_buffer=true save_final_replay_buffer=true
official_qrl_1q_GO-QRL+Max4+LN+RMSG-M_200k_20kckpt_val200_test200_fetchslide_online_s1004	online	FetchSlide	1004	200000	4.4m	env.kind=gcrl +go_qrl_model_size=m agent.actor.losses.min_dist.latent_goal_steps=4 agent.actor.losses.min_dist.latent_goal_keep_best=true agent.actor.losses.min_dist.latent_goal_lr=0.01 agent.actor.losses.min_dist.latent_goal_search=direct agent.quasimetric_critic.model.encoder.branch_normalization=layernorm agent.actor.losses.min_dist.latent_goal_mode=max agent.actor.losses.min_dist.latent_goal_optim=rmsg interaction.num_eval_episodes=200 interaction.num_test_episodes=200 agent.actor.losses.min_dist.adaptive_entropy_regularizer=true agent.actor.losses.min_dist.entropy_mc_samples=100 agent.actor.losses.min_dist.add_goal_as_future_state=true agent.actor.losses.behavior_cloning.weight=0 agent.goal_set_distance.enabled=false interaction.exploration_eps=0 interaction.validation_seed=1000 interaction.test_seed=2000000 eval_steps=null save_steps=20000 keep_only_latest_checkpoint=false save_replay_buffer=true save_final_replay_buffer=true
official_qrl_1q_GO-QRL+Min4+LN+RMSG-M_200k_20kckpt_val200_test200_fetchslide_online_s1000	online	FetchSlide	1000	200000	4.4m	env.kind=gcrl +go_qrl_model_size=m agent.actor.losses.min_dist.latent_goal_steps=4 agent.actor.losses.min_dist.latent_goal_keep_best=true agent.actor.losses.min_dist.latent_goal_lr=0.01 agent.actor.losses.min_dist.latent_goal_search=direct agent.quasimetric_critic.model.encoder.branch_normalization=layernorm agent.actor.losses.min_dist.latent_goal_mode=min agent.actor.losses.min_dist.latent_goal_optim=rmsg interaction.num_eval_episodes=200 interaction.num_test_episodes=200 agent.actor.losses.min_dist.adaptive_entropy_regularizer=true agent.actor.losses.min_dist.entropy_mc_samples=100 agent.actor.losses.min_dist.add_goal_as_future_state=true agent.actor.losses.behavior_cloning.weight=0 agent.goal_set_distance.enabled=false interaction.exploration_eps=0 interaction.validation_seed=1000 interaction.test_seed=2000000 eval_steps=null save_steps=20000 keep_only_latest_checkpoint=false save_replay_buffer=true save_final_replay_buffer=true
official_qrl_1q_GO-QRL+Min4+LN+RMSG-M_200k_20kckpt_val200_test200_fetchslide_online_s1001	online	FetchSlide	1001	200000	4.4m	env.kind=gcrl +go_qrl_model_size=m agent.actor.losses.min_dist.latent_goal_steps=4 agent.actor.losses.min_dist.latent_goal_keep_best=true agent.actor.losses.min_dist.latent_goal_lr=0.01 agent.actor.losses.min_dist.latent_goal_search=direct agent.quasimetric_critic.model.encoder.branch_normalization=layernorm agent.actor.losses.min_dist.latent_goal_mode=min agent.actor.losses.min_dist.latent_goal_optim=rmsg interaction.num_eval_episodes=200 interaction.num_test_episodes=200 agent.actor.losses.min_dist.adaptive_entropy_regularizer=true agent.actor.losses.min_dist.entropy_mc_samples=100 agent.actor.losses.min_dist.add_goal_as_future_state=true agent.actor.losses.behavior_cloning.weight=0 agent.goal_set_distance.enabled=false interaction.exploration_eps=0 interaction.validation_seed=1000 interaction.test_seed=2000000 eval_steps=null save_steps=20000 keep_only_latest_checkpoint=false save_replay_buffer=true save_final_replay_buffer=true
official_qrl_1q_GO-QRL+Min4+LN+RMSG-M_200k_20kckpt_val200_test200_fetchslide_online_s1002	online	FetchSlide	1002	200000	4.4m	env.kind=gcrl +go_qrl_model_size=m agent.actor.losses.min_dist.latent_goal_steps=4 agent.actor.losses.min_dist.latent_goal_keep_best=true agent.actor.losses.min_dist.latent_goal_lr=0.01 agent.actor.losses.min_dist.latent_goal_search=direct agent.quasimetric_critic.model.encoder.branch_normalization=layernorm agent.actor.losses.min_dist.latent_goal_mode=min agent.actor.losses.min_dist.latent_goal_optim=rmsg interaction.num_eval_episodes=200 interaction.num_test_episodes=200 agent.actor.losses.min_dist.adaptive_entropy_regularizer=true agent.actor.losses.min_dist.entropy_mc_samples=100 agent.actor.losses.min_dist.add_goal_as_future_state=true agent.actor.losses.behavior_cloning.weight=0 agent.goal_set_distance.enabled=false interaction.exploration_eps=0 interaction.validation_seed=1000 interaction.test_seed=2000000 eval_steps=null save_steps=20000 keep_only_latest_checkpoint=false save_replay_buffer=true save_final_replay_buffer=true
official_qrl_1q_GO-QRL+Min4+LN+RMSG-M_200k_20kckpt_val200_test200_fetchslide_online_s1003	online	FetchSlide	1003	200000	4.4m	env.kind=gcrl +go_qrl_model_size=m agent.actor.losses.min_dist.latent_goal_steps=4 agent.actor.losses.min_dist.latent_goal_keep_best=true agent.actor.losses.min_dist.latent_goal_lr=0.01 agent.actor.losses.min_dist.latent_goal_search=direct agent.quasimetric_critic.model.encoder.branch_normalization=layernorm agent.actor.losses.min_dist.latent_goal_mode=min agent.actor.losses.min_dist.latent_goal_optim=rmsg interaction.num_eval_episodes=200 interaction.num_test_episodes=200 agent.actor.losses.min_dist.adaptive_entropy_regularizer=true agent.actor.losses.min_dist.entropy_mc_samples=100 agent.actor.losses.min_dist.add_goal_as_future_state=true agent.actor.losses.behavior_cloning.weight=0 agent.goal_set_distance.enabled=false interaction.exploration_eps=0 interaction.validation_seed=1000 interaction.test_seed=2000000 eval_steps=null save_steps=20000 keep_only_latest_checkpoint=false save_replay_buffer=true save_final_replay_buffer=true
official_qrl_1q_GO-QRL+Min4+LN+RMSG-M_200k_20kckpt_val200_test200_fetchslide_online_s1004	online	FetchSlide	1004	200000	4.4m	env.kind=gcrl +go_qrl_model_size=m agent.actor.losses.min_dist.latent_goal_steps=4 agent.actor.losses.min_dist.latent_goal_keep_best=true agent.actor.losses.min_dist.latent_goal_lr=0.01 agent.actor.losses.min_dist.latent_goal_search=direct agent.quasimetric_critic.model.encoder.branch_normalization=layernorm agent.actor.losses.min_dist.latent_goal_mode=min agent.actor.losses.min_dist.latent_goal_optim=rmsg interaction.num_eval_episodes=200 interaction.num_test_episodes=200 agent.actor.losses.min_dist.adaptive_entropy_regularizer=true agent.actor.losses.min_dist.entropy_mc_samples=100 agent.actor.losses.min_dist.add_goal_as_future_state=true agent.actor.losses.behavior_cloning.weight=0 agent.goal_set_distance.enabled=false interaction.exploration_eps=0 interaction.validation_seed=1000 interaction.test_seed=2000000 eval_steps=null save_steps=20000 keep_only_latest_checkpoint=false save_replay_buffer=true save_final_replay_buffer=true
official_qrl_1q_Base-M_200k_20kckpt_val200_test200_fetchpickandplace_online_s1000	online	FetchPickAndPlace	1000	200000	4.2m	env.kind=gcrl +qrl_model_size=m interaction.num_eval_episodes=200 interaction.num_test_episodes=200 agent.actor.losses.min_dist.adaptive_entropy_regularizer=true agent.actor.losses.min_dist.entropy_mc_samples=100 agent.actor.losses.min_dist.add_goal_as_future_state=true agent.actor.losses.behavior_cloning.weight=0 agent.goal_set_distance.enabled=false interaction.exploration_eps=0 interaction.validation_seed=1000 interaction.test_seed=2000000 eval_steps=null save_steps=20000 keep_only_latest_checkpoint=false save_replay_buffer=true save_final_replay_buffer=true
official_qrl_1q_Base-M_200k_20kckpt_val200_test200_fetchpickandplace_online_s1001	online	FetchPickAndPlace	1001	200000	4.2m	env.kind=gcrl +qrl_model_size=m interaction.num_eval_episodes=200 interaction.num_test_episodes=200 agent.actor.losses.min_dist.adaptive_entropy_regularizer=true agent.actor.losses.min_dist.entropy_mc_samples=100 agent.actor.losses.min_dist.add_goal_as_future_state=true agent.actor.losses.behavior_cloning.weight=0 agent.goal_set_distance.enabled=false interaction.exploration_eps=0 interaction.validation_seed=1000 interaction.test_seed=2000000 eval_steps=null save_steps=20000 keep_only_latest_checkpoint=false save_replay_buffer=true save_final_replay_buffer=true
official_qrl_1q_Base-M_200k_20kckpt_val200_test200_fetchpickandplace_online_s1002	online	FetchPickAndPlace	1002	200000	4.2m	env.kind=gcrl +qrl_model_size=m interaction.num_eval_episodes=200 interaction.num_test_episodes=200 agent.actor.losses.min_dist.adaptive_entropy_regularizer=true agent.actor.losses.min_dist.entropy_mc_samples=100 agent.actor.losses.min_dist.add_goal_as_future_state=true agent.actor.losses.behavior_cloning.weight=0 agent.goal_set_distance.enabled=false interaction.exploration_eps=0 interaction.validation_seed=1000 interaction.test_seed=2000000 eval_steps=null save_steps=20000 keep_only_latest_checkpoint=false save_replay_buffer=true save_final_replay_buffer=true
official_qrl_1q_Base-M_200k_20kckpt_val200_test200_fetchpickandplace_online_s1003	online	FetchPickAndPlace	1003	200000	4.2m	env.kind=gcrl +qrl_model_size=m interaction.num_eval_episodes=200 interaction.num_test_episodes=200 agent.actor.losses.min_dist.adaptive_entropy_regularizer=true agent.actor.losses.min_dist.entropy_mc_samples=100 agent.actor.losses.min_dist.add_goal_as_future_state=true agent.actor.losses.behavior_cloning.weight=0 agent.goal_set_distance.enabled=false interaction.exploration_eps=0 interaction.validation_seed=1000 interaction.test_seed=2000000 eval_steps=null save_steps=20000 keep_only_latest_checkpoint=false save_replay_buffer=true save_final_replay_buffer=true
official_qrl_1q_Base-M_200k_20kckpt_val200_test200_fetchpickandplace_online_s1004	online	FetchPickAndPlace	1004	200000	4.2m	env.kind=gcrl +qrl_model_size=m interaction.num_eval_episodes=200 interaction.num_test_episodes=200 agent.actor.losses.min_dist.adaptive_entropy_regularizer=true agent.actor.losses.min_dist.entropy_mc_samples=100 agent.actor.losses.min_dist.add_goal_as_future_state=true agent.actor.losses.behavior_cloning.weight=0 agent.goal_set_distance.enabled=false interaction.exploration_eps=0 interaction.validation_seed=1000 interaction.test_seed=2000000 eval_steps=null save_steps=20000 keep_only_latest_checkpoint=false save_replay_buffer=true save_final_replay_buffer=true
official_qrl_1q_GO-QRL+Max4-M_200k_20kckpt_val200_test200_fetchpickandplace_online_s1000	online	FetchPickAndPlace	1000	200000	4.4m	env.kind=gcrl +go_qrl_model_size=m agent.actor.losses.min_dist.latent_goal_steps=4 agent.actor.losses.min_dist.latent_goal_keep_best=true agent.actor.losses.min_dist.latent_goal_lr=0.01 agent.actor.losses.min_dist.latent_goal_search=direct agent.quasimetric_critic.model.encoder.branch_normalization=none agent.actor.losses.min_dist.latent_goal_mode=max agent.actor.losses.min_dist.latent_goal_optim=sgd interaction.num_eval_episodes=200 interaction.num_test_episodes=200 agent.actor.losses.min_dist.adaptive_entropy_regularizer=true agent.actor.losses.min_dist.entropy_mc_samples=100 agent.actor.losses.min_dist.add_goal_as_future_state=true agent.actor.losses.behavior_cloning.weight=0 agent.goal_set_distance.enabled=false interaction.exploration_eps=0 interaction.validation_seed=1000 interaction.test_seed=2000000 eval_steps=null save_steps=20000 keep_only_latest_checkpoint=false save_replay_buffer=true save_final_replay_buffer=true
official_qrl_1q_GO-QRL+Max4-M_200k_20kckpt_val200_test200_fetchpickandplace_online_s1001	online	FetchPickAndPlace	1001	200000	4.4m	env.kind=gcrl +go_qrl_model_size=m agent.actor.losses.min_dist.latent_goal_steps=4 agent.actor.losses.min_dist.latent_goal_keep_best=true agent.actor.losses.min_dist.latent_goal_lr=0.01 agent.actor.losses.min_dist.latent_goal_search=direct agent.quasimetric_critic.model.encoder.branch_normalization=none agent.actor.losses.min_dist.latent_goal_mode=max agent.actor.losses.min_dist.latent_goal_optim=sgd interaction.num_eval_episodes=200 interaction.num_test_episodes=200 agent.actor.losses.min_dist.adaptive_entropy_regularizer=true agent.actor.losses.min_dist.entropy_mc_samples=100 agent.actor.losses.min_dist.add_goal_as_future_state=true agent.actor.losses.behavior_cloning.weight=0 agent.goal_set_distance.enabled=false interaction.exploration_eps=0 interaction.validation_seed=1000 interaction.test_seed=2000000 eval_steps=null save_steps=20000 keep_only_latest_checkpoint=false save_replay_buffer=true save_final_replay_buffer=true
official_qrl_1q_GO-QRL+Max4-M_200k_20kckpt_val200_test200_fetchpickandplace_online_s1002	online	FetchPickAndPlace	1002	200000	4.4m	env.kind=gcrl +go_qrl_model_size=m agent.actor.losses.min_dist.latent_goal_steps=4 agent.actor.losses.min_dist.latent_goal_keep_best=true agent.actor.losses.min_dist.latent_goal_lr=0.01 agent.actor.losses.min_dist.latent_goal_search=direct agent.quasimetric_critic.model.encoder.branch_normalization=none agent.actor.losses.min_dist.latent_goal_mode=max agent.actor.losses.min_dist.latent_goal_optim=sgd interaction.num_eval_episodes=200 interaction.num_test_episodes=200 agent.actor.losses.min_dist.adaptive_entropy_regularizer=true agent.actor.losses.min_dist.entropy_mc_samples=100 agent.actor.losses.min_dist.add_goal_as_future_state=true agent.actor.losses.behavior_cloning.weight=0 agent.goal_set_distance.enabled=false interaction.exploration_eps=0 interaction.validation_seed=1000 interaction.test_seed=2000000 eval_steps=null save_steps=20000 keep_only_latest_checkpoint=false save_replay_buffer=true save_final_replay_buffer=true
official_qrl_1q_GO-QRL+Max4-M_200k_20kckpt_val200_test200_fetchpickandplace_online_s1003	online	FetchPickAndPlace	1003	200000	4.4m	env.kind=gcrl +go_qrl_model_size=m agent.actor.losses.min_dist.latent_goal_steps=4 agent.actor.losses.min_dist.latent_goal_keep_best=true agent.actor.losses.min_dist.latent_goal_lr=0.01 agent.actor.losses.min_dist.latent_goal_search=direct agent.quasimetric_critic.model.encoder.branch_normalization=none agent.actor.losses.min_dist.latent_goal_mode=max agent.actor.losses.min_dist.latent_goal_optim=sgd interaction.num_eval_episodes=200 interaction.num_test_episodes=200 agent.actor.losses.min_dist.adaptive_entropy_regularizer=true agent.actor.losses.min_dist.entropy_mc_samples=100 agent.actor.losses.min_dist.add_goal_as_future_state=true agent.actor.losses.behavior_cloning.weight=0 agent.goal_set_distance.enabled=false interaction.exploration_eps=0 interaction.validation_seed=1000 interaction.test_seed=2000000 eval_steps=null save_steps=20000 keep_only_latest_checkpoint=false save_replay_buffer=true save_final_replay_buffer=true
official_qrl_1q_GO-QRL+Max4-M_200k_20kckpt_val200_test200_fetchpickandplace_online_s1004	online	FetchPickAndPlace	1004	200000	4.4m	env.kind=gcrl +go_qrl_model_size=m agent.actor.losses.min_dist.latent_goal_steps=4 agent.actor.losses.min_dist.latent_goal_keep_best=true agent.actor.losses.min_dist.latent_goal_lr=0.01 agent.actor.losses.min_dist.latent_goal_search=direct agent.quasimetric_critic.model.encoder.branch_normalization=none agent.actor.losses.min_dist.latent_goal_mode=max agent.actor.losses.min_dist.latent_goal_optim=sgd interaction.num_eval_episodes=200 interaction.num_test_episodes=200 agent.actor.losses.min_dist.adaptive_entropy_regularizer=true agent.actor.losses.min_dist.entropy_mc_samples=100 agent.actor.losses.min_dist.add_goal_as_future_state=true agent.actor.losses.behavior_cloning.weight=0 agent.goal_set_distance.enabled=false interaction.exploration_eps=0 interaction.validation_seed=1000 interaction.test_seed=2000000 eval_steps=null save_steps=20000 keep_only_latest_checkpoint=false save_replay_buffer=true save_final_replay_buffer=true
official_qrl_1q_GO-QRL+Min4-M_200k_20kckpt_val200_test200_fetchpickandplace_online_s1000	online	FetchPickAndPlace	1000	200000	4.4m	env.kind=gcrl +go_qrl_model_size=m agent.actor.losses.min_dist.latent_goal_steps=4 agent.actor.losses.min_dist.latent_goal_keep_best=true agent.actor.losses.min_dist.latent_goal_lr=0.01 agent.actor.losses.min_dist.latent_goal_search=direct agent.quasimetric_critic.model.encoder.branch_normalization=none agent.actor.losses.min_dist.latent_goal_mode=min agent.actor.losses.min_dist.latent_goal_optim=sgd interaction.num_eval_episodes=200 interaction.num_test_episodes=200 agent.actor.losses.min_dist.adaptive_entropy_regularizer=true agent.actor.losses.min_dist.entropy_mc_samples=100 agent.actor.losses.min_dist.add_goal_as_future_state=true agent.actor.losses.behavior_cloning.weight=0 agent.goal_set_distance.enabled=false interaction.exploration_eps=0 interaction.validation_seed=1000 interaction.test_seed=2000000 eval_steps=null save_steps=20000 keep_only_latest_checkpoint=false save_replay_buffer=true save_final_replay_buffer=true
official_qrl_1q_GO-QRL+Min4-M_200k_20kckpt_val200_test200_fetchpickandplace_online_s1001	online	FetchPickAndPlace	1001	200000	4.4m	env.kind=gcrl +go_qrl_model_size=m agent.actor.losses.min_dist.latent_goal_steps=4 agent.actor.losses.min_dist.latent_goal_keep_best=true agent.actor.losses.min_dist.latent_goal_lr=0.01 agent.actor.losses.min_dist.latent_goal_search=direct agent.quasimetric_critic.model.encoder.branch_normalization=none agent.actor.losses.min_dist.latent_goal_mode=min agent.actor.losses.min_dist.latent_goal_optim=sgd interaction.num_eval_episodes=200 interaction.num_test_episodes=200 agent.actor.losses.min_dist.adaptive_entropy_regularizer=true agent.actor.losses.min_dist.entropy_mc_samples=100 agent.actor.losses.min_dist.add_goal_as_future_state=true agent.actor.losses.behavior_cloning.weight=0 agent.goal_set_distance.enabled=false interaction.exploration_eps=0 interaction.validation_seed=1000 interaction.test_seed=2000000 eval_steps=null save_steps=20000 keep_only_latest_checkpoint=false save_replay_buffer=true save_final_replay_buffer=true
official_qrl_1q_GO-QRL+Min4-M_200k_20kckpt_val200_test200_fetchpickandplace_online_s1002	online	FetchPickAndPlace	1002	200000	4.4m	env.kind=gcrl +go_qrl_model_size=m agent.actor.losses.min_dist.latent_goal_steps=4 agent.actor.losses.min_dist.latent_goal_keep_best=true agent.actor.losses.min_dist.latent_goal_lr=0.01 agent.actor.losses.min_dist.latent_goal_search=direct agent.quasimetric_critic.model.encoder.branch_normalization=none agent.actor.losses.min_dist.latent_goal_mode=min agent.actor.losses.min_dist.latent_goal_optim=sgd interaction.num_eval_episodes=200 interaction.num_test_episodes=200 agent.actor.losses.min_dist.adaptive_entropy_regularizer=true agent.actor.losses.min_dist.entropy_mc_samples=100 agent.actor.losses.min_dist.add_goal_as_future_state=true agent.actor.losses.behavior_cloning.weight=0 agent.goal_set_distance.enabled=false interaction.exploration_eps=0 interaction.validation_seed=1000 interaction.test_seed=2000000 eval_steps=null save_steps=20000 keep_only_latest_checkpoint=false save_replay_buffer=true save_final_replay_buffer=true
official_qrl_1q_GO-QRL+Min4-M_200k_20kckpt_val200_test200_fetchpickandplace_online_s1003	online	FetchPickAndPlace	1003	200000	4.4m	env.kind=gcrl +go_qrl_model_size=m agent.actor.losses.min_dist.latent_goal_steps=4 agent.actor.losses.min_dist.latent_goal_keep_best=true agent.actor.losses.min_dist.latent_goal_lr=0.01 agent.actor.losses.min_dist.latent_goal_search=direct agent.quasimetric_critic.model.encoder.branch_normalization=none agent.actor.losses.min_dist.latent_goal_mode=min agent.actor.losses.min_dist.latent_goal_optim=sgd interaction.num_eval_episodes=200 interaction.num_test_episodes=200 agent.actor.losses.min_dist.adaptive_entropy_regularizer=true agent.actor.losses.min_dist.entropy_mc_samples=100 agent.actor.losses.min_dist.add_goal_as_future_state=true agent.actor.losses.behavior_cloning.weight=0 agent.goal_set_distance.enabled=false interaction.exploration_eps=0 interaction.validation_seed=1000 interaction.test_seed=2000000 eval_steps=null save_steps=20000 keep_only_latest_checkpoint=false save_replay_buffer=true save_final_replay_buffer=true
official_qrl_1q_GO-QRL+Min4-M_200k_20kckpt_val200_test200_fetchpickandplace_online_s1004	online	FetchPickAndPlace	1004	200000	4.4m	env.kind=gcrl +go_qrl_model_size=m agent.actor.losses.min_dist.latent_goal_steps=4 agent.actor.losses.min_dist.latent_goal_keep_best=true agent.actor.losses.min_dist.latent_goal_lr=0.01 agent.actor.losses.min_dist.latent_goal_search=direct agent.quasimetric_critic.model.encoder.branch_normalization=none agent.actor.losses.min_dist.latent_goal_mode=min agent.actor.losses.min_dist.latent_goal_optim=sgd interaction.num_eval_episodes=200 interaction.num_test_episodes=200 agent.actor.losses.min_dist.adaptive_entropy_regularizer=true agent.actor.losses.min_dist.entropy_mc_samples=100 agent.actor.losses.min_dist.add_goal_as_future_state=true agent.actor.losses.behavior_cloning.weight=0 agent.goal_set_distance.enabled=false interaction.exploration_eps=0 interaction.validation_seed=1000 interaction.test_seed=2000000 eval_steps=null save_steps=20000 keep_only_latest_checkpoint=false save_replay_buffer=true save_final_replay_buffer=true
official_qrl_1q_GO-QRL+Max4+LN+RMSG-M_200k_20kckpt_val200_test200_fetchpickandplace_online_s1000	online	FetchPickAndPlace	1000	200000	4.4m	env.kind=gcrl +go_qrl_model_size=m agent.actor.losses.min_dist.latent_goal_steps=4 agent.actor.losses.min_dist.latent_goal_keep_best=true agent.actor.losses.min_dist.latent_goal_lr=0.01 agent.actor.losses.min_dist.latent_goal_search=direct agent.quasimetric_critic.model.encoder.branch_normalization=layernorm agent.actor.losses.min_dist.latent_goal_mode=max agent.actor.losses.min_dist.latent_goal_optim=rmsg interaction.num_eval_episodes=200 interaction.num_test_episodes=200 agent.actor.losses.min_dist.adaptive_entropy_regularizer=true agent.actor.losses.min_dist.entropy_mc_samples=100 agent.actor.losses.min_dist.add_goal_as_future_state=true agent.actor.losses.behavior_cloning.weight=0 agent.goal_set_distance.enabled=false interaction.exploration_eps=0 interaction.validation_seed=1000 interaction.test_seed=2000000 eval_steps=null save_steps=20000 keep_only_latest_checkpoint=false save_replay_buffer=true save_final_replay_buffer=true
official_qrl_1q_GO-QRL+Max4+LN+RMSG-M_200k_20kckpt_val200_test200_fetchpickandplace_online_s1001	online	FetchPickAndPlace	1001	200000	4.4m	env.kind=gcrl +go_qrl_model_size=m agent.actor.losses.min_dist.latent_goal_steps=4 agent.actor.losses.min_dist.latent_goal_keep_best=true agent.actor.losses.min_dist.latent_goal_lr=0.01 agent.actor.losses.min_dist.latent_goal_search=direct agent.quasimetric_critic.model.encoder.branch_normalization=layernorm agent.actor.losses.min_dist.latent_goal_mode=max agent.actor.losses.min_dist.latent_goal_optim=rmsg interaction.num_eval_episodes=200 interaction.num_test_episodes=200 agent.actor.losses.min_dist.adaptive_entropy_regularizer=true agent.actor.losses.min_dist.entropy_mc_samples=100 agent.actor.losses.min_dist.add_goal_as_future_state=true agent.actor.losses.behavior_cloning.weight=0 agent.goal_set_distance.enabled=false interaction.exploration_eps=0 interaction.validation_seed=1000 interaction.test_seed=2000000 eval_steps=null save_steps=20000 keep_only_latest_checkpoint=false save_replay_buffer=true save_final_replay_buffer=true
official_qrl_1q_GO-QRL+Max4+LN+RMSG-M_200k_20kckpt_val200_test200_fetchpickandplace_online_s1002	online	FetchPickAndPlace	1002	200000	4.4m	env.kind=gcrl +go_qrl_model_size=m agent.actor.losses.min_dist.latent_goal_steps=4 agent.actor.losses.min_dist.latent_goal_keep_best=true agent.actor.losses.min_dist.latent_goal_lr=0.01 agent.actor.losses.min_dist.latent_goal_search=direct agent.quasimetric_critic.model.encoder.branch_normalization=layernorm agent.actor.losses.min_dist.latent_goal_mode=max agent.actor.losses.min_dist.latent_goal_optim=rmsg interaction.num_eval_episodes=200 interaction.num_test_episodes=200 agent.actor.losses.min_dist.adaptive_entropy_regularizer=true agent.actor.losses.min_dist.entropy_mc_samples=100 agent.actor.losses.min_dist.add_goal_as_future_state=true agent.actor.losses.behavior_cloning.weight=0 agent.goal_set_distance.enabled=false interaction.exploration_eps=0 interaction.validation_seed=1000 interaction.test_seed=2000000 eval_steps=null save_steps=20000 keep_only_latest_checkpoint=false save_replay_buffer=true save_final_replay_buffer=true
official_qrl_1q_GO-QRL+Max4+LN+RMSG-M_200k_20kckpt_val200_test200_fetchpickandplace_online_s1003	online	FetchPickAndPlace	1003	200000	4.4m	env.kind=gcrl +go_qrl_model_size=m agent.actor.losses.min_dist.latent_goal_steps=4 agent.actor.losses.min_dist.latent_goal_keep_best=true agent.actor.losses.min_dist.latent_goal_lr=0.01 agent.actor.losses.min_dist.latent_goal_search=direct agent.quasimetric_critic.model.encoder.branch_normalization=layernorm agent.actor.losses.min_dist.latent_goal_mode=max agent.actor.losses.min_dist.latent_goal_optim=rmsg interaction.num_eval_episodes=200 interaction.num_test_episodes=200 agent.actor.losses.min_dist.adaptive_entropy_regularizer=true agent.actor.losses.min_dist.entropy_mc_samples=100 agent.actor.losses.min_dist.add_goal_as_future_state=true agent.actor.losses.behavior_cloning.weight=0 agent.goal_set_distance.enabled=false interaction.exploration_eps=0 interaction.validation_seed=1000 interaction.test_seed=2000000 eval_steps=null save_steps=20000 keep_only_latest_checkpoint=false save_replay_buffer=true save_final_replay_buffer=true
official_qrl_1q_GO-QRL+Max4+LN+RMSG-M_200k_20kckpt_val200_test200_fetchpickandplace_online_s1004	online	FetchPickAndPlace	1004	200000	4.4m	env.kind=gcrl +go_qrl_model_size=m agent.actor.losses.min_dist.latent_goal_steps=4 agent.actor.losses.min_dist.latent_goal_keep_best=true agent.actor.losses.min_dist.latent_goal_lr=0.01 agent.actor.losses.min_dist.latent_goal_search=direct agent.quasimetric_critic.model.encoder.branch_normalization=layernorm agent.actor.losses.min_dist.latent_goal_mode=max agent.actor.losses.min_dist.latent_goal_optim=rmsg interaction.num_eval_episodes=200 interaction.num_test_episodes=200 agent.actor.losses.min_dist.adaptive_entropy_regularizer=true agent.actor.losses.min_dist.entropy_mc_samples=100 agent.actor.losses.min_dist.add_goal_as_future_state=true agent.actor.losses.behavior_cloning.weight=0 agent.goal_set_distance.enabled=false interaction.exploration_eps=0 interaction.validation_seed=1000 interaction.test_seed=2000000 eval_steps=null save_steps=20000 keep_only_latest_checkpoint=false save_replay_buffer=true save_final_replay_buffer=true
official_qrl_1q_GO-QRL+Min4+LN+RMSG-M_200k_20kckpt_val200_test200_fetchpickandplace_online_s1000	online	FetchPickAndPlace	1000	200000	4.4m	env.kind=gcrl +go_qrl_model_size=m agent.actor.losses.min_dist.latent_goal_steps=4 agent.actor.losses.min_dist.latent_goal_keep_best=true agent.actor.losses.min_dist.latent_goal_lr=0.01 agent.actor.losses.min_dist.latent_goal_search=direct agent.quasimetric_critic.model.encoder.branch_normalization=layernorm agent.actor.losses.min_dist.latent_goal_mode=min agent.actor.losses.min_dist.latent_goal_optim=rmsg interaction.num_eval_episodes=200 interaction.num_test_episodes=200 agent.actor.losses.min_dist.adaptive_entropy_regularizer=true agent.actor.losses.min_dist.entropy_mc_samples=100 agent.actor.losses.min_dist.add_goal_as_future_state=true agent.actor.losses.behavior_cloning.weight=0 agent.goal_set_distance.enabled=false interaction.exploration_eps=0 interaction.validation_seed=1000 interaction.test_seed=2000000 eval_steps=null save_steps=20000 keep_only_latest_checkpoint=false save_replay_buffer=true save_final_replay_buffer=true
official_qrl_1q_GO-QRL+Min4+LN+RMSG-M_200k_20kckpt_val200_test200_fetchpickandplace_online_s1001	online	FetchPickAndPlace	1001	200000	4.4m	env.kind=gcrl +go_qrl_model_size=m agent.actor.losses.min_dist.latent_goal_steps=4 agent.actor.losses.min_dist.latent_goal_keep_best=true agent.actor.losses.min_dist.latent_goal_lr=0.01 agent.actor.losses.min_dist.latent_goal_search=direct agent.quasimetric_critic.model.encoder.branch_normalization=layernorm agent.actor.losses.min_dist.latent_goal_mode=min agent.actor.losses.min_dist.latent_goal_optim=rmsg interaction.num_eval_episodes=200 interaction.num_test_episodes=200 agent.actor.losses.min_dist.adaptive_entropy_regularizer=true agent.actor.losses.min_dist.entropy_mc_samples=100 agent.actor.losses.min_dist.add_goal_as_future_state=true agent.actor.losses.behavior_cloning.weight=0 agent.goal_set_distance.enabled=false interaction.exploration_eps=0 interaction.validation_seed=1000 interaction.test_seed=2000000 eval_steps=null save_steps=20000 keep_only_latest_checkpoint=false save_replay_buffer=true save_final_replay_buffer=true
official_qrl_1q_GO-QRL+Min4+LN+RMSG-M_200k_20kckpt_val200_test200_fetchpickandplace_online_s1002	online	FetchPickAndPlace	1002	200000	4.4m	env.kind=gcrl +go_qrl_model_size=m agent.actor.losses.min_dist.latent_goal_steps=4 agent.actor.losses.min_dist.latent_goal_keep_best=true agent.actor.losses.min_dist.latent_goal_lr=0.01 agent.actor.losses.min_dist.latent_goal_search=direct agent.quasimetric_critic.model.encoder.branch_normalization=layernorm agent.actor.losses.min_dist.latent_goal_mode=min agent.actor.losses.min_dist.latent_goal_optim=rmsg interaction.num_eval_episodes=200 interaction.num_test_episodes=200 agent.actor.losses.min_dist.adaptive_entropy_regularizer=true agent.actor.losses.min_dist.entropy_mc_samples=100 agent.actor.losses.min_dist.add_goal_as_future_state=true agent.actor.losses.behavior_cloning.weight=0 agent.goal_set_distance.enabled=false interaction.exploration_eps=0 interaction.validation_seed=1000 interaction.test_seed=2000000 eval_steps=null save_steps=20000 keep_only_latest_checkpoint=false save_replay_buffer=true save_final_replay_buffer=true
official_qrl_1q_GO-QRL+Min4+LN+RMSG-M_200k_20kckpt_val200_test200_fetchpickandplace_online_s1003	online	FetchPickAndPlace	1003	200000	4.4m	env.kind=gcrl +go_qrl_model_size=m agent.actor.losses.min_dist.latent_goal_steps=4 agent.actor.losses.min_dist.latent_goal_keep_best=true agent.actor.losses.min_dist.latent_goal_lr=0.01 agent.actor.losses.min_dist.latent_goal_search=direct agent.quasimetric_critic.model.encoder.branch_normalization=layernorm agent.actor.losses.min_dist.latent_goal_mode=min agent.actor.losses.min_dist.latent_goal_optim=rmsg interaction.num_eval_episodes=200 interaction.num_test_episodes=200 agent.actor.losses.min_dist.adaptive_entropy_regularizer=true agent.actor.losses.min_dist.entropy_mc_samples=100 agent.actor.losses.min_dist.add_goal_as_future_state=true agent.actor.losses.behavior_cloning.weight=0 agent.goal_set_distance.enabled=false interaction.exploration_eps=0 interaction.validation_seed=1000 interaction.test_seed=2000000 eval_steps=null save_steps=20000 keep_only_latest_checkpoint=false save_replay_buffer=true save_final_replay_buffer=true
official_qrl_1q_GO-QRL+Min4+LN+RMSG-M_200k_20kckpt_val200_test200_fetchpickandplace_online_s1004	online	FetchPickAndPlace	1004	200000	4.4m	env.kind=gcrl +go_qrl_model_size=m agent.actor.losses.min_dist.latent_goal_steps=4 agent.actor.losses.min_dist.latent_goal_keep_best=true agent.actor.losses.min_dist.latent_goal_lr=0.01 agent.actor.losses.min_dist.latent_goal_search=direct agent.quasimetric_critic.model.encoder.branch_normalization=layernorm agent.actor.losses.min_dist.latent_goal_mode=min agent.actor.losses.min_dist.latent_goal_optim=rmsg interaction.num_eval_episodes=200 interaction.num_test_episodes=200 agent.actor.losses.min_dist.adaptive_entropy_regularizer=true agent.actor.losses.min_dist.entropy_mc_samples=100 agent.actor.losses.min_dist.add_goal_as_future_state=true agent.actor.losses.behavior_cloning.weight=0 agent.goal_set_distance.enabled=false interaction.exploration_eps=0 interaction.validation_seed=1000 interaction.test_seed=2000000 eval_steps=null save_steps=20000 keep_only_latest_checkpoint=false save_replay_buffer=true save_final_replay_buffer=true
official_qrl_1q_Base-M_200k_20kckpt_val200_test200_reacher_v4_online_s1000	online	Reacher-v4	1000	200000	4.2m	env.kind=gym_mujoco +qrl_model_size=m interaction.num_eval_episodes=200 interaction.num_test_episodes=200 agent.actor.losses.min_dist.adaptive_entropy_regularizer=true agent.actor.losses.min_dist.entropy_mc_samples=100 agent.actor.losses.min_dist.add_goal_as_future_state=true agent.actor.losses.behavior_cloning.weight=0 agent.goal_set_distance.enabled=false interaction.exploration_eps=0 interaction.validation_seed=1000 interaction.test_seed=2000000 eval_steps=null save_steps=20000 keep_only_latest_checkpoint=false save_replay_buffer=true save_final_replay_buffer=true
official_qrl_1q_Base-M_200k_20kckpt_val200_test200_reacher_v4_online_s1001	online	Reacher-v4	1001	200000	4.2m	env.kind=gym_mujoco +qrl_model_size=m interaction.num_eval_episodes=200 interaction.num_test_episodes=200 agent.actor.losses.min_dist.adaptive_entropy_regularizer=true agent.actor.losses.min_dist.entropy_mc_samples=100 agent.actor.losses.min_dist.add_goal_as_future_state=true agent.actor.losses.behavior_cloning.weight=0 agent.goal_set_distance.enabled=false interaction.exploration_eps=0 interaction.validation_seed=1000 interaction.test_seed=2000000 eval_steps=null save_steps=20000 keep_only_latest_checkpoint=false save_replay_buffer=true save_final_replay_buffer=true
official_qrl_1q_Base-M_200k_20kckpt_val200_test200_reacher_v4_online_s1002	online	Reacher-v4	1002	200000	4.2m	env.kind=gym_mujoco +qrl_model_size=m interaction.num_eval_episodes=200 interaction.num_test_episodes=200 agent.actor.losses.min_dist.adaptive_entropy_regularizer=true agent.actor.losses.min_dist.entropy_mc_samples=100 agent.actor.losses.min_dist.add_goal_as_future_state=true agent.actor.losses.behavior_cloning.weight=0 agent.goal_set_distance.enabled=false interaction.exploration_eps=0 interaction.validation_seed=1000 interaction.test_seed=2000000 eval_steps=null save_steps=20000 keep_only_latest_checkpoint=false save_replay_buffer=true save_final_replay_buffer=true
official_qrl_1q_Base-M_200k_20kckpt_val200_test200_reacher_v4_online_s1003	online	Reacher-v4	1003	200000	4.2m	env.kind=gym_mujoco +qrl_model_size=m interaction.num_eval_episodes=200 interaction.num_test_episodes=200 agent.actor.losses.min_dist.adaptive_entropy_regularizer=true agent.actor.losses.min_dist.entropy_mc_samples=100 agent.actor.losses.min_dist.add_goal_as_future_state=true agent.actor.losses.behavior_cloning.weight=0 agent.goal_set_distance.enabled=false interaction.exploration_eps=0 interaction.validation_seed=1000 interaction.test_seed=2000000 eval_steps=null save_steps=20000 keep_only_latest_checkpoint=false save_replay_buffer=true save_final_replay_buffer=true
official_qrl_1q_Base-M_200k_20kckpt_val200_test200_reacher_v4_online_s1004	online	Reacher-v4	1004	200000	4.2m	env.kind=gym_mujoco +qrl_model_size=m interaction.num_eval_episodes=200 interaction.num_test_episodes=200 agent.actor.losses.min_dist.adaptive_entropy_regularizer=true agent.actor.losses.min_dist.entropy_mc_samples=100 agent.actor.losses.min_dist.add_goal_as_future_state=true agent.actor.losses.behavior_cloning.weight=0 agent.goal_set_distance.enabled=false interaction.exploration_eps=0 interaction.validation_seed=1000 interaction.test_seed=2000000 eval_steps=null save_steps=20000 keep_only_latest_checkpoint=false save_replay_buffer=true save_final_replay_buffer=true
official_qrl_1q_GO-QRL+Max4-M_200k_20kckpt_val200_test200_reacher_v4_online_s1000	online	Reacher-v4	1000	200000	4.4m	env.kind=gym_mujoco +go_qrl_model_size=m agent.actor.losses.min_dist.latent_goal_steps=4 agent.actor.losses.min_dist.latent_goal_keep_best=true agent.actor.losses.min_dist.latent_goal_lr=0.01 agent.actor.losses.min_dist.latent_goal_search=direct agent.quasimetric_critic.model.encoder.branch_normalization=none agent.actor.losses.min_dist.latent_goal_mode=max agent.actor.losses.min_dist.latent_goal_optim=sgd interaction.num_eval_episodes=200 interaction.num_test_episodes=200 agent.actor.losses.min_dist.adaptive_entropy_regularizer=true agent.actor.losses.min_dist.entropy_mc_samples=100 agent.actor.losses.min_dist.add_goal_as_future_state=true agent.actor.losses.behavior_cloning.weight=0 agent.goal_set_distance.enabled=false interaction.exploration_eps=0 interaction.validation_seed=1000 interaction.test_seed=2000000 eval_steps=null save_steps=20000 keep_only_latest_checkpoint=false save_replay_buffer=true save_final_replay_buffer=true
official_qrl_1q_GO-QRL+Max4-M_200k_20kckpt_val200_test200_reacher_v4_online_s1001	online	Reacher-v4	1001	200000	4.4m	env.kind=gym_mujoco +go_qrl_model_size=m agent.actor.losses.min_dist.latent_goal_steps=4 agent.actor.losses.min_dist.latent_goal_keep_best=true agent.actor.losses.min_dist.latent_goal_lr=0.01 agent.actor.losses.min_dist.latent_goal_search=direct agent.quasimetric_critic.model.encoder.branch_normalization=none agent.actor.losses.min_dist.latent_goal_mode=max agent.actor.losses.min_dist.latent_goal_optim=sgd interaction.num_eval_episodes=200 interaction.num_test_episodes=200 agent.actor.losses.min_dist.adaptive_entropy_regularizer=true agent.actor.losses.min_dist.entropy_mc_samples=100 agent.actor.losses.min_dist.add_goal_as_future_state=true agent.actor.losses.behavior_cloning.weight=0 agent.goal_set_distance.enabled=false interaction.exploration_eps=0 interaction.validation_seed=1000 interaction.test_seed=2000000 eval_steps=null save_steps=20000 keep_only_latest_checkpoint=false save_replay_buffer=true save_final_replay_buffer=true
official_qrl_1q_GO-QRL+Max4-M_200k_20kckpt_val200_test200_reacher_v4_online_s1002	online	Reacher-v4	1002	200000	4.4m	env.kind=gym_mujoco +go_qrl_model_size=m agent.actor.losses.min_dist.latent_goal_steps=4 agent.actor.losses.min_dist.latent_goal_keep_best=true agent.actor.losses.min_dist.latent_goal_lr=0.01 agent.actor.losses.min_dist.latent_goal_search=direct agent.quasimetric_critic.model.encoder.branch_normalization=none agent.actor.losses.min_dist.latent_goal_mode=max agent.actor.losses.min_dist.latent_goal_optim=sgd interaction.num_eval_episodes=200 interaction.num_test_episodes=200 agent.actor.losses.min_dist.adaptive_entropy_regularizer=true agent.actor.losses.min_dist.entropy_mc_samples=100 agent.actor.losses.min_dist.add_goal_as_future_state=true agent.actor.losses.behavior_cloning.weight=0 agent.goal_set_distance.enabled=false interaction.exploration_eps=0 interaction.validation_seed=1000 interaction.test_seed=2000000 eval_steps=null save_steps=20000 keep_only_latest_checkpoint=false save_replay_buffer=true save_final_replay_buffer=true
official_qrl_1q_GO-QRL+Max4-M_200k_20kckpt_val200_test200_reacher_v4_online_s1003	online	Reacher-v4	1003	200000	4.4m	env.kind=gym_mujoco +go_qrl_model_size=m agent.actor.losses.min_dist.latent_goal_steps=4 agent.actor.losses.min_dist.latent_goal_keep_best=true agent.actor.losses.min_dist.latent_goal_lr=0.01 agent.actor.losses.min_dist.latent_goal_search=direct agent.quasimetric_critic.model.encoder.branch_normalization=none agent.actor.losses.min_dist.latent_goal_mode=max agent.actor.losses.min_dist.latent_goal_optim=sgd interaction.num_eval_episodes=200 interaction.num_test_episodes=200 agent.actor.losses.min_dist.adaptive_entropy_regularizer=true agent.actor.losses.min_dist.entropy_mc_samples=100 agent.actor.losses.min_dist.add_goal_as_future_state=true agent.actor.losses.behavior_cloning.weight=0 agent.goal_set_distance.enabled=false interaction.exploration_eps=0 interaction.validation_seed=1000 interaction.test_seed=2000000 eval_steps=null save_steps=20000 keep_only_latest_checkpoint=false save_replay_buffer=true save_final_replay_buffer=true
official_qrl_1q_GO-QRL+Max4-M_200k_20kckpt_val200_test200_reacher_v4_online_s1004	online	Reacher-v4	1004	200000	4.4m	env.kind=gym_mujoco +go_qrl_model_size=m agent.actor.losses.min_dist.latent_goal_steps=4 agent.actor.losses.min_dist.latent_goal_keep_best=true agent.actor.losses.min_dist.latent_goal_lr=0.01 agent.actor.losses.min_dist.latent_goal_search=direct agent.quasimetric_critic.model.encoder.branch_normalization=none agent.actor.losses.min_dist.latent_goal_mode=max agent.actor.losses.min_dist.latent_goal_optim=sgd interaction.num_eval_episodes=200 interaction.num_test_episodes=200 agent.actor.losses.min_dist.adaptive_entropy_regularizer=true agent.actor.losses.min_dist.entropy_mc_samples=100 agent.actor.losses.min_dist.add_goal_as_future_state=true agent.actor.losses.behavior_cloning.weight=0 agent.goal_set_distance.enabled=false interaction.exploration_eps=0 interaction.validation_seed=1000 interaction.test_seed=2000000 eval_steps=null save_steps=20000 keep_only_latest_checkpoint=false save_replay_buffer=true save_final_replay_buffer=true
official_qrl_1q_GO-QRL+Min4-M_200k_20kckpt_val200_test200_reacher_v4_online_s1000	online	Reacher-v4	1000	200000	4.4m	env.kind=gym_mujoco +go_qrl_model_size=m agent.actor.losses.min_dist.latent_goal_steps=4 agent.actor.losses.min_dist.latent_goal_keep_best=true agent.actor.losses.min_dist.latent_goal_lr=0.01 agent.actor.losses.min_dist.latent_goal_search=direct agent.quasimetric_critic.model.encoder.branch_normalization=none agent.actor.losses.min_dist.latent_goal_mode=min agent.actor.losses.min_dist.latent_goal_optim=sgd interaction.num_eval_episodes=200 interaction.num_test_episodes=200 agent.actor.losses.min_dist.adaptive_entropy_regularizer=true agent.actor.losses.min_dist.entropy_mc_samples=100 agent.actor.losses.min_dist.add_goal_as_future_state=true agent.actor.losses.behavior_cloning.weight=0 agent.goal_set_distance.enabled=false interaction.exploration_eps=0 interaction.validation_seed=1000 interaction.test_seed=2000000 eval_steps=null save_steps=20000 keep_only_latest_checkpoint=false save_replay_buffer=true save_final_replay_buffer=true
official_qrl_1q_GO-QRL+Min4-M_200k_20kckpt_val200_test200_reacher_v4_online_s1001	online	Reacher-v4	1001	200000	4.4m	env.kind=gym_mujoco +go_qrl_model_size=m agent.actor.losses.min_dist.latent_goal_steps=4 agent.actor.losses.min_dist.latent_goal_keep_best=true agent.actor.losses.min_dist.latent_goal_lr=0.01 agent.actor.losses.min_dist.latent_goal_search=direct agent.quasimetric_critic.model.encoder.branch_normalization=none agent.actor.losses.min_dist.latent_goal_mode=min agent.actor.losses.min_dist.latent_goal_optim=sgd interaction.num_eval_episodes=200 interaction.num_test_episodes=200 agent.actor.losses.min_dist.adaptive_entropy_regularizer=true agent.actor.losses.min_dist.entropy_mc_samples=100 agent.actor.losses.min_dist.add_goal_as_future_state=true agent.actor.losses.behavior_cloning.weight=0 agent.goal_set_distance.enabled=false interaction.exploration_eps=0 interaction.validation_seed=1000 interaction.test_seed=2000000 eval_steps=null save_steps=20000 keep_only_latest_checkpoint=false save_replay_buffer=true save_final_replay_buffer=true
official_qrl_1q_GO-QRL+Min4-M_200k_20kckpt_val200_test200_reacher_v4_online_s1002	online	Reacher-v4	1002	200000	4.4m	env.kind=gym_mujoco +go_qrl_model_size=m agent.actor.losses.min_dist.latent_goal_steps=4 agent.actor.losses.min_dist.latent_goal_keep_best=true agent.actor.losses.min_dist.latent_goal_lr=0.01 agent.actor.losses.min_dist.latent_goal_search=direct agent.quasimetric_critic.model.encoder.branch_normalization=none agent.actor.losses.min_dist.latent_goal_mode=min agent.actor.losses.min_dist.latent_goal_optim=sgd interaction.num_eval_episodes=200 interaction.num_test_episodes=200 agent.actor.losses.min_dist.adaptive_entropy_regularizer=true agent.actor.losses.min_dist.entropy_mc_samples=100 agent.actor.losses.min_dist.add_goal_as_future_state=true agent.actor.losses.behavior_cloning.weight=0 agent.goal_set_distance.enabled=false interaction.exploration_eps=0 interaction.validation_seed=1000 interaction.test_seed=2000000 eval_steps=null save_steps=20000 keep_only_latest_checkpoint=false save_replay_buffer=true save_final_replay_buffer=true
official_qrl_1q_GO-QRL+Min4-M_200k_20kckpt_val200_test200_reacher_v4_online_s1003	online	Reacher-v4	1003	200000	4.4m	env.kind=gym_mujoco +go_qrl_model_size=m agent.actor.losses.min_dist.latent_goal_steps=4 agent.actor.losses.min_dist.latent_goal_keep_best=true agent.actor.losses.min_dist.latent_goal_lr=0.01 agent.actor.losses.min_dist.latent_goal_search=direct agent.quasimetric_critic.model.encoder.branch_normalization=none agent.actor.losses.min_dist.latent_goal_mode=min agent.actor.losses.min_dist.latent_goal_optim=sgd interaction.num_eval_episodes=200 interaction.num_test_episodes=200 agent.actor.losses.min_dist.adaptive_entropy_regularizer=true agent.actor.losses.min_dist.entropy_mc_samples=100 agent.actor.losses.min_dist.add_goal_as_future_state=true agent.actor.losses.behavior_cloning.weight=0 agent.goal_set_distance.enabled=false interaction.exploration_eps=0 interaction.validation_seed=1000 interaction.test_seed=2000000 eval_steps=null save_steps=20000 keep_only_latest_checkpoint=false save_replay_buffer=true save_final_replay_buffer=true
official_qrl_1q_GO-QRL+Min4-M_200k_20kckpt_val200_test200_reacher_v4_online_s1004	online	Reacher-v4	1004	200000	4.4m	env.kind=gym_mujoco +go_qrl_model_size=m agent.actor.losses.min_dist.latent_goal_steps=4 agent.actor.losses.min_dist.latent_goal_keep_best=true agent.actor.losses.min_dist.latent_goal_lr=0.01 agent.actor.losses.min_dist.latent_goal_search=direct agent.quasimetric_critic.model.encoder.branch_normalization=none agent.actor.losses.min_dist.latent_goal_mode=min agent.actor.losses.min_dist.latent_goal_optim=sgd interaction.num_eval_episodes=200 interaction.num_test_episodes=200 agent.actor.losses.min_dist.adaptive_entropy_regularizer=true agent.actor.losses.min_dist.entropy_mc_samples=100 agent.actor.losses.min_dist.add_goal_as_future_state=true agent.actor.losses.behavior_cloning.weight=0 agent.goal_set_distance.enabled=false interaction.exploration_eps=0 interaction.validation_seed=1000 interaction.test_seed=2000000 eval_steps=null save_steps=20000 keep_only_latest_checkpoint=false save_replay_buffer=true save_final_replay_buffer=true
official_qrl_1q_GO-QRL+Max4+LN+RMSG-M_200k_20kckpt_val200_test200_reacher_v4_online_s1000	online	Reacher-v4	1000	200000	4.4m	env.kind=gym_mujoco +go_qrl_model_size=m agent.actor.losses.min_dist.latent_goal_steps=4 agent.actor.losses.min_dist.latent_goal_keep_best=true agent.actor.losses.min_dist.latent_goal_lr=0.01 agent.actor.losses.min_dist.latent_goal_search=direct agent.quasimetric_critic.model.encoder.branch_normalization=layernorm agent.actor.losses.min_dist.latent_goal_mode=max agent.actor.losses.min_dist.latent_goal_optim=rmsg interaction.num_eval_episodes=200 interaction.num_test_episodes=200 agent.actor.losses.min_dist.adaptive_entropy_regularizer=true agent.actor.losses.min_dist.entropy_mc_samples=100 agent.actor.losses.min_dist.add_goal_as_future_state=true agent.actor.losses.behavior_cloning.weight=0 agent.goal_set_distance.enabled=false interaction.exploration_eps=0 interaction.validation_seed=1000 interaction.test_seed=2000000 eval_steps=null save_steps=20000 keep_only_latest_checkpoint=false save_replay_buffer=true save_final_replay_buffer=true
official_qrl_1q_GO-QRL+Max4+LN+RMSG-M_200k_20kckpt_val200_test200_reacher_v4_online_s1001	online	Reacher-v4	1001	200000	4.4m	env.kind=gym_mujoco +go_qrl_model_size=m agent.actor.losses.min_dist.latent_goal_steps=4 agent.actor.losses.min_dist.latent_goal_keep_best=true agent.actor.losses.min_dist.latent_goal_lr=0.01 agent.actor.losses.min_dist.latent_goal_search=direct agent.quasimetric_critic.model.encoder.branch_normalization=layernorm agent.actor.losses.min_dist.latent_goal_mode=max agent.actor.losses.min_dist.latent_goal_optim=rmsg interaction.num_eval_episodes=200 interaction.num_test_episodes=200 agent.actor.losses.min_dist.adaptive_entropy_regularizer=true agent.actor.losses.min_dist.entropy_mc_samples=100 agent.actor.losses.min_dist.add_goal_as_future_state=true agent.actor.losses.behavior_cloning.weight=0 agent.goal_set_distance.enabled=false interaction.exploration_eps=0 interaction.validation_seed=1000 interaction.test_seed=2000000 eval_steps=null save_steps=20000 keep_only_latest_checkpoint=false save_replay_buffer=true save_final_replay_buffer=true
official_qrl_1q_GO-QRL+Max4+LN+RMSG-M_200k_20kckpt_val200_test200_reacher_v4_online_s1002	online	Reacher-v4	1002	200000	4.4m	env.kind=gym_mujoco +go_qrl_model_size=m agent.actor.losses.min_dist.latent_goal_steps=4 agent.actor.losses.min_dist.latent_goal_keep_best=true agent.actor.losses.min_dist.latent_goal_lr=0.01 agent.actor.losses.min_dist.latent_goal_search=direct agent.quasimetric_critic.model.encoder.branch_normalization=layernorm agent.actor.losses.min_dist.latent_goal_mode=max agent.actor.losses.min_dist.latent_goal_optim=rmsg interaction.num_eval_episodes=200 interaction.num_test_episodes=200 agent.actor.losses.min_dist.adaptive_entropy_regularizer=true agent.actor.losses.min_dist.entropy_mc_samples=100 agent.actor.losses.min_dist.add_goal_as_future_state=true agent.actor.losses.behavior_cloning.weight=0 agent.goal_set_distance.enabled=false interaction.exploration_eps=0 interaction.validation_seed=1000 interaction.test_seed=2000000 eval_steps=null save_steps=20000 keep_only_latest_checkpoint=false save_replay_buffer=true save_final_replay_buffer=true
official_qrl_1q_GO-QRL+Max4+LN+RMSG-M_200k_20kckpt_val200_test200_reacher_v4_online_s1003	online	Reacher-v4	1003	200000	4.4m	env.kind=gym_mujoco +go_qrl_model_size=m agent.actor.losses.min_dist.latent_goal_steps=4 agent.actor.losses.min_dist.latent_goal_keep_best=true agent.actor.losses.min_dist.latent_goal_lr=0.01 agent.actor.losses.min_dist.latent_goal_search=direct agent.quasimetric_critic.model.encoder.branch_normalization=layernorm agent.actor.losses.min_dist.latent_goal_mode=max agent.actor.losses.min_dist.latent_goal_optim=rmsg interaction.num_eval_episodes=200 interaction.num_test_episodes=200 agent.actor.losses.min_dist.adaptive_entropy_regularizer=true agent.actor.losses.min_dist.entropy_mc_samples=100 agent.actor.losses.min_dist.add_goal_as_future_state=true agent.actor.losses.behavior_cloning.weight=0 agent.goal_set_distance.enabled=false interaction.exploration_eps=0 interaction.validation_seed=1000 interaction.test_seed=2000000 eval_steps=null save_steps=20000 keep_only_latest_checkpoint=false save_replay_buffer=true save_final_replay_buffer=true
official_qrl_1q_GO-QRL+Max4+LN+RMSG-M_200k_20kckpt_val200_test200_reacher_v4_online_s1004	online	Reacher-v4	1004	200000	4.4m	env.kind=gym_mujoco +go_qrl_model_size=m agent.actor.losses.min_dist.latent_goal_steps=4 agent.actor.losses.min_dist.latent_goal_keep_best=true agent.actor.losses.min_dist.latent_goal_lr=0.01 agent.actor.losses.min_dist.latent_goal_search=direct agent.quasimetric_critic.model.encoder.branch_normalization=layernorm agent.actor.losses.min_dist.latent_goal_mode=max agent.actor.losses.min_dist.latent_goal_optim=rmsg interaction.num_eval_episodes=200 interaction.num_test_episodes=200 agent.actor.losses.min_dist.adaptive_entropy_regularizer=true agent.actor.losses.min_dist.entropy_mc_samples=100 agent.actor.losses.min_dist.add_goal_as_future_state=true agent.actor.losses.behavior_cloning.weight=0 agent.goal_set_distance.enabled=false interaction.exploration_eps=0 interaction.validation_seed=1000 interaction.test_seed=2000000 eval_steps=null save_steps=20000 keep_only_latest_checkpoint=false save_replay_buffer=true save_final_replay_buffer=true
official_qrl_1q_GO-QRL+Min4+LN+RMSG-M_200k_20kckpt_val200_test200_reacher_v4_online_s1000	online	Reacher-v4	1000	200000	4.4m	env.kind=gym_mujoco +go_qrl_model_size=m agent.actor.losses.min_dist.latent_goal_steps=4 agent.actor.losses.min_dist.latent_goal_keep_best=true agent.actor.losses.min_dist.latent_goal_lr=0.01 agent.actor.losses.min_dist.latent_goal_search=direct agent.quasimetric_critic.model.encoder.branch_normalization=layernorm agent.actor.losses.min_dist.latent_goal_mode=min agent.actor.losses.min_dist.latent_goal_optim=rmsg interaction.num_eval_episodes=200 interaction.num_test_episodes=200 agent.actor.losses.min_dist.adaptive_entropy_regularizer=true agent.actor.losses.min_dist.entropy_mc_samples=100 agent.actor.losses.min_dist.add_goal_as_future_state=true agent.actor.losses.behavior_cloning.weight=0 agent.goal_set_distance.enabled=false interaction.exploration_eps=0 interaction.validation_seed=1000 interaction.test_seed=2000000 eval_steps=null save_steps=20000 keep_only_latest_checkpoint=false save_replay_buffer=true save_final_replay_buffer=true
official_qrl_1q_GO-QRL+Min4+LN+RMSG-M_200k_20kckpt_val200_test200_reacher_v4_online_s1001	online	Reacher-v4	1001	200000	4.4m	env.kind=gym_mujoco +go_qrl_model_size=m agent.actor.losses.min_dist.latent_goal_steps=4 agent.actor.losses.min_dist.latent_goal_keep_best=true agent.actor.losses.min_dist.latent_goal_lr=0.01 agent.actor.losses.min_dist.latent_goal_search=direct agent.quasimetric_critic.model.encoder.branch_normalization=layernorm agent.actor.losses.min_dist.latent_goal_mode=min agent.actor.losses.min_dist.latent_goal_optim=rmsg interaction.num_eval_episodes=200 interaction.num_test_episodes=200 agent.actor.losses.min_dist.adaptive_entropy_regularizer=true agent.actor.losses.min_dist.entropy_mc_samples=100 agent.actor.losses.min_dist.add_goal_as_future_state=true agent.actor.losses.behavior_cloning.weight=0 agent.goal_set_distance.enabled=false interaction.exploration_eps=0 interaction.validation_seed=1000 interaction.test_seed=2000000 eval_steps=null save_steps=20000 keep_only_latest_checkpoint=false save_replay_buffer=true save_final_replay_buffer=true
official_qrl_1q_GO-QRL+Min4+LN+RMSG-M_200k_20kckpt_val200_test200_reacher_v4_online_s1002	online	Reacher-v4	1002	200000	4.4m	env.kind=gym_mujoco +go_qrl_model_size=m agent.actor.losses.min_dist.latent_goal_steps=4 agent.actor.losses.min_dist.latent_goal_keep_best=true agent.actor.losses.min_dist.latent_goal_lr=0.01 agent.actor.losses.min_dist.latent_goal_search=direct agent.quasimetric_critic.model.encoder.branch_normalization=layernorm agent.actor.losses.min_dist.latent_goal_mode=min agent.actor.losses.min_dist.latent_goal_optim=rmsg interaction.num_eval_episodes=200 interaction.num_test_episodes=200 agent.actor.losses.min_dist.adaptive_entropy_regularizer=true agent.actor.losses.min_dist.entropy_mc_samples=100 agent.actor.losses.min_dist.add_goal_as_future_state=true agent.actor.losses.behavior_cloning.weight=0 agent.goal_set_distance.enabled=false interaction.exploration_eps=0 interaction.validation_seed=1000 interaction.test_seed=2000000 eval_steps=null save_steps=20000 keep_only_latest_checkpoint=false save_replay_buffer=true save_final_replay_buffer=true
official_qrl_1q_GO-QRL+Min4+LN+RMSG-M_200k_20kckpt_val200_test200_reacher_v4_online_s1003	online	Reacher-v4	1003	200000	4.4m	env.kind=gym_mujoco +go_qrl_model_size=m agent.actor.losses.min_dist.latent_goal_steps=4 agent.actor.losses.min_dist.latent_goal_keep_best=true agent.actor.losses.min_dist.latent_goal_lr=0.01 agent.actor.losses.min_dist.latent_goal_search=direct agent.quasimetric_critic.model.encoder.branch_normalization=layernorm agent.actor.losses.min_dist.latent_goal_mode=min agent.actor.losses.min_dist.latent_goal_optim=rmsg interaction.num_eval_episodes=200 interaction.num_test_episodes=200 agent.actor.losses.min_dist.adaptive_entropy_regularizer=true agent.actor.losses.min_dist.entropy_mc_samples=100 agent.actor.losses.min_dist.add_goal_as_future_state=true agent.actor.losses.behavior_cloning.weight=0 agent.goal_set_distance.enabled=false interaction.exploration_eps=0 interaction.validation_seed=1000 interaction.test_seed=2000000 eval_steps=null save_steps=20000 keep_only_latest_checkpoint=false save_replay_buffer=true save_final_replay_buffer=true
official_qrl_1q_GO-QRL+Min4+LN+RMSG-M_200k_20kckpt_val200_test200_reacher_v4_online_s1004	online	Reacher-v4	1004	200000	4.4m	env.kind=gym_mujoco +go_qrl_model_size=m agent.actor.losses.min_dist.latent_goal_steps=4 agent.actor.losses.min_dist.latent_goal_keep_best=true agent.actor.losses.min_dist.latent_goal_lr=0.01 agent.actor.losses.min_dist.latent_goal_search=direct agent.quasimetric_critic.model.encoder.branch_normalization=layernorm agent.actor.losses.min_dist.latent_goal_mode=min agent.actor.losses.min_dist.latent_goal_optim=rmsg interaction.num_eval_episodes=200 interaction.num_test_episodes=200 agent.actor.losses.min_dist.adaptive_entropy_regularizer=true agent.actor.losses.min_dist.entropy_mc_samples=100 agent.actor.losses.min_dist.add_goal_as_future_state=true agent.actor.losses.behavior_cloning.weight=0 agent.goal_set_distance.enabled=false interaction.exploration_eps=0 interaction.validation_seed=1000 interaction.test_seed=2000000 eval_steps=null save_steps=20000 keep_only_latest_checkpoint=false save_replay_buffer=true save_final_replay_buffer=true
official_qrl_1q_Base-M_200k_20kckpt_val200_test200_pusher_v4_online_s1000	online	Pusher-v4	1000	200000	4.2m	env.kind=gym_mujoco +qrl_model_size=m interaction.num_eval_episodes=200 interaction.num_test_episodes=200 agent.actor.losses.min_dist.adaptive_entropy_regularizer=true agent.actor.losses.min_dist.entropy_mc_samples=100 agent.actor.losses.min_dist.add_goal_as_future_state=true agent.actor.losses.behavior_cloning.weight=0 agent.goal_set_distance.enabled=false interaction.exploration_eps=0 interaction.validation_seed=1000 interaction.test_seed=2000000 eval_steps=null save_steps=20000 keep_only_latest_checkpoint=false save_replay_buffer=true save_final_replay_buffer=true
official_qrl_1q_Base-M_200k_20kckpt_val200_test200_pusher_v4_online_s1001	online	Pusher-v4	1001	200000	4.2m	env.kind=gym_mujoco +qrl_model_size=m interaction.num_eval_episodes=200 interaction.num_test_episodes=200 agent.actor.losses.min_dist.adaptive_entropy_regularizer=true agent.actor.losses.min_dist.entropy_mc_samples=100 agent.actor.losses.min_dist.add_goal_as_future_state=true agent.actor.losses.behavior_cloning.weight=0 agent.goal_set_distance.enabled=false interaction.exploration_eps=0 interaction.validation_seed=1000 interaction.test_seed=2000000 eval_steps=null save_steps=20000 keep_only_latest_checkpoint=false save_replay_buffer=true save_final_replay_buffer=true
official_qrl_1q_Base-M_200k_20kckpt_val200_test200_pusher_v4_online_s1002	online	Pusher-v4	1002	200000	4.2m	env.kind=gym_mujoco +qrl_model_size=m interaction.num_eval_episodes=200 interaction.num_test_episodes=200 agent.actor.losses.min_dist.adaptive_entropy_regularizer=true agent.actor.losses.min_dist.entropy_mc_samples=100 agent.actor.losses.min_dist.add_goal_as_future_state=true agent.actor.losses.behavior_cloning.weight=0 agent.goal_set_distance.enabled=false interaction.exploration_eps=0 interaction.validation_seed=1000 interaction.test_seed=2000000 eval_steps=null save_steps=20000 keep_only_latest_checkpoint=false save_replay_buffer=true save_final_replay_buffer=true
official_qrl_1q_Base-M_200k_20kckpt_val200_test200_pusher_v4_online_s1003	online	Pusher-v4	1003	200000	4.2m	env.kind=gym_mujoco +qrl_model_size=m interaction.num_eval_episodes=200 interaction.num_test_episodes=200 agent.actor.losses.min_dist.adaptive_entropy_regularizer=true agent.actor.losses.min_dist.entropy_mc_samples=100 agent.actor.losses.min_dist.add_goal_as_future_state=true agent.actor.losses.behavior_cloning.weight=0 agent.goal_set_distance.enabled=false interaction.exploration_eps=0 interaction.validation_seed=1000 interaction.test_seed=2000000 eval_steps=null save_steps=20000 keep_only_latest_checkpoint=false save_replay_buffer=true save_final_replay_buffer=true
official_qrl_1q_Base-M_200k_20kckpt_val200_test200_pusher_v4_online_s1004	online	Pusher-v4	1004	200000	4.2m	env.kind=gym_mujoco +qrl_model_size=m interaction.num_eval_episodes=200 interaction.num_test_episodes=200 agent.actor.losses.min_dist.adaptive_entropy_regularizer=true agent.actor.losses.min_dist.entropy_mc_samples=100 agent.actor.losses.min_dist.add_goal_as_future_state=true agent.actor.losses.behavior_cloning.weight=0 agent.goal_set_distance.enabled=false interaction.exploration_eps=0 interaction.validation_seed=1000 interaction.test_seed=2000000 eval_steps=null save_steps=20000 keep_only_latest_checkpoint=false save_replay_buffer=true save_final_replay_buffer=true
official_qrl_1q_GO-QRL+Max4-M_200k_20kckpt_val200_test200_pusher_v4_online_s1000	online	Pusher-v4	1000	200000	4.4m	env.kind=gym_mujoco +go_qrl_model_size=m agent.actor.losses.min_dist.latent_goal_steps=4 agent.actor.losses.min_dist.latent_goal_keep_best=true agent.actor.losses.min_dist.latent_goal_lr=0.01 agent.actor.losses.min_dist.latent_goal_search=direct agent.quasimetric_critic.model.encoder.branch_normalization=none agent.actor.losses.min_dist.latent_goal_mode=max agent.actor.losses.min_dist.latent_goal_optim=sgd interaction.num_eval_episodes=200 interaction.num_test_episodes=200 agent.actor.losses.min_dist.adaptive_entropy_regularizer=true agent.actor.losses.min_dist.entropy_mc_samples=100 agent.actor.losses.min_dist.add_goal_as_future_state=true agent.actor.losses.behavior_cloning.weight=0 agent.goal_set_distance.enabled=false interaction.exploration_eps=0 interaction.validation_seed=1000 interaction.test_seed=2000000 eval_steps=null save_steps=20000 keep_only_latest_checkpoint=false save_replay_buffer=true save_final_replay_buffer=true
official_qrl_1q_GO-QRL+Max4-M_200k_20kckpt_val200_test200_pusher_v4_online_s1001	online	Pusher-v4	1001	200000	4.4m	env.kind=gym_mujoco +go_qrl_model_size=m agent.actor.losses.min_dist.latent_goal_steps=4 agent.actor.losses.min_dist.latent_goal_keep_best=true agent.actor.losses.min_dist.latent_goal_lr=0.01 agent.actor.losses.min_dist.latent_goal_search=direct agent.quasimetric_critic.model.encoder.branch_normalization=none agent.actor.losses.min_dist.latent_goal_mode=max agent.actor.losses.min_dist.latent_goal_optim=sgd interaction.num_eval_episodes=200 interaction.num_test_episodes=200 agent.actor.losses.min_dist.adaptive_entropy_regularizer=true agent.actor.losses.min_dist.entropy_mc_samples=100 agent.actor.losses.min_dist.add_goal_as_future_state=true agent.actor.losses.behavior_cloning.weight=0 agent.goal_set_distance.enabled=false interaction.exploration_eps=0 interaction.validation_seed=1000 interaction.test_seed=2000000 eval_steps=null save_steps=20000 keep_only_latest_checkpoint=false save_replay_buffer=true save_final_replay_buffer=true
official_qrl_1q_GO-QRL+Max4-M_200k_20kckpt_val200_test200_pusher_v4_online_s1002	online	Pusher-v4	1002	200000	4.4m	env.kind=gym_mujoco +go_qrl_model_size=m agent.actor.losses.min_dist.latent_goal_steps=4 agent.actor.losses.min_dist.latent_goal_keep_best=true agent.actor.losses.min_dist.latent_goal_lr=0.01 agent.actor.losses.min_dist.latent_goal_search=direct agent.quasimetric_critic.model.encoder.branch_normalization=none agent.actor.losses.min_dist.latent_goal_mode=max agent.actor.losses.min_dist.latent_goal_optim=sgd interaction.num_eval_episodes=200 interaction.num_test_episodes=200 agent.actor.losses.min_dist.adaptive_entropy_regularizer=true agent.actor.losses.min_dist.entropy_mc_samples=100 agent.actor.losses.min_dist.add_goal_as_future_state=true agent.actor.losses.behavior_cloning.weight=0 agent.goal_set_distance.enabled=false interaction.exploration_eps=0 interaction.validation_seed=1000 interaction.test_seed=2000000 eval_steps=null save_steps=20000 keep_only_latest_checkpoint=false save_replay_buffer=true save_final_replay_buffer=true
official_qrl_1q_GO-QRL+Max4-M_200k_20kckpt_val200_test200_pusher_v4_online_s1003	online	Pusher-v4	1003	200000	4.4m	env.kind=gym_mujoco +go_qrl_model_size=m agent.actor.losses.min_dist.latent_goal_steps=4 agent.actor.losses.min_dist.latent_goal_keep_best=true agent.actor.losses.min_dist.latent_goal_lr=0.01 agent.actor.losses.min_dist.latent_goal_search=direct agent.quasimetric_critic.model.encoder.branch_normalization=none agent.actor.losses.min_dist.latent_goal_mode=max agent.actor.losses.min_dist.latent_goal_optim=sgd interaction.num_eval_episodes=200 interaction.num_test_episodes=200 agent.actor.losses.min_dist.adaptive_entropy_regularizer=true agent.actor.losses.min_dist.entropy_mc_samples=100 agent.actor.losses.min_dist.add_goal_as_future_state=true agent.actor.losses.behavior_cloning.weight=0 agent.goal_set_distance.enabled=false interaction.exploration_eps=0 interaction.validation_seed=1000 interaction.test_seed=2000000 eval_steps=null save_steps=20000 keep_only_latest_checkpoint=false save_replay_buffer=true save_final_replay_buffer=true
official_qrl_1q_GO-QRL+Max4-M_200k_20kckpt_val200_test200_pusher_v4_online_s1004	online	Pusher-v4	1004	200000	4.4m	env.kind=gym_mujoco +go_qrl_model_size=m agent.actor.losses.min_dist.latent_goal_steps=4 agent.actor.losses.min_dist.latent_goal_keep_best=true agent.actor.losses.min_dist.latent_goal_lr=0.01 agent.actor.losses.min_dist.latent_goal_search=direct agent.quasimetric_critic.model.encoder.branch_normalization=none agent.actor.losses.min_dist.latent_goal_mode=max agent.actor.losses.min_dist.latent_goal_optim=sgd interaction.num_eval_episodes=200 interaction.num_test_episodes=200 agent.actor.losses.min_dist.adaptive_entropy_regularizer=true agent.actor.losses.min_dist.entropy_mc_samples=100 agent.actor.losses.min_dist.add_goal_as_future_state=true agent.actor.losses.behavior_cloning.weight=0 agent.goal_set_distance.enabled=false interaction.exploration_eps=0 interaction.validation_seed=1000 interaction.test_seed=2000000 eval_steps=null save_steps=20000 keep_only_latest_checkpoint=false save_replay_buffer=true save_final_replay_buffer=true
official_qrl_1q_GO-QRL+Min4-M_200k_20kckpt_val200_test200_pusher_v4_online_s1000	online	Pusher-v4	1000	200000	4.4m	env.kind=gym_mujoco +go_qrl_model_size=m agent.actor.losses.min_dist.latent_goal_steps=4 agent.actor.losses.min_dist.latent_goal_keep_best=true agent.actor.losses.min_dist.latent_goal_lr=0.01 agent.actor.losses.min_dist.latent_goal_search=direct agent.quasimetric_critic.model.encoder.branch_normalization=none agent.actor.losses.min_dist.latent_goal_mode=min agent.actor.losses.min_dist.latent_goal_optim=sgd interaction.num_eval_episodes=200 interaction.num_test_episodes=200 agent.actor.losses.min_dist.adaptive_entropy_regularizer=true agent.actor.losses.min_dist.entropy_mc_samples=100 agent.actor.losses.min_dist.add_goal_as_future_state=true agent.actor.losses.behavior_cloning.weight=0 agent.goal_set_distance.enabled=false interaction.exploration_eps=0 interaction.validation_seed=1000 interaction.test_seed=2000000 eval_steps=null save_steps=20000 keep_only_latest_checkpoint=false save_replay_buffer=true save_final_replay_buffer=true
official_qrl_1q_GO-QRL+Min4-M_200k_20kckpt_val200_test200_pusher_v4_online_s1001	online	Pusher-v4	1001	200000	4.4m	env.kind=gym_mujoco +go_qrl_model_size=m agent.actor.losses.min_dist.latent_goal_steps=4 agent.actor.losses.min_dist.latent_goal_keep_best=true agent.actor.losses.min_dist.latent_goal_lr=0.01 agent.actor.losses.min_dist.latent_goal_search=direct agent.quasimetric_critic.model.encoder.branch_normalization=none agent.actor.losses.min_dist.latent_goal_mode=min agent.actor.losses.min_dist.latent_goal_optim=sgd interaction.num_eval_episodes=200 interaction.num_test_episodes=200 agent.actor.losses.min_dist.adaptive_entropy_regularizer=true agent.actor.losses.min_dist.entropy_mc_samples=100 agent.actor.losses.min_dist.add_goal_as_future_state=true agent.actor.losses.behavior_cloning.weight=0 agent.goal_set_distance.enabled=false interaction.exploration_eps=0 interaction.validation_seed=1000 interaction.test_seed=2000000 eval_steps=null save_steps=20000 keep_only_latest_checkpoint=false save_replay_buffer=true save_final_replay_buffer=true
official_qrl_1q_GO-QRL+Min4-M_200k_20kckpt_val200_test200_pusher_v4_online_s1002	online	Pusher-v4	1002	200000	4.4m	env.kind=gym_mujoco +go_qrl_model_size=m agent.actor.losses.min_dist.latent_goal_steps=4 agent.actor.losses.min_dist.latent_goal_keep_best=true agent.actor.losses.min_dist.latent_goal_lr=0.01 agent.actor.losses.min_dist.latent_goal_search=direct agent.quasimetric_critic.model.encoder.branch_normalization=none agent.actor.losses.min_dist.latent_goal_mode=min agent.actor.losses.min_dist.latent_goal_optim=sgd interaction.num_eval_episodes=200 interaction.num_test_episodes=200 agent.actor.losses.min_dist.adaptive_entropy_regularizer=true agent.actor.losses.min_dist.entropy_mc_samples=100 agent.actor.losses.min_dist.add_goal_as_future_state=true agent.actor.losses.behavior_cloning.weight=0 agent.goal_set_distance.enabled=false interaction.exploration_eps=0 interaction.validation_seed=1000 interaction.test_seed=2000000 eval_steps=null save_steps=20000 keep_only_latest_checkpoint=false save_replay_buffer=true save_final_replay_buffer=true
official_qrl_1q_GO-QRL+Min4-M_200k_20kckpt_val200_test200_pusher_v4_online_s1003	online	Pusher-v4	1003	200000	4.4m	env.kind=gym_mujoco +go_qrl_model_size=m agent.actor.losses.min_dist.latent_goal_steps=4 agent.actor.losses.min_dist.latent_goal_keep_best=true agent.actor.losses.min_dist.latent_goal_lr=0.01 agent.actor.losses.min_dist.latent_goal_search=direct agent.quasimetric_critic.model.encoder.branch_normalization=none agent.actor.losses.min_dist.latent_goal_mode=min agent.actor.losses.min_dist.latent_goal_optim=sgd interaction.num_eval_episodes=200 interaction.num_test_episodes=200 agent.actor.losses.min_dist.adaptive_entropy_regularizer=true agent.actor.losses.min_dist.entropy_mc_samples=100 agent.actor.losses.min_dist.add_goal_as_future_state=true agent.actor.losses.behavior_cloning.weight=0 agent.goal_set_distance.enabled=false interaction.exploration_eps=0 interaction.validation_seed=1000 interaction.test_seed=2000000 eval_steps=null save_steps=20000 keep_only_latest_checkpoint=false save_replay_buffer=true save_final_replay_buffer=true
official_qrl_1q_GO-QRL+Min4-M_200k_20kckpt_val200_test200_pusher_v4_online_s1004	online	Pusher-v4	1004	200000	4.4m	env.kind=gym_mujoco +go_qrl_model_size=m agent.actor.losses.min_dist.latent_goal_steps=4 agent.actor.losses.min_dist.latent_goal_keep_best=true agent.actor.losses.min_dist.latent_goal_lr=0.01 agent.actor.losses.min_dist.latent_goal_search=direct agent.quasimetric_critic.model.encoder.branch_normalization=none agent.actor.losses.min_dist.latent_goal_mode=min agent.actor.losses.min_dist.latent_goal_optim=sgd interaction.num_eval_episodes=200 interaction.num_test_episodes=200 agent.actor.losses.min_dist.adaptive_entropy_regularizer=true agent.actor.losses.min_dist.entropy_mc_samples=100 agent.actor.losses.min_dist.add_goal_as_future_state=true agent.actor.losses.behavior_cloning.weight=0 agent.goal_set_distance.enabled=false interaction.exploration_eps=0 interaction.validation_seed=1000 interaction.test_seed=2000000 eval_steps=null save_steps=20000 keep_only_latest_checkpoint=false save_replay_buffer=true save_final_replay_buffer=true
official_qrl_1q_GO-QRL+Max4+LN+RMSG-M_200k_20kckpt_val200_test200_pusher_v4_online_s1000	online	Pusher-v4	1000	200000	4.4m	env.kind=gym_mujoco +go_qrl_model_size=m agent.actor.losses.min_dist.latent_goal_steps=4 agent.actor.losses.min_dist.latent_goal_keep_best=true agent.actor.losses.min_dist.latent_goal_lr=0.01 agent.actor.losses.min_dist.latent_goal_search=direct agent.quasimetric_critic.model.encoder.branch_normalization=layernorm agent.actor.losses.min_dist.latent_goal_mode=max agent.actor.losses.min_dist.latent_goal_optim=rmsg interaction.num_eval_episodes=200 interaction.num_test_episodes=200 agent.actor.losses.min_dist.adaptive_entropy_regularizer=true agent.actor.losses.min_dist.entropy_mc_samples=100 agent.actor.losses.min_dist.add_goal_as_future_state=true agent.actor.losses.behavior_cloning.weight=0 agent.goal_set_distance.enabled=false interaction.exploration_eps=0 interaction.validation_seed=1000 interaction.test_seed=2000000 eval_steps=null save_steps=20000 keep_only_latest_checkpoint=false save_replay_buffer=true save_final_replay_buffer=true
official_qrl_1q_GO-QRL+Max4+LN+RMSG-M_200k_20kckpt_val200_test200_pusher_v4_online_s1001	online	Pusher-v4	1001	200000	4.4m	env.kind=gym_mujoco +go_qrl_model_size=m agent.actor.losses.min_dist.latent_goal_steps=4 agent.actor.losses.min_dist.latent_goal_keep_best=true agent.actor.losses.min_dist.latent_goal_lr=0.01 agent.actor.losses.min_dist.latent_goal_search=direct agent.quasimetric_critic.model.encoder.branch_normalization=layernorm agent.actor.losses.min_dist.latent_goal_mode=max agent.actor.losses.min_dist.latent_goal_optim=rmsg interaction.num_eval_episodes=200 interaction.num_test_episodes=200 agent.actor.losses.min_dist.adaptive_entropy_regularizer=true agent.actor.losses.min_dist.entropy_mc_samples=100 agent.actor.losses.min_dist.add_goal_as_future_state=true agent.actor.losses.behavior_cloning.weight=0 agent.goal_set_distance.enabled=false interaction.exploration_eps=0 interaction.validation_seed=1000 interaction.test_seed=2000000 eval_steps=null save_steps=20000 keep_only_latest_checkpoint=false save_replay_buffer=true save_final_replay_buffer=true
official_qrl_1q_GO-QRL+Max4+LN+RMSG-M_200k_20kckpt_val200_test200_pusher_v4_online_s1002	online	Pusher-v4	1002	200000	4.4m	env.kind=gym_mujoco +go_qrl_model_size=m agent.actor.losses.min_dist.latent_goal_steps=4 agent.actor.losses.min_dist.latent_goal_keep_best=true agent.actor.losses.min_dist.latent_goal_lr=0.01 agent.actor.losses.min_dist.latent_goal_search=direct agent.quasimetric_critic.model.encoder.branch_normalization=layernorm agent.actor.losses.min_dist.latent_goal_mode=max agent.actor.losses.min_dist.latent_goal_optim=rmsg interaction.num_eval_episodes=200 interaction.num_test_episodes=200 agent.actor.losses.min_dist.adaptive_entropy_regularizer=true agent.actor.losses.min_dist.entropy_mc_samples=100 agent.actor.losses.min_dist.add_goal_as_future_state=true agent.actor.losses.behavior_cloning.weight=0 agent.goal_set_distance.enabled=false interaction.exploration_eps=0 interaction.validation_seed=1000 interaction.test_seed=2000000 eval_steps=null save_steps=20000 keep_only_latest_checkpoint=false save_replay_buffer=true save_final_replay_buffer=true
official_qrl_1q_GO-QRL+Max4+LN+RMSG-M_200k_20kckpt_val200_test200_pusher_v4_online_s1003	online	Pusher-v4	1003	200000	4.4m	env.kind=gym_mujoco +go_qrl_model_size=m agent.actor.losses.min_dist.latent_goal_steps=4 agent.actor.losses.min_dist.latent_goal_keep_best=true agent.actor.losses.min_dist.latent_goal_lr=0.01 agent.actor.losses.min_dist.latent_goal_search=direct agent.quasimetric_critic.model.encoder.branch_normalization=layernorm agent.actor.losses.min_dist.latent_goal_mode=max agent.actor.losses.min_dist.latent_goal_optim=rmsg interaction.num_eval_episodes=200 interaction.num_test_episodes=200 agent.actor.losses.min_dist.adaptive_entropy_regularizer=true agent.actor.losses.min_dist.entropy_mc_samples=100 agent.actor.losses.min_dist.add_goal_as_future_state=true agent.actor.losses.behavior_cloning.weight=0 agent.goal_set_distance.enabled=false interaction.exploration_eps=0 interaction.validation_seed=1000 interaction.test_seed=2000000 eval_steps=null save_steps=20000 keep_only_latest_checkpoint=false save_replay_buffer=true save_final_replay_buffer=true
official_qrl_1q_GO-QRL+Max4+LN+RMSG-M_200k_20kckpt_val200_test200_pusher_v4_online_s1004	online	Pusher-v4	1004	200000	4.4m	env.kind=gym_mujoco +go_qrl_model_size=m agent.actor.losses.min_dist.latent_goal_steps=4 agent.actor.losses.min_dist.latent_goal_keep_best=true agent.actor.losses.min_dist.latent_goal_lr=0.01 agent.actor.losses.min_dist.latent_goal_search=direct agent.quasimetric_critic.model.encoder.branch_normalization=layernorm agent.actor.losses.min_dist.latent_goal_mode=max agent.actor.losses.min_dist.latent_goal_optim=rmsg interaction.num_eval_episodes=200 interaction.num_test_episodes=200 agent.actor.losses.min_dist.adaptive_entropy_regularizer=true agent.actor.losses.min_dist.entropy_mc_samples=100 agent.actor.losses.min_dist.add_goal_as_future_state=true agent.actor.losses.behavior_cloning.weight=0 agent.goal_set_distance.enabled=false interaction.exploration_eps=0 interaction.validation_seed=1000 interaction.test_seed=2000000 eval_steps=null save_steps=20000 keep_only_latest_checkpoint=false save_replay_buffer=true save_final_replay_buffer=true
official_qrl_1q_GO-QRL+Min4+LN+RMSG-M_200k_20kckpt_val200_test200_pusher_v4_online_s1000	online	Pusher-v4	1000	200000	4.4m	env.kind=gym_mujoco +go_qrl_model_size=m agent.actor.losses.min_dist.latent_goal_steps=4 agent.actor.losses.min_dist.latent_goal_keep_best=true agent.actor.losses.min_dist.latent_goal_lr=0.01 agent.actor.losses.min_dist.latent_goal_search=direct agent.quasimetric_critic.model.encoder.branch_normalization=layernorm agent.actor.losses.min_dist.latent_goal_mode=min agent.actor.losses.min_dist.latent_goal_optim=rmsg interaction.num_eval_episodes=200 interaction.num_test_episodes=200 agent.actor.losses.min_dist.adaptive_entropy_regularizer=true agent.actor.losses.min_dist.entropy_mc_samples=100 agent.actor.losses.min_dist.add_goal_as_future_state=true agent.actor.losses.behavior_cloning.weight=0 agent.goal_set_distance.enabled=false interaction.exploration_eps=0 interaction.validation_seed=1000 interaction.test_seed=2000000 eval_steps=null save_steps=20000 keep_only_latest_checkpoint=false save_replay_buffer=true save_final_replay_buffer=true
official_qrl_1q_GO-QRL+Min4+LN+RMSG-M_200k_20kckpt_val200_test200_pusher_v4_online_s1001	online	Pusher-v4	1001	200000	4.4m	env.kind=gym_mujoco +go_qrl_model_size=m agent.actor.losses.min_dist.latent_goal_steps=4 agent.actor.losses.min_dist.latent_goal_keep_best=true agent.actor.losses.min_dist.latent_goal_lr=0.01 agent.actor.losses.min_dist.latent_goal_search=direct agent.quasimetric_critic.model.encoder.branch_normalization=layernorm agent.actor.losses.min_dist.latent_goal_mode=min agent.actor.losses.min_dist.latent_goal_optim=rmsg interaction.num_eval_episodes=200 interaction.num_test_episodes=200 agent.actor.losses.min_dist.adaptive_entropy_regularizer=true agent.actor.losses.min_dist.entropy_mc_samples=100 agent.actor.losses.min_dist.add_goal_as_future_state=true agent.actor.losses.behavior_cloning.weight=0 agent.goal_set_distance.enabled=false interaction.exploration_eps=0 interaction.validation_seed=1000 interaction.test_seed=2000000 eval_steps=null save_steps=20000 keep_only_latest_checkpoint=false save_replay_buffer=true save_final_replay_buffer=true
official_qrl_1q_GO-QRL+Min4+LN+RMSG-M_200k_20kckpt_val200_test200_pusher_v4_online_s1002	online	Pusher-v4	1002	200000	4.4m	env.kind=gym_mujoco +go_qrl_model_size=m agent.actor.losses.min_dist.latent_goal_steps=4 agent.actor.losses.min_dist.latent_goal_keep_best=true agent.actor.losses.min_dist.latent_goal_lr=0.01 agent.actor.losses.min_dist.latent_goal_search=direct agent.quasimetric_critic.model.encoder.branch_normalization=layernorm agent.actor.losses.min_dist.latent_goal_mode=min agent.actor.losses.min_dist.latent_goal_optim=rmsg interaction.num_eval_episodes=200 interaction.num_test_episodes=200 agent.actor.losses.min_dist.adaptive_entropy_regularizer=true agent.actor.losses.min_dist.entropy_mc_samples=100 agent.actor.losses.min_dist.add_goal_as_future_state=true agent.actor.losses.behavior_cloning.weight=0 agent.goal_set_distance.enabled=false interaction.exploration_eps=0 interaction.validation_seed=1000 interaction.test_seed=2000000 eval_steps=null save_steps=20000 keep_only_latest_checkpoint=false save_replay_buffer=true save_final_replay_buffer=true
official_qrl_1q_GO-QRL+Min4+LN+RMSG-M_200k_20kckpt_val200_test200_pusher_v4_online_s1003	online	Pusher-v4	1003	200000	4.4m	env.kind=gym_mujoco +go_qrl_model_size=m agent.actor.losses.min_dist.latent_goal_steps=4 agent.actor.losses.min_dist.latent_goal_keep_best=true agent.actor.losses.min_dist.latent_goal_lr=0.01 agent.actor.losses.min_dist.latent_goal_search=direct agent.quasimetric_critic.model.encoder.branch_normalization=layernorm agent.actor.losses.min_dist.latent_goal_mode=min agent.actor.losses.min_dist.latent_goal_optim=rmsg interaction.num_eval_episodes=200 interaction.num_test_episodes=200 agent.actor.losses.min_dist.adaptive_entropy_regularizer=true agent.actor.losses.min_dist.entropy_mc_samples=100 agent.actor.losses.min_dist.add_goal_as_future_state=true agent.actor.losses.behavior_cloning.weight=0 agent.goal_set_distance.enabled=false interaction.exploration_eps=0 interaction.validation_seed=1000 interaction.test_seed=2000000 eval_steps=null save_steps=20000 keep_only_latest_checkpoint=false save_replay_buffer=true save_final_replay_buffer=true
official_qrl_1q_GO-QRL+Min4+LN+RMSG-M_200k_20kckpt_val200_test200_pusher_v4_online_s1004	online	Pusher-v4	1004	200000	4.4m	env.kind=gym_mujoco +go_qrl_model_size=m agent.actor.losses.min_dist.latent_goal_steps=4 agent.actor.losses.min_dist.latent_goal_keep_best=true agent.actor.losses.min_dist.latent_goal_lr=0.01 agent.actor.losses.min_dist.latent_goal_search=direct agent.quasimetric_critic.model.encoder.branch_normalization=layernorm agent.actor.losses.min_dist.latent_goal_mode=min agent.actor.losses.min_dist.latent_goal_optim=rmsg interaction.num_eval_episodes=200 interaction.num_test_episodes=200 agent.actor.losses.min_dist.adaptive_entropy_regularizer=true agent.actor.losses.min_dist.entropy_mc_samples=100 agent.actor.losses.min_dist.add_goal_as_future_state=true agent.actor.losses.behavior_cloning.weight=0 agent.goal_set_distance.enabled=false interaction.exploration_eps=0 interaction.validation_seed=1000 interaction.test_seed=2000000 eval_steps=null save_steps=20000 keep_only_latest_checkpoint=false save_replay_buffer=true save_final_replay_buffer=true
official_qrl_1q_Base-M_200k_20kckpt_val100_test100_antnavigate_v4_online_s1000	online	AntNavigate-v4	1000	200000	4.4m	env.kind=gym_mujoco +qrl_model_size=m interaction.num_eval_episodes=100 interaction.num_test_episodes=100 agent.actor.losses.min_dist.adaptive_entropy_regularizer=true agent.actor.losses.min_dist.entropy_mc_samples=100 agent.actor.losses.min_dist.add_goal_as_future_state=true agent.actor.losses.behavior_cloning.weight=0 agent.goal_set_distance.enabled=false interaction.exploration_eps=0 interaction.validation_seed=1000 interaction.test_seed=2000000 eval_steps=null save_steps=20000 keep_only_latest_checkpoint=false save_replay_buffer=true save_final_replay_buffer=true
official_qrl_1q_Base-M_200k_20kckpt_val100_test100_antnavigate_v4_online_s1001	online	AntNavigate-v4	1001	200000	4.4m	env.kind=gym_mujoco +qrl_model_size=m interaction.num_eval_episodes=100 interaction.num_test_episodes=100 agent.actor.losses.min_dist.adaptive_entropy_regularizer=true agent.actor.losses.min_dist.entropy_mc_samples=100 agent.actor.losses.min_dist.add_goal_as_future_state=true agent.actor.losses.behavior_cloning.weight=0 agent.goal_set_distance.enabled=false interaction.exploration_eps=0 interaction.validation_seed=1000 interaction.test_seed=2000000 eval_steps=null save_steps=20000 keep_only_latest_checkpoint=false save_replay_buffer=true save_final_replay_buffer=true
official_qrl_1q_Base-M_200k_20kckpt_val100_test100_antnavigate_v4_online_s1002	online	AntNavigate-v4	1002	200000	4.4m	env.kind=gym_mujoco +qrl_model_size=m interaction.num_eval_episodes=100 interaction.num_test_episodes=100 agent.actor.losses.min_dist.adaptive_entropy_regularizer=true agent.actor.losses.min_dist.entropy_mc_samples=100 agent.actor.losses.min_dist.add_goal_as_future_state=true agent.actor.losses.behavior_cloning.weight=0 agent.goal_set_distance.enabled=false interaction.exploration_eps=0 interaction.validation_seed=1000 interaction.test_seed=2000000 eval_steps=null save_steps=20000 keep_only_latest_checkpoint=false save_replay_buffer=true save_final_replay_buffer=true
official_qrl_1q_Base-M_200k_20kckpt_val100_test100_antnavigate_v4_online_s1003	online	AntNavigate-v4	1003	200000	4.4m	env.kind=gym_mujoco +qrl_model_size=m interaction.num_eval_episodes=100 interaction.num_test_episodes=100 agent.actor.losses.min_dist.adaptive_entropy_regularizer=true agent.actor.losses.min_dist.entropy_mc_samples=100 agent.actor.losses.min_dist.add_goal_as_future_state=true agent.actor.losses.behavior_cloning.weight=0 agent.goal_set_distance.enabled=false interaction.exploration_eps=0 interaction.validation_seed=1000 interaction.test_seed=2000000 eval_steps=null save_steps=20000 keep_only_latest_checkpoint=false save_replay_buffer=true save_final_replay_buffer=true
official_qrl_1q_Base-M_200k_20kckpt_val100_test100_antnavigate_v4_online_s1004	online	AntNavigate-v4	1004	200000	4.4m	env.kind=gym_mujoco +qrl_model_size=m interaction.num_eval_episodes=100 interaction.num_test_episodes=100 agent.actor.losses.min_dist.adaptive_entropy_regularizer=true agent.actor.losses.min_dist.entropy_mc_samples=100 agent.actor.losses.min_dist.add_goal_as_future_state=true agent.actor.losses.behavior_cloning.weight=0 agent.goal_set_distance.enabled=false interaction.exploration_eps=0 interaction.validation_seed=1000 interaction.test_seed=2000000 eval_steps=null save_steps=20000 keep_only_latest_checkpoint=false save_replay_buffer=true save_final_replay_buffer=true
official_qrl_1q_GO-QRL+Max4-M_200k_20kckpt_val100_test100_antnavigate_v4_online_s1000	online	AntNavigate-v4	1000	200000	4.5m	env.kind=gym_mujoco +go_qrl_model_size=m agent.actor.losses.min_dist.latent_goal_steps=4 agent.actor.losses.min_dist.latent_goal_keep_best=true agent.actor.losses.min_dist.latent_goal_lr=0.01 agent.actor.losses.min_dist.latent_goal_search=direct agent.quasimetric_critic.model.encoder.branch_normalization=none agent.actor.losses.min_dist.latent_goal_mode=max agent.actor.losses.min_dist.latent_goal_optim=sgd interaction.num_eval_episodes=100 interaction.num_test_episodes=100 agent.actor.losses.min_dist.adaptive_entropy_regularizer=true agent.actor.losses.min_dist.entropy_mc_samples=100 agent.actor.losses.min_dist.add_goal_as_future_state=true agent.actor.losses.behavior_cloning.weight=0 agent.goal_set_distance.enabled=false interaction.exploration_eps=0 interaction.validation_seed=1000 interaction.test_seed=2000000 eval_steps=null save_steps=20000 keep_only_latest_checkpoint=false save_replay_buffer=true save_final_replay_buffer=true
official_qrl_1q_GO-QRL+Max4-M_200k_20kckpt_val100_test100_antnavigate_v4_online_s1001	online	AntNavigate-v4	1001	200000	4.5m	env.kind=gym_mujoco +go_qrl_model_size=m agent.actor.losses.min_dist.latent_goal_steps=4 agent.actor.losses.min_dist.latent_goal_keep_best=true agent.actor.losses.min_dist.latent_goal_lr=0.01 agent.actor.losses.min_dist.latent_goal_search=direct agent.quasimetric_critic.model.encoder.branch_normalization=none agent.actor.losses.min_dist.latent_goal_mode=max agent.actor.losses.min_dist.latent_goal_optim=sgd interaction.num_eval_episodes=100 interaction.num_test_episodes=100 agent.actor.losses.min_dist.adaptive_entropy_regularizer=true agent.actor.losses.min_dist.entropy_mc_samples=100 agent.actor.losses.min_dist.add_goal_as_future_state=true agent.actor.losses.behavior_cloning.weight=0 agent.goal_set_distance.enabled=false interaction.exploration_eps=0 interaction.validation_seed=1000 interaction.test_seed=2000000 eval_steps=null save_steps=20000 keep_only_latest_checkpoint=false save_replay_buffer=true save_final_replay_buffer=true
official_qrl_1q_GO-QRL+Max4-M_200k_20kckpt_val100_test100_antnavigate_v4_online_s1002	online	AntNavigate-v4	1002	200000	4.5m	env.kind=gym_mujoco +go_qrl_model_size=m agent.actor.losses.min_dist.latent_goal_steps=4 agent.actor.losses.min_dist.latent_goal_keep_best=true agent.actor.losses.min_dist.latent_goal_lr=0.01 agent.actor.losses.min_dist.latent_goal_search=direct agent.quasimetric_critic.model.encoder.branch_normalization=none agent.actor.losses.min_dist.latent_goal_mode=max agent.actor.losses.min_dist.latent_goal_optim=sgd interaction.num_eval_episodes=100 interaction.num_test_episodes=100 agent.actor.losses.min_dist.adaptive_entropy_regularizer=true agent.actor.losses.min_dist.entropy_mc_samples=100 agent.actor.losses.min_dist.add_goal_as_future_state=true agent.actor.losses.behavior_cloning.weight=0 agent.goal_set_distance.enabled=false interaction.exploration_eps=0 interaction.validation_seed=1000 interaction.test_seed=2000000 eval_steps=null save_steps=20000 keep_only_latest_checkpoint=false save_replay_buffer=true save_final_replay_buffer=true
official_qrl_1q_GO-QRL+Max4-M_200k_20kckpt_val100_test100_antnavigate_v4_online_s1003	online	AntNavigate-v4	1003	200000	4.5m	env.kind=gym_mujoco +go_qrl_model_size=m agent.actor.losses.min_dist.latent_goal_steps=4 agent.actor.losses.min_dist.latent_goal_keep_best=true agent.actor.losses.min_dist.latent_goal_lr=0.01 agent.actor.losses.min_dist.latent_goal_search=direct agent.quasimetric_critic.model.encoder.branch_normalization=none agent.actor.losses.min_dist.latent_goal_mode=max agent.actor.losses.min_dist.latent_goal_optim=sgd interaction.num_eval_episodes=100 interaction.num_test_episodes=100 agent.actor.losses.min_dist.adaptive_entropy_regularizer=true agent.actor.losses.min_dist.entropy_mc_samples=100 agent.actor.losses.min_dist.add_goal_as_future_state=true agent.actor.losses.behavior_cloning.weight=0 agent.goal_set_distance.enabled=false interaction.exploration_eps=0 interaction.validation_seed=1000 interaction.test_seed=2000000 eval_steps=null save_steps=20000 keep_only_latest_checkpoint=false save_replay_buffer=true save_final_replay_buffer=true
official_qrl_1q_GO-QRL+Max4-M_200k_20kckpt_val100_test100_antnavigate_v4_online_s1004	online	AntNavigate-v4	1004	200000	4.5m	env.kind=gym_mujoco +go_qrl_model_size=m agent.actor.losses.min_dist.latent_goal_steps=4 agent.actor.losses.min_dist.latent_goal_keep_best=true agent.actor.losses.min_dist.latent_goal_lr=0.01 agent.actor.losses.min_dist.latent_goal_search=direct agent.quasimetric_critic.model.encoder.branch_normalization=none agent.actor.losses.min_dist.latent_goal_mode=max agent.actor.losses.min_dist.latent_goal_optim=sgd interaction.num_eval_episodes=100 interaction.num_test_episodes=100 agent.actor.losses.min_dist.adaptive_entropy_regularizer=true agent.actor.losses.min_dist.entropy_mc_samples=100 agent.actor.losses.min_dist.add_goal_as_future_state=true agent.actor.losses.behavior_cloning.weight=0 agent.goal_set_distance.enabled=false interaction.exploration_eps=0 interaction.validation_seed=1000 interaction.test_seed=2000000 eval_steps=null save_steps=20000 keep_only_latest_checkpoint=false save_replay_buffer=true save_final_replay_buffer=true
official_qrl_1q_GO-QRL+Min4-M_200k_20kckpt_val100_test100_antnavigate_v4_online_s1000	online	AntNavigate-v4	1000	200000	4.5m	env.kind=gym_mujoco +go_qrl_model_size=m agent.actor.losses.min_dist.latent_goal_steps=4 agent.actor.losses.min_dist.latent_goal_keep_best=true agent.actor.losses.min_dist.latent_goal_lr=0.01 agent.actor.losses.min_dist.latent_goal_search=direct agent.quasimetric_critic.model.encoder.branch_normalization=none agent.actor.losses.min_dist.latent_goal_mode=min agent.actor.losses.min_dist.latent_goal_optim=sgd interaction.num_eval_episodes=100 interaction.num_test_episodes=100 agent.actor.losses.min_dist.adaptive_entropy_regularizer=true agent.actor.losses.min_dist.entropy_mc_samples=100 agent.actor.losses.min_dist.add_goal_as_future_state=true agent.actor.losses.behavior_cloning.weight=0 agent.goal_set_distance.enabled=false interaction.exploration_eps=0 interaction.validation_seed=1000 interaction.test_seed=2000000 eval_steps=null save_steps=20000 keep_only_latest_checkpoint=false save_replay_buffer=true save_final_replay_buffer=true
official_qrl_1q_GO-QRL+Min4-M_200k_20kckpt_val100_test100_antnavigate_v4_online_s1001	online	AntNavigate-v4	1001	200000	4.5m	env.kind=gym_mujoco +go_qrl_model_size=m agent.actor.losses.min_dist.latent_goal_steps=4 agent.actor.losses.min_dist.latent_goal_keep_best=true agent.actor.losses.min_dist.latent_goal_lr=0.01 agent.actor.losses.min_dist.latent_goal_search=direct agent.quasimetric_critic.model.encoder.branch_normalization=none agent.actor.losses.min_dist.latent_goal_mode=min agent.actor.losses.min_dist.latent_goal_optim=sgd interaction.num_eval_episodes=100 interaction.num_test_episodes=100 agent.actor.losses.min_dist.adaptive_entropy_regularizer=true agent.actor.losses.min_dist.entropy_mc_samples=100 agent.actor.losses.min_dist.add_goal_as_future_state=true agent.actor.losses.behavior_cloning.weight=0 agent.goal_set_distance.enabled=false interaction.exploration_eps=0 interaction.validation_seed=1000 interaction.test_seed=2000000 eval_steps=null save_steps=20000 keep_only_latest_checkpoint=false save_replay_buffer=true save_final_replay_buffer=true
official_qrl_1q_GO-QRL+Min4-M_200k_20kckpt_val100_test100_antnavigate_v4_online_s1002	online	AntNavigate-v4	1002	200000	4.5m	env.kind=gym_mujoco +go_qrl_model_size=m agent.actor.losses.min_dist.latent_goal_steps=4 agent.actor.losses.min_dist.latent_goal_keep_best=true agent.actor.losses.min_dist.latent_goal_lr=0.01 agent.actor.losses.min_dist.latent_goal_search=direct agent.quasimetric_critic.model.encoder.branch_normalization=none agent.actor.losses.min_dist.latent_goal_mode=min agent.actor.losses.min_dist.latent_goal_optim=sgd interaction.num_eval_episodes=100 interaction.num_test_episodes=100 agent.actor.losses.min_dist.adaptive_entropy_regularizer=true agent.actor.losses.min_dist.entropy_mc_samples=100 agent.actor.losses.min_dist.add_goal_as_future_state=true agent.actor.losses.behavior_cloning.weight=0 agent.goal_set_distance.enabled=false interaction.exploration_eps=0 interaction.validation_seed=1000 interaction.test_seed=2000000 eval_steps=null save_steps=20000 keep_only_latest_checkpoint=false save_replay_buffer=true save_final_replay_buffer=true
official_qrl_1q_GO-QRL+Min4-M_200k_20kckpt_val100_test100_antnavigate_v4_online_s1003	online	AntNavigate-v4	1003	200000	4.5m	env.kind=gym_mujoco +go_qrl_model_size=m agent.actor.losses.min_dist.latent_goal_steps=4 agent.actor.losses.min_dist.latent_goal_keep_best=true agent.actor.losses.min_dist.latent_goal_lr=0.01 agent.actor.losses.min_dist.latent_goal_search=direct agent.quasimetric_critic.model.encoder.branch_normalization=none agent.actor.losses.min_dist.latent_goal_mode=min agent.actor.losses.min_dist.latent_goal_optim=sgd interaction.num_eval_episodes=100 interaction.num_test_episodes=100 agent.actor.losses.min_dist.adaptive_entropy_regularizer=true agent.actor.losses.min_dist.entropy_mc_samples=100 agent.actor.losses.min_dist.add_goal_as_future_state=true agent.actor.losses.behavior_cloning.weight=0 agent.goal_set_distance.enabled=false interaction.exploration_eps=0 interaction.validation_seed=1000 interaction.test_seed=2000000 eval_steps=null save_steps=20000 keep_only_latest_checkpoint=false save_replay_buffer=true save_final_replay_buffer=true
official_qrl_1q_GO-QRL+Min4-M_200k_20kckpt_val100_test100_antnavigate_v4_online_s1004	online	AntNavigate-v4	1004	200000	4.5m	env.kind=gym_mujoco +go_qrl_model_size=m agent.actor.losses.min_dist.latent_goal_steps=4 agent.actor.losses.min_dist.latent_goal_keep_best=true agent.actor.losses.min_dist.latent_goal_lr=0.01 agent.actor.losses.min_dist.latent_goal_search=direct agent.quasimetric_critic.model.encoder.branch_normalization=none agent.actor.losses.min_dist.latent_goal_mode=min agent.actor.losses.min_dist.latent_goal_optim=sgd interaction.num_eval_episodes=100 interaction.num_test_episodes=100 agent.actor.losses.min_dist.adaptive_entropy_regularizer=true agent.actor.losses.min_dist.entropy_mc_samples=100 agent.actor.losses.min_dist.add_goal_as_future_state=true agent.actor.losses.behavior_cloning.weight=0 agent.goal_set_distance.enabled=false interaction.exploration_eps=0 interaction.validation_seed=1000 interaction.test_seed=2000000 eval_steps=null save_steps=20000 keep_only_latest_checkpoint=false save_replay_buffer=true save_final_replay_buffer=true
official_qrl_1q_GO-QRL+Max4+LN+RMSG-M_200k_20kckpt_val100_test100_antnavigate_v4_online_s1000	online	AntNavigate-v4	1000	200000	4.5m	env.kind=gym_mujoco +go_qrl_model_size=m agent.actor.losses.min_dist.latent_goal_steps=4 agent.actor.losses.min_dist.latent_goal_keep_best=true agent.actor.losses.min_dist.latent_goal_lr=0.01 agent.actor.losses.min_dist.latent_goal_search=direct agent.quasimetric_critic.model.encoder.branch_normalization=layernorm agent.actor.losses.min_dist.latent_goal_mode=max agent.actor.losses.min_dist.latent_goal_optim=rmsg interaction.num_eval_episodes=100 interaction.num_test_episodes=100 agent.actor.losses.min_dist.adaptive_entropy_regularizer=true agent.actor.losses.min_dist.entropy_mc_samples=100 agent.actor.losses.min_dist.add_goal_as_future_state=true agent.actor.losses.behavior_cloning.weight=0 agent.goal_set_distance.enabled=false interaction.exploration_eps=0 interaction.validation_seed=1000 interaction.test_seed=2000000 eval_steps=null save_steps=20000 keep_only_latest_checkpoint=false save_replay_buffer=true save_final_replay_buffer=true
official_qrl_1q_GO-QRL+Max4+LN+RMSG-M_200k_20kckpt_val100_test100_antnavigate_v4_online_s1001	online	AntNavigate-v4	1001	200000	4.5m	env.kind=gym_mujoco +go_qrl_model_size=m agent.actor.losses.min_dist.latent_goal_steps=4 agent.actor.losses.min_dist.latent_goal_keep_best=true agent.actor.losses.min_dist.latent_goal_lr=0.01 agent.actor.losses.min_dist.latent_goal_search=direct agent.quasimetric_critic.model.encoder.branch_normalization=layernorm agent.actor.losses.min_dist.latent_goal_mode=max agent.actor.losses.min_dist.latent_goal_optim=rmsg interaction.num_eval_episodes=100 interaction.num_test_episodes=100 agent.actor.losses.min_dist.adaptive_entropy_regularizer=true agent.actor.losses.min_dist.entropy_mc_samples=100 agent.actor.losses.min_dist.add_goal_as_future_state=true agent.actor.losses.behavior_cloning.weight=0 agent.goal_set_distance.enabled=false interaction.exploration_eps=0 interaction.validation_seed=1000 interaction.test_seed=2000000 eval_steps=null save_steps=20000 keep_only_latest_checkpoint=false save_replay_buffer=true save_final_replay_buffer=true
official_qrl_1q_GO-QRL+Max4+LN+RMSG-M_200k_20kckpt_val100_test100_antnavigate_v4_online_s1002	online	AntNavigate-v4	1002	200000	4.5m	env.kind=gym_mujoco +go_qrl_model_size=m agent.actor.losses.min_dist.latent_goal_steps=4 agent.actor.losses.min_dist.latent_goal_keep_best=true agent.actor.losses.min_dist.latent_goal_lr=0.01 agent.actor.losses.min_dist.latent_goal_search=direct agent.quasimetric_critic.model.encoder.branch_normalization=layernorm agent.actor.losses.min_dist.latent_goal_mode=max agent.actor.losses.min_dist.latent_goal_optim=rmsg interaction.num_eval_episodes=100 interaction.num_test_episodes=100 agent.actor.losses.min_dist.adaptive_entropy_regularizer=true agent.actor.losses.min_dist.entropy_mc_samples=100 agent.actor.losses.min_dist.add_goal_as_future_state=true agent.actor.losses.behavior_cloning.weight=0 agent.goal_set_distance.enabled=false interaction.exploration_eps=0 interaction.validation_seed=1000 interaction.test_seed=2000000 eval_steps=null save_steps=20000 keep_only_latest_checkpoint=false save_replay_buffer=true save_final_replay_buffer=true
official_qrl_1q_GO-QRL+Max4+LN+RMSG-M_200k_20kckpt_val100_test100_antnavigate_v4_online_s1003	online	AntNavigate-v4	1003	200000	4.5m	env.kind=gym_mujoco +go_qrl_model_size=m agent.actor.losses.min_dist.latent_goal_steps=4 agent.actor.losses.min_dist.latent_goal_keep_best=true agent.actor.losses.min_dist.latent_goal_lr=0.01 agent.actor.losses.min_dist.latent_goal_search=direct agent.quasimetric_critic.model.encoder.branch_normalization=layernorm agent.actor.losses.min_dist.latent_goal_mode=max agent.actor.losses.min_dist.latent_goal_optim=rmsg interaction.num_eval_episodes=100 interaction.num_test_episodes=100 agent.actor.losses.min_dist.adaptive_entropy_regularizer=true agent.actor.losses.min_dist.entropy_mc_samples=100 agent.actor.losses.min_dist.add_goal_as_future_state=true agent.actor.losses.behavior_cloning.weight=0 agent.goal_set_distance.enabled=false interaction.exploration_eps=0 interaction.validation_seed=1000 interaction.test_seed=2000000 eval_steps=null save_steps=20000 keep_only_latest_checkpoint=false save_replay_buffer=true save_final_replay_buffer=true
official_qrl_1q_GO-QRL+Max4+LN+RMSG-M_200k_20kckpt_val100_test100_antnavigate_v4_online_s1004	online	AntNavigate-v4	1004	200000	4.5m	env.kind=gym_mujoco +go_qrl_model_size=m agent.actor.losses.min_dist.latent_goal_steps=4 agent.actor.losses.min_dist.latent_goal_keep_best=true agent.actor.losses.min_dist.latent_goal_lr=0.01 agent.actor.losses.min_dist.latent_goal_search=direct agent.quasimetric_critic.model.encoder.branch_normalization=layernorm agent.actor.losses.min_dist.latent_goal_mode=max agent.actor.losses.min_dist.latent_goal_optim=rmsg interaction.num_eval_episodes=100 interaction.num_test_episodes=100 agent.actor.losses.min_dist.adaptive_entropy_regularizer=true agent.actor.losses.min_dist.entropy_mc_samples=100 agent.actor.losses.min_dist.add_goal_as_future_state=true agent.actor.losses.behavior_cloning.weight=0 agent.goal_set_distance.enabled=false interaction.exploration_eps=0 interaction.validation_seed=1000 interaction.test_seed=2000000 eval_steps=null save_steps=20000 keep_only_latest_checkpoint=false save_replay_buffer=true save_final_replay_buffer=true
official_qrl_1q_GO-QRL+Min4+LN+RMSG-M_200k_20kckpt_val100_test100_antnavigate_v4_online_s1000	online	AntNavigate-v4	1000	200000	4.5m	env.kind=gym_mujoco +go_qrl_model_size=m agent.actor.losses.min_dist.latent_goal_steps=4 agent.actor.losses.min_dist.latent_goal_keep_best=true agent.actor.losses.min_dist.latent_goal_lr=0.01 agent.actor.losses.min_dist.latent_goal_search=direct agent.quasimetric_critic.model.encoder.branch_normalization=layernorm agent.actor.losses.min_dist.latent_goal_mode=min agent.actor.losses.min_dist.latent_goal_optim=rmsg interaction.num_eval_episodes=100 interaction.num_test_episodes=100 agent.actor.losses.min_dist.adaptive_entropy_regularizer=true agent.actor.losses.min_dist.entropy_mc_samples=100 agent.actor.losses.min_dist.add_goal_as_future_state=true agent.actor.losses.behavior_cloning.weight=0 agent.goal_set_distance.enabled=false interaction.exploration_eps=0 interaction.validation_seed=1000 interaction.test_seed=2000000 eval_steps=null save_steps=20000 keep_only_latest_checkpoint=false save_replay_buffer=true save_final_replay_buffer=true
official_qrl_1q_GO-QRL+Min4+LN+RMSG-M_200k_20kckpt_val100_test100_antnavigate_v4_online_s1001	online	AntNavigate-v4	1001	200000	4.5m	env.kind=gym_mujoco +go_qrl_model_size=m agent.actor.losses.min_dist.latent_goal_steps=4 agent.actor.losses.min_dist.latent_goal_keep_best=true agent.actor.losses.min_dist.latent_goal_lr=0.01 agent.actor.losses.min_dist.latent_goal_search=direct agent.quasimetric_critic.model.encoder.branch_normalization=layernorm agent.actor.losses.min_dist.latent_goal_mode=min agent.actor.losses.min_dist.latent_goal_optim=rmsg interaction.num_eval_episodes=100 interaction.num_test_episodes=100 agent.actor.losses.min_dist.adaptive_entropy_regularizer=true agent.actor.losses.min_dist.entropy_mc_samples=100 agent.actor.losses.min_dist.add_goal_as_future_state=true agent.actor.losses.behavior_cloning.weight=0 agent.goal_set_distance.enabled=false interaction.exploration_eps=0 interaction.validation_seed=1000 interaction.test_seed=2000000 eval_steps=null save_steps=20000 keep_only_latest_checkpoint=false save_replay_buffer=true save_final_replay_buffer=true
official_qrl_1q_GO-QRL+Min4+LN+RMSG-M_200k_20kckpt_val100_test100_antnavigate_v4_online_s1002	online	AntNavigate-v4	1002	200000	4.5m	env.kind=gym_mujoco +go_qrl_model_size=m agent.actor.losses.min_dist.latent_goal_steps=4 agent.actor.losses.min_dist.latent_goal_keep_best=true agent.actor.losses.min_dist.latent_goal_lr=0.01 agent.actor.losses.min_dist.latent_goal_search=direct agent.quasimetric_critic.model.encoder.branch_normalization=layernorm agent.actor.losses.min_dist.latent_goal_mode=min agent.actor.losses.min_dist.latent_goal_optim=rmsg interaction.num_eval_episodes=100 interaction.num_test_episodes=100 agent.actor.losses.min_dist.adaptive_entropy_regularizer=true agent.actor.losses.min_dist.entropy_mc_samples=100 agent.actor.losses.min_dist.add_goal_as_future_state=true agent.actor.losses.behavior_cloning.weight=0 agent.goal_set_distance.enabled=false interaction.exploration_eps=0 interaction.validation_seed=1000 interaction.test_seed=2000000 eval_steps=null save_steps=20000 keep_only_latest_checkpoint=false save_replay_buffer=true save_final_replay_buffer=true
official_qrl_1q_GO-QRL+Min4+LN+RMSG-M_200k_20kckpt_val100_test100_antnavigate_v4_online_s1003	online	AntNavigate-v4	1003	200000	4.5m	env.kind=gym_mujoco +go_qrl_model_size=m agent.actor.losses.min_dist.latent_goal_steps=4 agent.actor.losses.min_dist.latent_goal_keep_best=true agent.actor.losses.min_dist.latent_goal_lr=0.01 agent.actor.losses.min_dist.latent_goal_search=direct agent.quasimetric_critic.model.encoder.branch_normalization=layernorm agent.actor.losses.min_dist.latent_goal_mode=min agent.actor.losses.min_dist.latent_goal_optim=rmsg interaction.num_eval_episodes=100 interaction.num_test_episodes=100 agent.actor.losses.min_dist.adaptive_entropy_regularizer=true agent.actor.losses.min_dist.entropy_mc_samples=100 agent.actor.losses.min_dist.add_goal_as_future_state=true agent.actor.losses.behavior_cloning.weight=0 agent.goal_set_distance.enabled=false interaction.exploration_eps=0 interaction.validation_seed=1000 interaction.test_seed=2000000 eval_steps=null save_steps=20000 keep_only_latest_checkpoint=false save_replay_buffer=true save_final_replay_buffer=true
official_qrl_1q_GO-QRL+Min4+LN+RMSG-M_200k_20kckpt_val100_test100_antnavigate_v4_online_s1004	online	AntNavigate-v4	1004	200000	4.5m	env.kind=gym_mujoco +go_qrl_model_size=m agent.actor.losses.min_dist.latent_goal_steps=4 agent.actor.losses.min_dist.latent_goal_keep_best=true agent.actor.losses.min_dist.latent_goal_lr=0.01 agent.actor.losses.min_dist.latent_goal_search=direct agent.quasimetric_critic.model.encoder.branch_normalization=layernorm agent.actor.losses.min_dist.latent_goal_mode=min agent.actor.losses.min_dist.latent_goal_optim=rmsg interaction.num_eval_episodes=100 interaction.num_test_episodes=100 agent.actor.losses.min_dist.adaptive_entropy_regularizer=true agent.actor.losses.min_dist.entropy_mc_samples=100 agent.actor.losses.min_dist.add_goal_as_future_state=true agent.actor.losses.behavior_cloning.weight=0 agent.goal_set_distance.enabled=false interaction.exploration_eps=0 interaction.validation_seed=1000 interaction.test_seed=2000000 eval_steps=null save_steps=20000 keep_only_latest_checkpoint=false save_replay_buffer=true save_final_replay_buffer=true
official_qrl_1q_Base-M_200k_20kckpt_val100_test100_dmc_reacher_easy_online_s1000	online	reacher_easy	1000	200000	4.2m	env.kind=dmc +qrl_model_size=m interaction.num_eval_episodes=100 interaction.num_test_episodes=100 agent.actor.losses.min_dist.adaptive_entropy_regularizer=true agent.actor.losses.min_dist.entropy_mc_samples=100 agent.actor.losses.min_dist.add_goal_as_future_state=true agent.actor.losses.behavior_cloning.weight=0 agent.goal_set_distance.enabled=false interaction.exploration_eps=0 interaction.validation_seed=1000 interaction.test_seed=2000000 eval_steps=null save_steps=20000 keep_only_latest_checkpoint=false save_replay_buffer=true save_final_replay_buffer=true
official_qrl_1q_Base-M_200k_20kckpt_val100_test100_dmc_reacher_easy_online_s1001	online	reacher_easy	1001	200000	4.2m	env.kind=dmc +qrl_model_size=m interaction.num_eval_episodes=100 interaction.num_test_episodes=100 agent.actor.losses.min_dist.adaptive_entropy_regularizer=true agent.actor.losses.min_dist.entropy_mc_samples=100 agent.actor.losses.min_dist.add_goal_as_future_state=true agent.actor.losses.behavior_cloning.weight=0 agent.goal_set_distance.enabled=false interaction.exploration_eps=0 interaction.validation_seed=1000 interaction.test_seed=2000000 eval_steps=null save_steps=20000 keep_only_latest_checkpoint=false save_replay_buffer=true save_final_replay_buffer=true
official_qrl_1q_Base-M_200k_20kckpt_val100_test100_dmc_reacher_easy_online_s1002	online	reacher_easy	1002	200000	4.2m	env.kind=dmc +qrl_model_size=m interaction.num_eval_episodes=100 interaction.num_test_episodes=100 agent.actor.losses.min_dist.adaptive_entropy_regularizer=true agent.actor.losses.min_dist.entropy_mc_samples=100 agent.actor.losses.min_dist.add_goal_as_future_state=true agent.actor.losses.behavior_cloning.weight=0 agent.goal_set_distance.enabled=false interaction.exploration_eps=0 interaction.validation_seed=1000 interaction.test_seed=2000000 eval_steps=null save_steps=20000 keep_only_latest_checkpoint=false save_replay_buffer=true save_final_replay_buffer=true
official_qrl_1q_Base-M_200k_20kckpt_val100_test100_dmc_reacher_easy_online_s1003	online	reacher_easy	1003	200000	4.2m	env.kind=dmc +qrl_model_size=m interaction.num_eval_episodes=100 interaction.num_test_episodes=100 agent.actor.losses.min_dist.adaptive_entropy_regularizer=true agent.actor.losses.min_dist.entropy_mc_samples=100 agent.actor.losses.min_dist.add_goal_as_future_state=true agent.actor.losses.behavior_cloning.weight=0 agent.goal_set_distance.enabled=false interaction.exploration_eps=0 interaction.validation_seed=1000 interaction.test_seed=2000000 eval_steps=null save_steps=20000 keep_only_latest_checkpoint=false save_replay_buffer=true save_final_replay_buffer=true
official_qrl_1q_Base-M_200k_20kckpt_val100_test100_dmc_reacher_easy_online_s1004	online	reacher_easy	1004	200000	4.2m	env.kind=dmc +qrl_model_size=m interaction.num_eval_episodes=100 interaction.num_test_episodes=100 agent.actor.losses.min_dist.adaptive_entropy_regularizer=true agent.actor.losses.min_dist.entropy_mc_samples=100 agent.actor.losses.min_dist.add_goal_as_future_state=true agent.actor.losses.behavior_cloning.weight=0 agent.goal_set_distance.enabled=false interaction.exploration_eps=0 interaction.validation_seed=1000 interaction.test_seed=2000000 eval_steps=null save_steps=20000 keep_only_latest_checkpoint=false save_replay_buffer=true save_final_replay_buffer=true
official_qrl_1q_GO-QRL+Max4-M_200k_20kckpt_val100_test100_dmc_reacher_easy_online_s1000	online	reacher_easy	1000	200000	4.4m	env.kind=dmc +go_qrl_model_size=m agent.actor.losses.min_dist.latent_goal_steps=4 agent.actor.losses.min_dist.latent_goal_keep_best=true agent.actor.losses.min_dist.latent_goal_lr=0.01 agent.actor.losses.min_dist.latent_goal_search=direct agent.quasimetric_critic.model.encoder.branch_normalization=none agent.actor.losses.min_dist.latent_goal_mode=max agent.actor.losses.min_dist.latent_goal_optim=sgd interaction.num_eval_episodes=100 interaction.num_test_episodes=100 agent.actor.losses.min_dist.adaptive_entropy_regularizer=true agent.actor.losses.min_dist.entropy_mc_samples=100 agent.actor.losses.min_dist.add_goal_as_future_state=true agent.actor.losses.behavior_cloning.weight=0 agent.goal_set_distance.enabled=false interaction.exploration_eps=0 interaction.validation_seed=1000 interaction.test_seed=2000000 eval_steps=null save_steps=20000 keep_only_latest_checkpoint=false save_replay_buffer=true save_final_replay_buffer=true
official_qrl_1q_GO-QRL+Max4-M_200k_20kckpt_val100_test100_dmc_reacher_easy_online_s1001	online	reacher_easy	1001	200000	4.4m	env.kind=dmc +go_qrl_model_size=m agent.actor.losses.min_dist.latent_goal_steps=4 agent.actor.losses.min_dist.latent_goal_keep_best=true agent.actor.losses.min_dist.latent_goal_lr=0.01 agent.actor.losses.min_dist.latent_goal_search=direct agent.quasimetric_critic.model.encoder.branch_normalization=none agent.actor.losses.min_dist.latent_goal_mode=max agent.actor.losses.min_dist.latent_goal_optim=sgd interaction.num_eval_episodes=100 interaction.num_test_episodes=100 agent.actor.losses.min_dist.adaptive_entropy_regularizer=true agent.actor.losses.min_dist.entropy_mc_samples=100 agent.actor.losses.min_dist.add_goal_as_future_state=true agent.actor.losses.behavior_cloning.weight=0 agent.goal_set_distance.enabled=false interaction.exploration_eps=0 interaction.validation_seed=1000 interaction.test_seed=2000000 eval_steps=null save_steps=20000 keep_only_latest_checkpoint=false save_replay_buffer=true save_final_replay_buffer=true
official_qrl_1q_GO-QRL+Max4-M_200k_20kckpt_val100_test100_dmc_reacher_easy_online_s1002	online	reacher_easy	1002	200000	4.4m	env.kind=dmc +go_qrl_model_size=m agent.actor.losses.min_dist.latent_goal_steps=4 agent.actor.losses.min_dist.latent_goal_keep_best=true agent.actor.losses.min_dist.latent_goal_lr=0.01 agent.actor.losses.min_dist.latent_goal_search=direct agent.quasimetric_critic.model.encoder.branch_normalization=none agent.actor.losses.min_dist.latent_goal_mode=max agent.actor.losses.min_dist.latent_goal_optim=sgd interaction.num_eval_episodes=100 interaction.num_test_episodes=100 agent.actor.losses.min_dist.adaptive_entropy_regularizer=true agent.actor.losses.min_dist.entropy_mc_samples=100 agent.actor.losses.min_dist.add_goal_as_future_state=true agent.actor.losses.behavior_cloning.weight=0 agent.goal_set_distance.enabled=false interaction.exploration_eps=0 interaction.validation_seed=1000 interaction.test_seed=2000000 eval_steps=null save_steps=20000 keep_only_latest_checkpoint=false save_replay_buffer=true save_final_replay_buffer=true
official_qrl_1q_GO-QRL+Max4-M_200k_20kckpt_val100_test100_dmc_reacher_easy_online_s1003	online	reacher_easy	1003	200000	4.4m	env.kind=dmc +go_qrl_model_size=m agent.actor.losses.min_dist.latent_goal_steps=4 agent.actor.losses.min_dist.latent_goal_keep_best=true agent.actor.losses.min_dist.latent_goal_lr=0.01 agent.actor.losses.min_dist.latent_goal_search=direct agent.quasimetric_critic.model.encoder.branch_normalization=none agent.actor.losses.min_dist.latent_goal_mode=max agent.actor.losses.min_dist.latent_goal_optim=sgd interaction.num_eval_episodes=100 interaction.num_test_episodes=100 agent.actor.losses.min_dist.adaptive_entropy_regularizer=true agent.actor.losses.min_dist.entropy_mc_samples=100 agent.actor.losses.min_dist.add_goal_as_future_state=true agent.actor.losses.behavior_cloning.weight=0 agent.goal_set_distance.enabled=false interaction.exploration_eps=0 interaction.validation_seed=1000 interaction.test_seed=2000000 eval_steps=null save_steps=20000 keep_only_latest_checkpoint=false save_replay_buffer=true save_final_replay_buffer=true
official_qrl_1q_GO-QRL+Max4-M_200k_20kckpt_val100_test100_dmc_reacher_easy_online_s1004	online	reacher_easy	1004	200000	4.4m	env.kind=dmc +go_qrl_model_size=m agent.actor.losses.min_dist.latent_goal_steps=4 agent.actor.losses.min_dist.latent_goal_keep_best=true agent.actor.losses.min_dist.latent_goal_lr=0.01 agent.actor.losses.min_dist.latent_goal_search=direct agent.quasimetric_critic.model.encoder.branch_normalization=none agent.actor.losses.min_dist.latent_goal_mode=max agent.actor.losses.min_dist.latent_goal_optim=sgd interaction.num_eval_episodes=100 interaction.num_test_episodes=100 agent.actor.losses.min_dist.adaptive_entropy_regularizer=true agent.actor.losses.min_dist.entropy_mc_samples=100 agent.actor.losses.min_dist.add_goal_as_future_state=true agent.actor.losses.behavior_cloning.weight=0 agent.goal_set_distance.enabled=false interaction.exploration_eps=0 interaction.validation_seed=1000 interaction.test_seed=2000000 eval_steps=null save_steps=20000 keep_only_latest_checkpoint=false save_replay_buffer=true save_final_replay_buffer=true
official_qrl_1q_GO-QRL+Min4-M_200k_20kckpt_val100_test100_dmc_reacher_easy_online_s1000	online	reacher_easy	1000	200000	4.4m	env.kind=dmc +go_qrl_model_size=m agent.actor.losses.min_dist.latent_goal_steps=4 agent.actor.losses.min_dist.latent_goal_keep_best=true agent.actor.losses.min_dist.latent_goal_lr=0.01 agent.actor.losses.min_dist.latent_goal_search=direct agent.quasimetric_critic.model.encoder.branch_normalization=none agent.actor.losses.min_dist.latent_goal_mode=min agent.actor.losses.min_dist.latent_goal_optim=sgd interaction.num_eval_episodes=100 interaction.num_test_episodes=100 agent.actor.losses.min_dist.adaptive_entropy_regularizer=true agent.actor.losses.min_dist.entropy_mc_samples=100 agent.actor.losses.min_dist.add_goal_as_future_state=true agent.actor.losses.behavior_cloning.weight=0 agent.goal_set_distance.enabled=false interaction.exploration_eps=0 interaction.validation_seed=1000 interaction.test_seed=2000000 eval_steps=null save_steps=20000 keep_only_latest_checkpoint=false save_replay_buffer=true save_final_replay_buffer=true
official_qrl_1q_GO-QRL+Min4-M_200k_20kckpt_val100_test100_dmc_reacher_easy_online_s1001	online	reacher_easy	1001	200000	4.4m	env.kind=dmc +go_qrl_model_size=m agent.actor.losses.min_dist.latent_goal_steps=4 agent.actor.losses.min_dist.latent_goal_keep_best=true agent.actor.losses.min_dist.latent_goal_lr=0.01 agent.actor.losses.min_dist.latent_goal_search=direct agent.quasimetric_critic.model.encoder.branch_normalization=none agent.actor.losses.min_dist.latent_goal_mode=min agent.actor.losses.min_dist.latent_goal_optim=sgd interaction.num_eval_episodes=100 interaction.num_test_episodes=100 agent.actor.losses.min_dist.adaptive_entropy_regularizer=true agent.actor.losses.min_dist.entropy_mc_samples=100 agent.actor.losses.min_dist.add_goal_as_future_state=true agent.actor.losses.behavior_cloning.weight=0 agent.goal_set_distance.enabled=false interaction.exploration_eps=0 interaction.validation_seed=1000 interaction.test_seed=2000000 eval_steps=null save_steps=20000 keep_only_latest_checkpoint=false save_replay_buffer=true save_final_replay_buffer=true
official_qrl_1q_GO-QRL+Min4-M_200k_20kckpt_val100_test100_dmc_reacher_easy_online_s1002	online	reacher_easy	1002	200000	4.4m	env.kind=dmc +go_qrl_model_size=m agent.actor.losses.min_dist.latent_goal_steps=4 agent.actor.losses.min_dist.latent_goal_keep_best=true agent.actor.losses.min_dist.latent_goal_lr=0.01 agent.actor.losses.min_dist.latent_goal_search=direct agent.quasimetric_critic.model.encoder.branch_normalization=none agent.actor.losses.min_dist.latent_goal_mode=min agent.actor.losses.min_dist.latent_goal_optim=sgd interaction.num_eval_episodes=100 interaction.num_test_episodes=100 agent.actor.losses.min_dist.adaptive_entropy_regularizer=true agent.actor.losses.min_dist.entropy_mc_samples=100 agent.actor.losses.min_dist.add_goal_as_future_state=true agent.actor.losses.behavior_cloning.weight=0 agent.goal_set_distance.enabled=false interaction.exploration_eps=0 interaction.validation_seed=1000 interaction.test_seed=2000000 eval_steps=null save_steps=20000 keep_only_latest_checkpoint=false save_replay_buffer=true save_final_replay_buffer=true
official_qrl_1q_GO-QRL+Min4-M_200k_20kckpt_val100_test100_dmc_reacher_easy_online_s1003	online	reacher_easy	1003	200000	4.4m	env.kind=dmc +go_qrl_model_size=m agent.actor.losses.min_dist.latent_goal_steps=4 agent.actor.losses.min_dist.latent_goal_keep_best=true agent.actor.losses.min_dist.latent_goal_lr=0.01 agent.actor.losses.min_dist.latent_goal_search=direct agent.quasimetric_critic.model.encoder.branch_normalization=none agent.actor.losses.min_dist.latent_goal_mode=min agent.actor.losses.min_dist.latent_goal_optim=sgd interaction.num_eval_episodes=100 interaction.num_test_episodes=100 agent.actor.losses.min_dist.adaptive_entropy_regularizer=true agent.actor.losses.min_dist.entropy_mc_samples=100 agent.actor.losses.min_dist.add_goal_as_future_state=true agent.actor.losses.behavior_cloning.weight=0 agent.goal_set_distance.enabled=false interaction.exploration_eps=0 interaction.validation_seed=1000 interaction.test_seed=2000000 eval_steps=null save_steps=20000 keep_only_latest_checkpoint=false save_replay_buffer=true save_final_replay_buffer=true
official_qrl_1q_GO-QRL+Min4-M_200k_20kckpt_val100_test100_dmc_reacher_easy_online_s1004	online	reacher_easy	1004	200000	4.4m	env.kind=dmc +go_qrl_model_size=m agent.actor.losses.min_dist.latent_goal_steps=4 agent.actor.losses.min_dist.latent_goal_keep_best=true agent.actor.losses.min_dist.latent_goal_lr=0.01 agent.actor.losses.min_dist.latent_goal_search=direct agent.quasimetric_critic.model.encoder.branch_normalization=none agent.actor.losses.min_dist.latent_goal_mode=min agent.actor.losses.min_dist.latent_goal_optim=sgd interaction.num_eval_episodes=100 interaction.num_test_episodes=100 agent.actor.losses.min_dist.adaptive_entropy_regularizer=true agent.actor.losses.min_dist.entropy_mc_samples=100 agent.actor.losses.min_dist.add_goal_as_future_state=true agent.actor.losses.behavior_cloning.weight=0 agent.goal_set_distance.enabled=false interaction.exploration_eps=0 interaction.validation_seed=1000 interaction.test_seed=2000000 eval_steps=null save_steps=20000 keep_only_latest_checkpoint=false save_replay_buffer=true save_final_replay_buffer=true
official_qrl_1q_GO-QRL+Max4+LN+RMSG-M_200k_20kckpt_val100_test100_dmc_reacher_easy_online_s1000	online	reacher_easy	1000	200000	4.4m	env.kind=dmc +go_qrl_model_size=m agent.actor.losses.min_dist.latent_goal_steps=4 agent.actor.losses.min_dist.latent_goal_keep_best=true agent.actor.losses.min_dist.latent_goal_lr=0.01 agent.actor.losses.min_dist.latent_goal_search=direct agent.quasimetric_critic.model.encoder.branch_normalization=layernorm agent.actor.losses.min_dist.latent_goal_mode=max agent.actor.losses.min_dist.latent_goal_optim=rmsg interaction.num_eval_episodes=100 interaction.num_test_episodes=100 agent.actor.losses.min_dist.adaptive_entropy_regularizer=true agent.actor.losses.min_dist.entropy_mc_samples=100 agent.actor.losses.min_dist.add_goal_as_future_state=true agent.actor.losses.behavior_cloning.weight=0 agent.goal_set_distance.enabled=false interaction.exploration_eps=0 interaction.validation_seed=1000 interaction.test_seed=2000000 eval_steps=null save_steps=20000 keep_only_latest_checkpoint=false save_replay_buffer=true save_final_replay_buffer=true
official_qrl_1q_GO-QRL+Max4+LN+RMSG-M_200k_20kckpt_val100_test100_dmc_reacher_easy_online_s1001	online	reacher_easy	1001	200000	4.4m	env.kind=dmc +go_qrl_model_size=m agent.actor.losses.min_dist.latent_goal_steps=4 agent.actor.losses.min_dist.latent_goal_keep_best=true agent.actor.losses.min_dist.latent_goal_lr=0.01 agent.actor.losses.min_dist.latent_goal_search=direct agent.quasimetric_critic.model.encoder.branch_normalization=layernorm agent.actor.losses.min_dist.latent_goal_mode=max agent.actor.losses.min_dist.latent_goal_optim=rmsg interaction.num_eval_episodes=100 interaction.num_test_episodes=100 agent.actor.losses.min_dist.adaptive_entropy_regularizer=true agent.actor.losses.min_dist.entropy_mc_samples=100 agent.actor.losses.min_dist.add_goal_as_future_state=true agent.actor.losses.behavior_cloning.weight=0 agent.goal_set_distance.enabled=false interaction.exploration_eps=0 interaction.validation_seed=1000 interaction.test_seed=2000000 eval_steps=null save_steps=20000 keep_only_latest_checkpoint=false save_replay_buffer=true save_final_replay_buffer=true
official_qrl_1q_GO-QRL+Max4+LN+RMSG-M_200k_20kckpt_val100_test100_dmc_reacher_easy_online_s1002	online	reacher_easy	1002	200000	4.4m	env.kind=dmc +go_qrl_model_size=m agent.actor.losses.min_dist.latent_goal_steps=4 agent.actor.losses.min_dist.latent_goal_keep_best=true agent.actor.losses.min_dist.latent_goal_lr=0.01 agent.actor.losses.min_dist.latent_goal_search=direct agent.quasimetric_critic.model.encoder.branch_normalization=layernorm agent.actor.losses.min_dist.latent_goal_mode=max agent.actor.losses.min_dist.latent_goal_optim=rmsg interaction.num_eval_episodes=100 interaction.num_test_episodes=100 agent.actor.losses.min_dist.adaptive_entropy_regularizer=true agent.actor.losses.min_dist.entropy_mc_samples=100 agent.actor.losses.min_dist.add_goal_as_future_state=true agent.actor.losses.behavior_cloning.weight=0 agent.goal_set_distance.enabled=false interaction.exploration_eps=0 interaction.validation_seed=1000 interaction.test_seed=2000000 eval_steps=null save_steps=20000 keep_only_latest_checkpoint=false save_replay_buffer=true save_final_replay_buffer=true
official_qrl_1q_GO-QRL+Max4+LN+RMSG-M_200k_20kckpt_val100_test100_dmc_reacher_easy_online_s1003	online	reacher_easy	1003	200000	4.4m	env.kind=dmc +go_qrl_model_size=m agent.actor.losses.min_dist.latent_goal_steps=4 agent.actor.losses.min_dist.latent_goal_keep_best=true agent.actor.losses.min_dist.latent_goal_lr=0.01 agent.actor.losses.min_dist.latent_goal_search=direct agent.quasimetric_critic.model.encoder.branch_normalization=layernorm agent.actor.losses.min_dist.latent_goal_mode=max agent.actor.losses.min_dist.latent_goal_optim=rmsg interaction.num_eval_episodes=100 interaction.num_test_episodes=100 agent.actor.losses.min_dist.adaptive_entropy_regularizer=true agent.actor.losses.min_dist.entropy_mc_samples=100 agent.actor.losses.min_dist.add_goal_as_future_state=true agent.actor.losses.behavior_cloning.weight=0 agent.goal_set_distance.enabled=false interaction.exploration_eps=0 interaction.validation_seed=1000 interaction.test_seed=2000000 eval_steps=null save_steps=20000 keep_only_latest_checkpoint=false save_replay_buffer=true save_final_replay_buffer=true
official_qrl_1q_GO-QRL+Max4+LN+RMSG-M_200k_20kckpt_val100_test100_dmc_reacher_easy_online_s1004	online	reacher_easy	1004	200000	4.4m	env.kind=dmc +go_qrl_model_size=m agent.actor.losses.min_dist.latent_goal_steps=4 agent.actor.losses.min_dist.latent_goal_keep_best=true agent.actor.losses.min_dist.latent_goal_lr=0.01 agent.actor.losses.min_dist.latent_goal_search=direct agent.quasimetric_critic.model.encoder.branch_normalization=layernorm agent.actor.losses.min_dist.latent_goal_mode=max agent.actor.losses.min_dist.latent_goal_optim=rmsg interaction.num_eval_episodes=100 interaction.num_test_episodes=100 agent.actor.losses.min_dist.adaptive_entropy_regularizer=true agent.actor.losses.min_dist.entropy_mc_samples=100 agent.actor.losses.min_dist.add_goal_as_future_state=true agent.actor.losses.behavior_cloning.weight=0 agent.goal_set_distance.enabled=false interaction.exploration_eps=0 interaction.validation_seed=1000 interaction.test_seed=2000000 eval_steps=null save_steps=20000 keep_only_latest_checkpoint=false save_replay_buffer=true save_final_replay_buffer=true
official_qrl_1q_GO-QRL+Min4+LN+RMSG-M_200k_20kckpt_val100_test100_dmc_reacher_easy_online_s1000	online	reacher_easy	1000	200000	4.4m	env.kind=dmc +go_qrl_model_size=m agent.actor.losses.min_dist.latent_goal_steps=4 agent.actor.losses.min_dist.latent_goal_keep_best=true agent.actor.losses.min_dist.latent_goal_lr=0.01 agent.actor.losses.min_dist.latent_goal_search=direct agent.quasimetric_critic.model.encoder.branch_normalization=layernorm agent.actor.losses.min_dist.latent_goal_mode=min agent.actor.losses.min_dist.latent_goal_optim=rmsg interaction.num_eval_episodes=100 interaction.num_test_episodes=100 agent.actor.losses.min_dist.adaptive_entropy_regularizer=true agent.actor.losses.min_dist.entropy_mc_samples=100 agent.actor.losses.min_dist.add_goal_as_future_state=true agent.actor.losses.behavior_cloning.weight=0 agent.goal_set_distance.enabled=false interaction.exploration_eps=0 interaction.validation_seed=1000 interaction.test_seed=2000000 eval_steps=null save_steps=20000 keep_only_latest_checkpoint=false save_replay_buffer=true save_final_replay_buffer=true
official_qrl_1q_GO-QRL+Min4+LN+RMSG-M_200k_20kckpt_val100_test100_dmc_reacher_easy_online_s1001	online	reacher_easy	1001	200000	4.4m	env.kind=dmc +go_qrl_model_size=m agent.actor.losses.min_dist.latent_goal_steps=4 agent.actor.losses.min_dist.latent_goal_keep_best=true agent.actor.losses.min_dist.latent_goal_lr=0.01 agent.actor.losses.min_dist.latent_goal_search=direct agent.quasimetric_critic.model.encoder.branch_normalization=layernorm agent.actor.losses.min_dist.latent_goal_mode=min agent.actor.losses.min_dist.latent_goal_optim=rmsg interaction.num_eval_episodes=100 interaction.num_test_episodes=100 agent.actor.losses.min_dist.adaptive_entropy_regularizer=true agent.actor.losses.min_dist.entropy_mc_samples=100 agent.actor.losses.min_dist.add_goal_as_future_state=true agent.actor.losses.behavior_cloning.weight=0 agent.goal_set_distance.enabled=false interaction.exploration_eps=0 interaction.validation_seed=1000 interaction.test_seed=2000000 eval_steps=null save_steps=20000 keep_only_latest_checkpoint=false save_replay_buffer=true save_final_replay_buffer=true
official_qrl_1q_GO-QRL+Min4+LN+RMSG-M_200k_20kckpt_val100_test100_dmc_reacher_easy_online_s1002	online	reacher_easy	1002	200000	4.4m	env.kind=dmc +go_qrl_model_size=m agent.actor.losses.min_dist.latent_goal_steps=4 agent.actor.losses.min_dist.latent_goal_keep_best=true agent.actor.losses.min_dist.latent_goal_lr=0.01 agent.actor.losses.min_dist.latent_goal_search=direct agent.quasimetric_critic.model.encoder.branch_normalization=layernorm agent.actor.losses.min_dist.latent_goal_mode=min agent.actor.losses.min_dist.latent_goal_optim=rmsg interaction.num_eval_episodes=100 interaction.num_test_episodes=100 agent.actor.losses.min_dist.adaptive_entropy_regularizer=true agent.actor.losses.min_dist.entropy_mc_samples=100 agent.actor.losses.min_dist.add_goal_as_future_state=true agent.actor.losses.behavior_cloning.weight=0 agent.goal_set_distance.enabled=false interaction.exploration_eps=0 interaction.validation_seed=1000 interaction.test_seed=2000000 eval_steps=null save_steps=20000 keep_only_latest_checkpoint=false save_replay_buffer=true save_final_replay_buffer=true
official_qrl_1q_GO-QRL+Min4+LN+RMSG-M_200k_20kckpt_val100_test100_dmc_reacher_easy_online_s1003	online	reacher_easy	1003	200000	4.4m	env.kind=dmc +go_qrl_model_size=m agent.actor.losses.min_dist.latent_goal_steps=4 agent.actor.losses.min_dist.latent_goal_keep_best=true agent.actor.losses.min_dist.latent_goal_lr=0.01 agent.actor.losses.min_dist.latent_goal_search=direct agent.quasimetric_critic.model.encoder.branch_normalization=layernorm agent.actor.losses.min_dist.latent_goal_mode=min agent.actor.losses.min_dist.latent_goal_optim=rmsg interaction.num_eval_episodes=100 interaction.num_test_episodes=100 agent.actor.losses.min_dist.adaptive_entropy_regularizer=true agent.actor.losses.min_dist.entropy_mc_samples=100 agent.actor.losses.min_dist.add_goal_as_future_state=true agent.actor.losses.behavior_cloning.weight=0 agent.goal_set_distance.enabled=false interaction.exploration_eps=0 interaction.validation_seed=1000 interaction.test_seed=2000000 eval_steps=null save_steps=20000 keep_only_latest_checkpoint=false save_replay_buffer=true save_final_replay_buffer=true
official_qrl_1q_GO-QRL+Min4+LN+RMSG-M_200k_20kckpt_val100_test100_dmc_reacher_easy_online_s1004	online	reacher_easy	1004	200000	4.4m	env.kind=dmc +go_qrl_model_size=m agent.actor.losses.min_dist.latent_goal_steps=4 agent.actor.losses.min_dist.latent_goal_keep_best=true agent.actor.losses.min_dist.latent_goal_lr=0.01 agent.actor.losses.min_dist.latent_goal_search=direct agent.quasimetric_critic.model.encoder.branch_normalization=layernorm agent.actor.losses.min_dist.latent_goal_mode=min agent.actor.losses.min_dist.latent_goal_optim=rmsg interaction.num_eval_episodes=100 interaction.num_test_episodes=100 agent.actor.losses.min_dist.adaptive_entropy_regularizer=true agent.actor.losses.min_dist.entropy_mc_samples=100 agent.actor.losses.min_dist.add_goal_as_future_state=true agent.actor.losses.behavior_cloning.weight=0 agent.goal_set_distance.enabled=false interaction.exploration_eps=0 interaction.validation_seed=1000 interaction.test_seed=2000000 eval_steps=null save_steps=20000 keep_only_latest_checkpoint=false save_replay_buffer=true save_final_replay_buffer=true
official_qrl_1q_Base-M_200k_20kckpt_val100_test100_dmc_reacher_hard_online_s1000	online	reacher_hard	1000	200000	4.2m	env.kind=dmc +qrl_model_size=m interaction.num_eval_episodes=100 interaction.num_test_episodes=100 agent.actor.losses.min_dist.adaptive_entropy_regularizer=true agent.actor.losses.min_dist.entropy_mc_samples=100 agent.actor.losses.min_dist.add_goal_as_future_state=true agent.actor.losses.behavior_cloning.weight=0 agent.goal_set_distance.enabled=false interaction.exploration_eps=0 interaction.validation_seed=1000 interaction.test_seed=2000000 eval_steps=null save_steps=20000 keep_only_latest_checkpoint=false save_replay_buffer=true save_final_replay_buffer=true
official_qrl_1q_Base-M_200k_20kckpt_val100_test100_dmc_reacher_hard_online_s1001	online	reacher_hard	1001	200000	4.2m	env.kind=dmc +qrl_model_size=m interaction.num_eval_episodes=100 interaction.num_test_episodes=100 agent.actor.losses.min_dist.adaptive_entropy_regularizer=true agent.actor.losses.min_dist.entropy_mc_samples=100 agent.actor.losses.min_dist.add_goal_as_future_state=true agent.actor.losses.behavior_cloning.weight=0 agent.goal_set_distance.enabled=false interaction.exploration_eps=0 interaction.validation_seed=1000 interaction.test_seed=2000000 eval_steps=null save_steps=20000 keep_only_latest_checkpoint=false save_replay_buffer=true save_final_replay_buffer=true
official_qrl_1q_Base-M_200k_20kckpt_val100_test100_dmc_reacher_hard_online_s1002	online	reacher_hard	1002	200000	4.2m	env.kind=dmc +qrl_model_size=m interaction.num_eval_episodes=100 interaction.num_test_episodes=100 agent.actor.losses.min_dist.adaptive_entropy_regularizer=true agent.actor.losses.min_dist.entropy_mc_samples=100 agent.actor.losses.min_dist.add_goal_as_future_state=true agent.actor.losses.behavior_cloning.weight=0 agent.goal_set_distance.enabled=false interaction.exploration_eps=0 interaction.validation_seed=1000 interaction.test_seed=2000000 eval_steps=null save_steps=20000 keep_only_latest_checkpoint=false save_replay_buffer=true save_final_replay_buffer=true
official_qrl_1q_Base-M_200k_20kckpt_val100_test100_dmc_reacher_hard_online_s1003	online	reacher_hard	1003	200000	4.2m	env.kind=dmc +qrl_model_size=m interaction.num_eval_episodes=100 interaction.num_test_episodes=100 agent.actor.losses.min_dist.adaptive_entropy_regularizer=true agent.actor.losses.min_dist.entropy_mc_samples=100 agent.actor.losses.min_dist.add_goal_as_future_state=true agent.actor.losses.behavior_cloning.weight=0 agent.goal_set_distance.enabled=false interaction.exploration_eps=0 interaction.validation_seed=1000 interaction.test_seed=2000000 eval_steps=null save_steps=20000 keep_only_latest_checkpoint=false save_replay_buffer=true save_final_replay_buffer=true
official_qrl_1q_Base-M_200k_20kckpt_val100_test100_dmc_reacher_hard_online_s1004	online	reacher_hard	1004	200000	4.2m	env.kind=dmc +qrl_model_size=m interaction.num_eval_episodes=100 interaction.num_test_episodes=100 agent.actor.losses.min_dist.adaptive_entropy_regularizer=true agent.actor.losses.min_dist.entropy_mc_samples=100 agent.actor.losses.min_dist.add_goal_as_future_state=true agent.actor.losses.behavior_cloning.weight=0 agent.goal_set_distance.enabled=false interaction.exploration_eps=0 interaction.validation_seed=1000 interaction.test_seed=2000000 eval_steps=null save_steps=20000 keep_only_latest_checkpoint=false save_replay_buffer=true save_final_replay_buffer=true
official_qrl_1q_GO-QRL+Max4-M_200k_20kckpt_val100_test100_dmc_reacher_hard_online_s1000	online	reacher_hard	1000	200000	4.4m	env.kind=dmc +go_qrl_model_size=m agent.actor.losses.min_dist.latent_goal_steps=4 agent.actor.losses.min_dist.latent_goal_keep_best=true agent.actor.losses.min_dist.latent_goal_lr=0.01 agent.actor.losses.min_dist.latent_goal_search=direct agent.quasimetric_critic.model.encoder.branch_normalization=none agent.actor.losses.min_dist.latent_goal_mode=max agent.actor.losses.min_dist.latent_goal_optim=sgd interaction.num_eval_episodes=100 interaction.num_test_episodes=100 agent.actor.losses.min_dist.adaptive_entropy_regularizer=true agent.actor.losses.min_dist.entropy_mc_samples=100 agent.actor.losses.min_dist.add_goal_as_future_state=true agent.actor.losses.behavior_cloning.weight=0 agent.goal_set_distance.enabled=false interaction.exploration_eps=0 interaction.validation_seed=1000 interaction.test_seed=2000000 eval_steps=null save_steps=20000 keep_only_latest_checkpoint=false save_replay_buffer=true save_final_replay_buffer=true
official_qrl_1q_GO-QRL+Max4-M_200k_20kckpt_val100_test100_dmc_reacher_hard_online_s1001	online	reacher_hard	1001	200000	4.4m	env.kind=dmc +go_qrl_model_size=m agent.actor.losses.min_dist.latent_goal_steps=4 agent.actor.losses.min_dist.latent_goal_keep_best=true agent.actor.losses.min_dist.latent_goal_lr=0.01 agent.actor.losses.min_dist.latent_goal_search=direct agent.quasimetric_critic.model.encoder.branch_normalization=none agent.actor.losses.min_dist.latent_goal_mode=max agent.actor.losses.min_dist.latent_goal_optim=sgd interaction.num_eval_episodes=100 interaction.num_test_episodes=100 agent.actor.losses.min_dist.adaptive_entropy_regularizer=true agent.actor.losses.min_dist.entropy_mc_samples=100 agent.actor.losses.min_dist.add_goal_as_future_state=true agent.actor.losses.behavior_cloning.weight=0 agent.goal_set_distance.enabled=false interaction.exploration_eps=0 interaction.validation_seed=1000 interaction.test_seed=2000000 eval_steps=null save_steps=20000 keep_only_latest_checkpoint=false save_replay_buffer=true save_final_replay_buffer=true
official_qrl_1q_GO-QRL+Max4-M_200k_20kckpt_val100_test100_dmc_reacher_hard_online_s1002	online	reacher_hard	1002	200000	4.4m	env.kind=dmc +go_qrl_model_size=m agent.actor.losses.min_dist.latent_goal_steps=4 agent.actor.losses.min_dist.latent_goal_keep_best=true agent.actor.losses.min_dist.latent_goal_lr=0.01 agent.actor.losses.min_dist.latent_goal_search=direct agent.quasimetric_critic.model.encoder.branch_normalization=none agent.actor.losses.min_dist.latent_goal_mode=max agent.actor.losses.min_dist.latent_goal_optim=sgd interaction.num_eval_episodes=100 interaction.num_test_episodes=100 agent.actor.losses.min_dist.adaptive_entropy_regularizer=true agent.actor.losses.min_dist.entropy_mc_samples=100 agent.actor.losses.min_dist.add_goal_as_future_state=true agent.actor.losses.behavior_cloning.weight=0 agent.goal_set_distance.enabled=false interaction.exploration_eps=0 interaction.validation_seed=1000 interaction.test_seed=2000000 eval_steps=null save_steps=20000 keep_only_latest_checkpoint=false save_replay_buffer=true save_final_replay_buffer=true
official_qrl_1q_GO-QRL+Max4-M_200k_20kckpt_val100_test100_dmc_reacher_hard_online_s1003	online	reacher_hard	1003	200000	4.4m	env.kind=dmc +go_qrl_model_size=m agent.actor.losses.min_dist.latent_goal_steps=4 agent.actor.losses.min_dist.latent_goal_keep_best=true agent.actor.losses.min_dist.latent_goal_lr=0.01 agent.actor.losses.min_dist.latent_goal_search=direct agent.quasimetric_critic.model.encoder.branch_normalization=none agent.actor.losses.min_dist.latent_goal_mode=max agent.actor.losses.min_dist.latent_goal_optim=sgd interaction.num_eval_episodes=100 interaction.num_test_episodes=100 agent.actor.losses.min_dist.adaptive_entropy_regularizer=true agent.actor.losses.min_dist.entropy_mc_samples=100 agent.actor.losses.min_dist.add_goal_as_future_state=true agent.actor.losses.behavior_cloning.weight=0 agent.goal_set_distance.enabled=false interaction.exploration_eps=0 interaction.validation_seed=1000 interaction.test_seed=2000000 eval_steps=null save_steps=20000 keep_only_latest_checkpoint=false save_replay_buffer=true save_final_replay_buffer=true
official_qrl_1q_GO-QRL+Max4-M_200k_20kckpt_val100_test100_dmc_reacher_hard_online_s1004	online	reacher_hard	1004	200000	4.4m	env.kind=dmc +go_qrl_model_size=m agent.actor.losses.min_dist.latent_goal_steps=4 agent.actor.losses.min_dist.latent_goal_keep_best=true agent.actor.losses.min_dist.latent_goal_lr=0.01 agent.actor.losses.min_dist.latent_goal_search=direct agent.quasimetric_critic.model.encoder.branch_normalization=none agent.actor.losses.min_dist.latent_goal_mode=max agent.actor.losses.min_dist.latent_goal_optim=sgd interaction.num_eval_episodes=100 interaction.num_test_episodes=100 agent.actor.losses.min_dist.adaptive_entropy_regularizer=true agent.actor.losses.min_dist.entropy_mc_samples=100 agent.actor.losses.min_dist.add_goal_as_future_state=true agent.actor.losses.behavior_cloning.weight=0 agent.goal_set_distance.enabled=false interaction.exploration_eps=0 interaction.validation_seed=1000 interaction.test_seed=2000000 eval_steps=null save_steps=20000 keep_only_latest_checkpoint=false save_replay_buffer=true save_final_replay_buffer=true
official_qrl_1q_GO-QRL+Min4-M_200k_20kckpt_val100_test100_dmc_reacher_hard_online_s1000	online	reacher_hard	1000	200000	4.4m	env.kind=dmc +go_qrl_model_size=m agent.actor.losses.min_dist.latent_goal_steps=4 agent.actor.losses.min_dist.latent_goal_keep_best=true agent.actor.losses.min_dist.latent_goal_lr=0.01 agent.actor.losses.min_dist.latent_goal_search=direct agent.quasimetric_critic.model.encoder.branch_normalization=none agent.actor.losses.min_dist.latent_goal_mode=min agent.actor.losses.min_dist.latent_goal_optim=sgd interaction.num_eval_episodes=100 interaction.num_test_episodes=100 agent.actor.losses.min_dist.adaptive_entropy_regularizer=true agent.actor.losses.min_dist.entropy_mc_samples=100 agent.actor.losses.min_dist.add_goal_as_future_state=true agent.actor.losses.behavior_cloning.weight=0 agent.goal_set_distance.enabled=false interaction.exploration_eps=0 interaction.validation_seed=1000 interaction.test_seed=2000000 eval_steps=null save_steps=20000 keep_only_latest_checkpoint=false save_replay_buffer=true save_final_replay_buffer=true
official_qrl_1q_GO-QRL+Min4-M_200k_20kckpt_val100_test100_dmc_reacher_hard_online_s1001	online	reacher_hard	1001	200000	4.4m	env.kind=dmc +go_qrl_model_size=m agent.actor.losses.min_dist.latent_goal_steps=4 agent.actor.losses.min_dist.latent_goal_keep_best=true agent.actor.losses.min_dist.latent_goal_lr=0.01 agent.actor.losses.min_dist.latent_goal_search=direct agent.quasimetric_critic.model.encoder.branch_normalization=none agent.actor.losses.min_dist.latent_goal_mode=min agent.actor.losses.min_dist.latent_goal_optim=sgd interaction.num_eval_episodes=100 interaction.num_test_episodes=100 agent.actor.losses.min_dist.adaptive_entropy_regularizer=true agent.actor.losses.min_dist.entropy_mc_samples=100 agent.actor.losses.min_dist.add_goal_as_future_state=true agent.actor.losses.behavior_cloning.weight=0 agent.goal_set_distance.enabled=false interaction.exploration_eps=0 interaction.validation_seed=1000 interaction.test_seed=2000000 eval_steps=null save_steps=20000 keep_only_latest_checkpoint=false save_replay_buffer=true save_final_replay_buffer=true
official_qrl_1q_GO-QRL+Min4-M_200k_20kckpt_val100_test100_dmc_reacher_hard_online_s1002	online	reacher_hard	1002	200000	4.4m	env.kind=dmc +go_qrl_model_size=m agent.actor.losses.min_dist.latent_goal_steps=4 agent.actor.losses.min_dist.latent_goal_keep_best=true agent.actor.losses.min_dist.latent_goal_lr=0.01 agent.actor.losses.min_dist.latent_goal_search=direct agent.quasimetric_critic.model.encoder.branch_normalization=none agent.actor.losses.min_dist.latent_goal_mode=min agent.actor.losses.min_dist.latent_goal_optim=sgd interaction.num_eval_episodes=100 interaction.num_test_episodes=100 agent.actor.losses.min_dist.adaptive_entropy_regularizer=true agent.actor.losses.min_dist.entropy_mc_samples=100 agent.actor.losses.min_dist.add_goal_as_future_state=true agent.actor.losses.behavior_cloning.weight=0 agent.goal_set_distance.enabled=false interaction.exploration_eps=0 interaction.validation_seed=1000 interaction.test_seed=2000000 eval_steps=null save_steps=20000 keep_only_latest_checkpoint=false save_replay_buffer=true save_final_replay_buffer=true
official_qrl_1q_GO-QRL+Min4-M_200k_20kckpt_val100_test100_dmc_reacher_hard_online_s1003	online	reacher_hard	1003	200000	4.4m	env.kind=dmc +go_qrl_model_size=m agent.actor.losses.min_dist.latent_goal_steps=4 agent.actor.losses.min_dist.latent_goal_keep_best=true agent.actor.losses.min_dist.latent_goal_lr=0.01 agent.actor.losses.min_dist.latent_goal_search=direct agent.quasimetric_critic.model.encoder.branch_normalization=none agent.actor.losses.min_dist.latent_goal_mode=min agent.actor.losses.min_dist.latent_goal_optim=sgd interaction.num_eval_episodes=100 interaction.num_test_episodes=100 agent.actor.losses.min_dist.adaptive_entropy_regularizer=true agent.actor.losses.min_dist.entropy_mc_samples=100 agent.actor.losses.min_dist.add_goal_as_future_state=true agent.actor.losses.behavior_cloning.weight=0 agent.goal_set_distance.enabled=false interaction.exploration_eps=0 interaction.validation_seed=1000 interaction.test_seed=2000000 eval_steps=null save_steps=20000 keep_only_latest_checkpoint=false save_replay_buffer=true save_final_replay_buffer=true
official_qrl_1q_GO-QRL+Min4-M_200k_20kckpt_val100_test100_dmc_reacher_hard_online_s1004	online	reacher_hard	1004	200000	4.4m	env.kind=dmc +go_qrl_model_size=m agent.actor.losses.min_dist.latent_goal_steps=4 agent.actor.losses.min_dist.latent_goal_keep_best=true agent.actor.losses.min_dist.latent_goal_lr=0.01 agent.actor.losses.min_dist.latent_goal_search=direct agent.quasimetric_critic.model.encoder.branch_normalization=none agent.actor.losses.min_dist.latent_goal_mode=min agent.actor.losses.min_dist.latent_goal_optim=sgd interaction.num_eval_episodes=100 interaction.num_test_episodes=100 agent.actor.losses.min_dist.adaptive_entropy_regularizer=true agent.actor.losses.min_dist.entropy_mc_samples=100 agent.actor.losses.min_dist.add_goal_as_future_state=true agent.actor.losses.behavior_cloning.weight=0 agent.goal_set_distance.enabled=false interaction.exploration_eps=0 interaction.validation_seed=1000 interaction.test_seed=2000000 eval_steps=null save_steps=20000 keep_only_latest_checkpoint=false save_replay_buffer=true save_final_replay_buffer=true
official_qrl_1q_GO-QRL+Max4+LN+RMSG-M_200k_20kckpt_val100_test100_dmc_reacher_hard_online_s1000	online	reacher_hard	1000	200000	4.4m	env.kind=dmc +go_qrl_model_size=m agent.actor.losses.min_dist.latent_goal_steps=4 agent.actor.losses.min_dist.latent_goal_keep_best=true agent.actor.losses.min_dist.latent_goal_lr=0.01 agent.actor.losses.min_dist.latent_goal_search=direct agent.quasimetric_critic.model.encoder.branch_normalization=layernorm agent.actor.losses.min_dist.latent_goal_mode=max agent.actor.losses.min_dist.latent_goal_optim=rmsg interaction.num_eval_episodes=100 interaction.num_test_episodes=100 agent.actor.losses.min_dist.adaptive_entropy_regularizer=true agent.actor.losses.min_dist.entropy_mc_samples=100 agent.actor.losses.min_dist.add_goal_as_future_state=true agent.actor.losses.behavior_cloning.weight=0 agent.goal_set_distance.enabled=false interaction.exploration_eps=0 interaction.validation_seed=1000 interaction.test_seed=2000000 eval_steps=null save_steps=20000 keep_only_latest_checkpoint=false save_replay_buffer=true save_final_replay_buffer=true
official_qrl_1q_GO-QRL+Max4+LN+RMSG-M_200k_20kckpt_val100_test100_dmc_reacher_hard_online_s1001	online	reacher_hard	1001	200000	4.4m	env.kind=dmc +go_qrl_model_size=m agent.actor.losses.min_dist.latent_goal_steps=4 agent.actor.losses.min_dist.latent_goal_keep_best=true agent.actor.losses.min_dist.latent_goal_lr=0.01 agent.actor.losses.min_dist.latent_goal_search=direct agent.quasimetric_critic.model.encoder.branch_normalization=layernorm agent.actor.losses.min_dist.latent_goal_mode=max agent.actor.losses.min_dist.latent_goal_optim=rmsg interaction.num_eval_episodes=100 interaction.num_test_episodes=100 agent.actor.losses.min_dist.adaptive_entropy_regularizer=true agent.actor.losses.min_dist.entropy_mc_samples=100 agent.actor.losses.min_dist.add_goal_as_future_state=true agent.actor.losses.behavior_cloning.weight=0 agent.goal_set_distance.enabled=false interaction.exploration_eps=0 interaction.validation_seed=1000 interaction.test_seed=2000000 eval_steps=null save_steps=20000 keep_only_latest_checkpoint=false save_replay_buffer=true save_final_replay_buffer=true
official_qrl_1q_GO-QRL+Max4+LN+RMSG-M_200k_20kckpt_val100_test100_dmc_reacher_hard_online_s1002	online	reacher_hard	1002	200000	4.4m	env.kind=dmc +go_qrl_model_size=m agent.actor.losses.min_dist.latent_goal_steps=4 agent.actor.losses.min_dist.latent_goal_keep_best=true agent.actor.losses.min_dist.latent_goal_lr=0.01 agent.actor.losses.min_dist.latent_goal_search=direct agent.quasimetric_critic.model.encoder.branch_normalization=layernorm agent.actor.losses.min_dist.latent_goal_mode=max agent.actor.losses.min_dist.latent_goal_optim=rmsg interaction.num_eval_episodes=100 interaction.num_test_episodes=100 agent.actor.losses.min_dist.adaptive_entropy_regularizer=true agent.actor.losses.min_dist.entropy_mc_samples=100 agent.actor.losses.min_dist.add_goal_as_future_state=true agent.actor.losses.behavior_cloning.weight=0 agent.goal_set_distance.enabled=false interaction.exploration_eps=0 interaction.validation_seed=1000 interaction.test_seed=2000000 eval_steps=null save_steps=20000 keep_only_latest_checkpoint=false save_replay_buffer=true save_final_replay_buffer=true
official_qrl_1q_GO-QRL+Max4+LN+RMSG-M_200k_20kckpt_val100_test100_dmc_reacher_hard_online_s1003	online	reacher_hard	1003	200000	4.4m	env.kind=dmc +go_qrl_model_size=m agent.actor.losses.min_dist.latent_goal_steps=4 agent.actor.losses.min_dist.latent_goal_keep_best=true agent.actor.losses.min_dist.latent_goal_lr=0.01 agent.actor.losses.min_dist.latent_goal_search=direct agent.quasimetric_critic.model.encoder.branch_normalization=layernorm agent.actor.losses.min_dist.latent_goal_mode=max agent.actor.losses.min_dist.latent_goal_optim=rmsg interaction.num_eval_episodes=100 interaction.num_test_episodes=100 agent.actor.losses.min_dist.adaptive_entropy_regularizer=true agent.actor.losses.min_dist.entropy_mc_samples=100 agent.actor.losses.min_dist.add_goal_as_future_state=true agent.actor.losses.behavior_cloning.weight=0 agent.goal_set_distance.enabled=false interaction.exploration_eps=0 interaction.validation_seed=1000 interaction.test_seed=2000000 eval_steps=null save_steps=20000 keep_only_latest_checkpoint=false save_replay_buffer=true save_final_replay_buffer=true
official_qrl_1q_GO-QRL+Max4+LN+RMSG-M_200k_20kckpt_val100_test100_dmc_reacher_hard_online_s1004	online	reacher_hard	1004	200000	4.4m	env.kind=dmc +go_qrl_model_size=m agent.actor.losses.min_dist.latent_goal_steps=4 agent.actor.losses.min_dist.latent_goal_keep_best=true agent.actor.losses.min_dist.latent_goal_lr=0.01 agent.actor.losses.min_dist.latent_goal_search=direct agent.quasimetric_critic.model.encoder.branch_normalization=layernorm agent.actor.losses.min_dist.latent_goal_mode=max agent.actor.losses.min_dist.latent_goal_optim=rmsg interaction.num_eval_episodes=100 interaction.num_test_episodes=100 agent.actor.losses.min_dist.adaptive_entropy_regularizer=true agent.actor.losses.min_dist.entropy_mc_samples=100 agent.actor.losses.min_dist.add_goal_as_future_state=true agent.actor.losses.behavior_cloning.weight=0 agent.goal_set_distance.enabled=false interaction.exploration_eps=0 interaction.validation_seed=1000 interaction.test_seed=2000000 eval_steps=null save_steps=20000 keep_only_latest_checkpoint=false save_replay_buffer=true save_final_replay_buffer=true
official_qrl_1q_GO-QRL+Min4+LN+RMSG-M_200k_20kckpt_val100_test100_dmc_reacher_hard_online_s1000	online	reacher_hard	1000	200000	4.4m	env.kind=dmc +go_qrl_model_size=m agent.actor.losses.min_dist.latent_goal_steps=4 agent.actor.losses.min_dist.latent_goal_keep_best=true agent.actor.losses.min_dist.latent_goal_lr=0.01 agent.actor.losses.min_dist.latent_goal_search=direct agent.quasimetric_critic.model.encoder.branch_normalization=layernorm agent.actor.losses.min_dist.latent_goal_mode=min agent.actor.losses.min_dist.latent_goal_optim=rmsg interaction.num_eval_episodes=100 interaction.num_test_episodes=100 agent.actor.losses.min_dist.adaptive_entropy_regularizer=true agent.actor.losses.min_dist.entropy_mc_samples=100 agent.actor.losses.min_dist.add_goal_as_future_state=true agent.actor.losses.behavior_cloning.weight=0 agent.goal_set_distance.enabled=false interaction.exploration_eps=0 interaction.validation_seed=1000 interaction.test_seed=2000000 eval_steps=null save_steps=20000 keep_only_latest_checkpoint=false save_replay_buffer=true save_final_replay_buffer=true
official_qrl_1q_GO-QRL+Min4+LN+RMSG-M_200k_20kckpt_val100_test100_dmc_reacher_hard_online_s1001	online	reacher_hard	1001	200000	4.4m	env.kind=dmc +go_qrl_model_size=m agent.actor.losses.min_dist.latent_goal_steps=4 agent.actor.losses.min_dist.latent_goal_keep_best=true agent.actor.losses.min_dist.latent_goal_lr=0.01 agent.actor.losses.min_dist.latent_goal_search=direct agent.quasimetric_critic.model.encoder.branch_normalization=layernorm agent.actor.losses.min_dist.latent_goal_mode=min agent.actor.losses.min_dist.latent_goal_optim=rmsg interaction.num_eval_episodes=100 interaction.num_test_episodes=100 agent.actor.losses.min_dist.adaptive_entropy_regularizer=true agent.actor.losses.min_dist.entropy_mc_samples=100 agent.actor.losses.min_dist.add_goal_as_future_state=true agent.actor.losses.behavior_cloning.weight=0 agent.goal_set_distance.enabled=false interaction.exploration_eps=0 interaction.validation_seed=1000 interaction.test_seed=2000000 eval_steps=null save_steps=20000 keep_only_latest_checkpoint=false save_replay_buffer=true save_final_replay_buffer=true
official_qrl_1q_GO-QRL+Min4+LN+RMSG-M_200k_20kckpt_val100_test100_dmc_reacher_hard_online_s1002	online	reacher_hard	1002	200000	4.4m	env.kind=dmc +go_qrl_model_size=m agent.actor.losses.min_dist.latent_goal_steps=4 agent.actor.losses.min_dist.latent_goal_keep_best=true agent.actor.losses.min_dist.latent_goal_lr=0.01 agent.actor.losses.min_dist.latent_goal_search=direct agent.quasimetric_critic.model.encoder.branch_normalization=layernorm agent.actor.losses.min_dist.latent_goal_mode=min agent.actor.losses.min_dist.latent_goal_optim=rmsg interaction.num_eval_episodes=100 interaction.num_test_episodes=100 agent.actor.losses.min_dist.adaptive_entropy_regularizer=true agent.actor.losses.min_dist.entropy_mc_samples=100 agent.actor.losses.min_dist.add_goal_as_future_state=true agent.actor.losses.behavior_cloning.weight=0 agent.goal_set_distance.enabled=false interaction.exploration_eps=0 interaction.validation_seed=1000 interaction.test_seed=2000000 eval_steps=null save_steps=20000 keep_only_latest_checkpoint=false save_replay_buffer=true save_final_replay_buffer=true
official_qrl_1q_GO-QRL+Min4+LN+RMSG-M_200k_20kckpt_val100_test100_dmc_reacher_hard_online_s1003	online	reacher_hard	1003	200000	4.4m	env.kind=dmc +go_qrl_model_size=m agent.actor.losses.min_dist.latent_goal_steps=4 agent.actor.losses.min_dist.latent_goal_keep_best=true agent.actor.losses.min_dist.latent_goal_lr=0.01 agent.actor.losses.min_dist.latent_goal_search=direct agent.quasimetric_critic.model.encoder.branch_normalization=layernorm agent.actor.losses.min_dist.latent_goal_mode=min agent.actor.losses.min_dist.latent_goal_optim=rmsg interaction.num_eval_episodes=100 interaction.num_test_episodes=100 agent.actor.losses.min_dist.adaptive_entropy_regularizer=true agent.actor.losses.min_dist.entropy_mc_samples=100 agent.actor.losses.min_dist.add_goal_as_future_state=true agent.actor.losses.behavior_cloning.weight=0 agent.goal_set_distance.enabled=false interaction.exploration_eps=0 interaction.validation_seed=1000 interaction.test_seed=2000000 eval_steps=null save_steps=20000 keep_only_latest_checkpoint=false save_replay_buffer=true save_final_replay_buffer=true
official_qrl_1q_GO-QRL+Min4+LN+RMSG-M_200k_20kckpt_val100_test100_dmc_reacher_hard_online_s1004	online	reacher_hard	1004	200000	4.4m	env.kind=dmc +go_qrl_model_size=m agent.actor.losses.min_dist.latent_goal_steps=4 agent.actor.losses.min_dist.latent_goal_keep_best=true agent.actor.losses.min_dist.latent_goal_lr=0.01 agent.actor.losses.min_dist.latent_goal_search=direct agent.quasimetric_critic.model.encoder.branch_normalization=layernorm agent.actor.losses.min_dist.latent_goal_mode=min agent.actor.losses.min_dist.latent_goal_optim=rmsg interaction.num_eval_episodes=100 interaction.num_test_episodes=100 agent.actor.losses.min_dist.adaptive_entropy_regularizer=true agent.actor.losses.min_dist.entropy_mc_samples=100 agent.actor.losses.min_dist.add_goal_as_future_state=true agent.actor.losses.behavior_cloning.weight=0 agent.goal_set_distance.enabled=false interaction.exploration_eps=0 interaction.validation_seed=1000 interaction.test_seed=2000000 eval_steps=null save_steps=20000 keep_only_latest_checkpoint=false save_replay_buffer=true save_final_replay_buffer=true
official_qrl_1q_Base-M_200k_20kckpt_val100_test100_dmc_manipulator_bring_ball_online_s1000	online	manipulator_bring_ball	1000	200000	4.2m	env.kind=dmc +qrl_model_size=m interaction.num_eval_episodes=100 interaction.num_test_episodes=100 agent.actor.losses.min_dist.adaptive_entropy_regularizer=true agent.actor.losses.min_dist.entropy_mc_samples=100 agent.actor.losses.min_dist.add_goal_as_future_state=true agent.actor.losses.behavior_cloning.weight=0 agent.goal_set_distance.enabled=false interaction.exploration_eps=0 interaction.validation_seed=1000 interaction.test_seed=2000000 eval_steps=null save_steps=20000 keep_only_latest_checkpoint=false save_replay_buffer=true save_final_replay_buffer=true
official_qrl_1q_Base-M_200k_20kckpt_val100_test100_dmc_manipulator_bring_ball_online_s1001	online	manipulator_bring_ball	1001	200000	4.2m	env.kind=dmc +qrl_model_size=m interaction.num_eval_episodes=100 interaction.num_test_episodes=100 agent.actor.losses.min_dist.adaptive_entropy_regularizer=true agent.actor.losses.min_dist.entropy_mc_samples=100 agent.actor.losses.min_dist.add_goal_as_future_state=true agent.actor.losses.behavior_cloning.weight=0 agent.goal_set_distance.enabled=false interaction.exploration_eps=0 interaction.validation_seed=1000 interaction.test_seed=2000000 eval_steps=null save_steps=20000 keep_only_latest_checkpoint=false save_replay_buffer=true save_final_replay_buffer=true
official_qrl_1q_Base-M_200k_20kckpt_val100_test100_dmc_manipulator_bring_ball_online_s1002	online	manipulator_bring_ball	1002	200000	4.2m	env.kind=dmc +qrl_model_size=m interaction.num_eval_episodes=100 interaction.num_test_episodes=100 agent.actor.losses.min_dist.adaptive_entropy_regularizer=true agent.actor.losses.min_dist.entropy_mc_samples=100 agent.actor.losses.min_dist.add_goal_as_future_state=true agent.actor.losses.behavior_cloning.weight=0 agent.goal_set_distance.enabled=false interaction.exploration_eps=0 interaction.validation_seed=1000 interaction.test_seed=2000000 eval_steps=null save_steps=20000 keep_only_latest_checkpoint=false save_replay_buffer=true save_final_replay_buffer=true
official_qrl_1q_Base-M_200k_20kckpt_val100_test100_dmc_manipulator_bring_ball_online_s1003	online	manipulator_bring_ball	1003	200000	4.2m	env.kind=dmc +qrl_model_size=m interaction.num_eval_episodes=100 interaction.num_test_episodes=100 agent.actor.losses.min_dist.adaptive_entropy_regularizer=true agent.actor.losses.min_dist.entropy_mc_samples=100 agent.actor.losses.min_dist.add_goal_as_future_state=true agent.actor.losses.behavior_cloning.weight=0 agent.goal_set_distance.enabled=false interaction.exploration_eps=0 interaction.validation_seed=1000 interaction.test_seed=2000000 eval_steps=null save_steps=20000 keep_only_latest_checkpoint=false save_replay_buffer=true save_final_replay_buffer=true
official_qrl_1q_Base-M_200k_20kckpt_val100_test100_dmc_manipulator_bring_ball_online_s1004	online	manipulator_bring_ball	1004	200000	4.2m	env.kind=dmc +qrl_model_size=m interaction.num_eval_episodes=100 interaction.num_test_episodes=100 agent.actor.losses.min_dist.adaptive_entropy_regularizer=true agent.actor.losses.min_dist.entropy_mc_samples=100 agent.actor.losses.min_dist.add_goal_as_future_state=true agent.actor.losses.behavior_cloning.weight=0 agent.goal_set_distance.enabled=false interaction.exploration_eps=0 interaction.validation_seed=1000 interaction.test_seed=2000000 eval_steps=null save_steps=20000 keep_only_latest_checkpoint=false save_replay_buffer=true save_final_replay_buffer=true
official_qrl_1q_GO-QRL+Max4-M_200k_20kckpt_val100_test100_dmc_manipulator_bring_ball_online_s1000	online	manipulator_bring_ball	1000	200000	4.4m	env.kind=dmc +go_qrl_model_size=m agent.actor.losses.min_dist.latent_goal_steps=4 agent.actor.losses.min_dist.latent_goal_keep_best=true agent.actor.losses.min_dist.latent_goal_lr=0.01 agent.actor.losses.min_dist.latent_goal_search=direct agent.quasimetric_critic.model.encoder.branch_normalization=none agent.actor.losses.min_dist.latent_goal_mode=max agent.actor.losses.min_dist.latent_goal_optim=sgd interaction.num_eval_episodes=100 interaction.num_test_episodes=100 agent.actor.losses.min_dist.adaptive_entropy_regularizer=true agent.actor.losses.min_dist.entropy_mc_samples=100 agent.actor.losses.min_dist.add_goal_as_future_state=true agent.actor.losses.behavior_cloning.weight=0 agent.goal_set_distance.enabled=false interaction.exploration_eps=0 interaction.validation_seed=1000 interaction.test_seed=2000000 eval_steps=null save_steps=20000 keep_only_latest_checkpoint=false save_replay_buffer=true save_final_replay_buffer=true
official_qrl_1q_GO-QRL+Max4-M_200k_20kckpt_val100_test100_dmc_manipulator_bring_ball_online_s1001	online	manipulator_bring_ball	1001	200000	4.4m	env.kind=dmc +go_qrl_model_size=m agent.actor.losses.min_dist.latent_goal_steps=4 agent.actor.losses.min_dist.latent_goal_keep_best=true agent.actor.losses.min_dist.latent_goal_lr=0.01 agent.actor.losses.min_dist.latent_goal_search=direct agent.quasimetric_critic.model.encoder.branch_normalization=none agent.actor.losses.min_dist.latent_goal_mode=max agent.actor.losses.min_dist.latent_goal_optim=sgd interaction.num_eval_episodes=100 interaction.num_test_episodes=100 agent.actor.losses.min_dist.adaptive_entropy_regularizer=true agent.actor.losses.min_dist.entropy_mc_samples=100 agent.actor.losses.min_dist.add_goal_as_future_state=true agent.actor.losses.behavior_cloning.weight=0 agent.goal_set_distance.enabled=false interaction.exploration_eps=0 interaction.validation_seed=1000 interaction.test_seed=2000000 eval_steps=null save_steps=20000 keep_only_latest_checkpoint=false save_replay_buffer=true save_final_replay_buffer=true
official_qrl_1q_GO-QRL+Max4-M_200k_20kckpt_val100_test100_dmc_manipulator_bring_ball_online_s1002	online	manipulator_bring_ball	1002	200000	4.4m	env.kind=dmc +go_qrl_model_size=m agent.actor.losses.min_dist.latent_goal_steps=4 agent.actor.losses.min_dist.latent_goal_keep_best=true agent.actor.losses.min_dist.latent_goal_lr=0.01 agent.actor.losses.min_dist.latent_goal_search=direct agent.quasimetric_critic.model.encoder.branch_normalization=none agent.actor.losses.min_dist.latent_goal_mode=max agent.actor.losses.min_dist.latent_goal_optim=sgd interaction.num_eval_episodes=100 interaction.num_test_episodes=100 agent.actor.losses.min_dist.adaptive_entropy_regularizer=true agent.actor.losses.min_dist.entropy_mc_samples=100 agent.actor.losses.min_dist.add_goal_as_future_state=true agent.actor.losses.behavior_cloning.weight=0 agent.goal_set_distance.enabled=false interaction.exploration_eps=0 interaction.validation_seed=1000 interaction.test_seed=2000000 eval_steps=null save_steps=20000 keep_only_latest_checkpoint=false save_replay_buffer=true save_final_replay_buffer=true
official_qrl_1q_GO-QRL+Max4-M_200k_20kckpt_val100_test100_dmc_manipulator_bring_ball_online_s1003	online	manipulator_bring_ball	1003	200000	4.4m	env.kind=dmc +go_qrl_model_size=m agent.actor.losses.min_dist.latent_goal_steps=4 agent.actor.losses.min_dist.latent_goal_keep_best=true agent.actor.losses.min_dist.latent_goal_lr=0.01 agent.actor.losses.min_dist.latent_goal_search=direct agent.quasimetric_critic.model.encoder.branch_normalization=none agent.actor.losses.min_dist.latent_goal_mode=max agent.actor.losses.min_dist.latent_goal_optim=sgd interaction.num_eval_episodes=100 interaction.num_test_episodes=100 agent.actor.losses.min_dist.adaptive_entropy_regularizer=true agent.actor.losses.min_dist.entropy_mc_samples=100 agent.actor.losses.min_dist.add_goal_as_future_state=true agent.actor.losses.behavior_cloning.weight=0 agent.goal_set_distance.enabled=false interaction.exploration_eps=0 interaction.validation_seed=1000 interaction.test_seed=2000000 eval_steps=null save_steps=20000 keep_only_latest_checkpoint=false save_replay_buffer=true save_final_replay_buffer=true
official_qrl_1q_GO-QRL+Max4-M_200k_20kckpt_val100_test100_dmc_manipulator_bring_ball_online_s1004	online	manipulator_bring_ball	1004	200000	4.4m	env.kind=dmc +go_qrl_model_size=m agent.actor.losses.min_dist.latent_goal_steps=4 agent.actor.losses.min_dist.latent_goal_keep_best=true agent.actor.losses.min_dist.latent_goal_lr=0.01 agent.actor.losses.min_dist.latent_goal_search=direct agent.quasimetric_critic.model.encoder.branch_normalization=none agent.actor.losses.min_dist.latent_goal_mode=max agent.actor.losses.min_dist.latent_goal_optim=sgd interaction.num_eval_episodes=100 interaction.num_test_episodes=100 agent.actor.losses.min_dist.adaptive_entropy_regularizer=true agent.actor.losses.min_dist.entropy_mc_samples=100 agent.actor.losses.min_dist.add_goal_as_future_state=true agent.actor.losses.behavior_cloning.weight=0 agent.goal_set_distance.enabled=false interaction.exploration_eps=0 interaction.validation_seed=1000 interaction.test_seed=2000000 eval_steps=null save_steps=20000 keep_only_latest_checkpoint=false save_replay_buffer=true save_final_replay_buffer=true
official_qrl_1q_GO-QRL+Min4-M_200k_20kckpt_val100_test100_dmc_manipulator_bring_ball_online_s1000	online	manipulator_bring_ball	1000	200000	4.4m	env.kind=dmc +go_qrl_model_size=m agent.actor.losses.min_dist.latent_goal_steps=4 agent.actor.losses.min_dist.latent_goal_keep_best=true agent.actor.losses.min_dist.latent_goal_lr=0.01 agent.actor.losses.min_dist.latent_goal_search=direct agent.quasimetric_critic.model.encoder.branch_normalization=none agent.actor.losses.min_dist.latent_goal_mode=min agent.actor.losses.min_dist.latent_goal_optim=sgd interaction.num_eval_episodes=100 interaction.num_test_episodes=100 agent.actor.losses.min_dist.adaptive_entropy_regularizer=true agent.actor.losses.min_dist.entropy_mc_samples=100 agent.actor.losses.min_dist.add_goal_as_future_state=true agent.actor.losses.behavior_cloning.weight=0 agent.goal_set_distance.enabled=false interaction.exploration_eps=0 interaction.validation_seed=1000 interaction.test_seed=2000000 eval_steps=null save_steps=20000 keep_only_latest_checkpoint=false save_replay_buffer=true save_final_replay_buffer=true
official_qrl_1q_GO-QRL+Min4-M_200k_20kckpt_val100_test100_dmc_manipulator_bring_ball_online_s1001	online	manipulator_bring_ball	1001	200000	4.4m	env.kind=dmc +go_qrl_model_size=m agent.actor.losses.min_dist.latent_goal_steps=4 agent.actor.losses.min_dist.latent_goal_keep_best=true agent.actor.losses.min_dist.latent_goal_lr=0.01 agent.actor.losses.min_dist.latent_goal_search=direct agent.quasimetric_critic.model.encoder.branch_normalization=none agent.actor.losses.min_dist.latent_goal_mode=min agent.actor.losses.min_dist.latent_goal_optim=sgd interaction.num_eval_episodes=100 interaction.num_test_episodes=100 agent.actor.losses.min_dist.adaptive_entropy_regularizer=true agent.actor.losses.min_dist.entropy_mc_samples=100 agent.actor.losses.min_dist.add_goal_as_future_state=true agent.actor.losses.behavior_cloning.weight=0 agent.goal_set_distance.enabled=false interaction.exploration_eps=0 interaction.validation_seed=1000 interaction.test_seed=2000000 eval_steps=null save_steps=20000 keep_only_latest_checkpoint=false save_replay_buffer=true save_final_replay_buffer=true
official_qrl_1q_GO-QRL+Min4-M_200k_20kckpt_val100_test100_dmc_manipulator_bring_ball_online_s1002	online	manipulator_bring_ball	1002	200000	4.4m	env.kind=dmc +go_qrl_model_size=m agent.actor.losses.min_dist.latent_goal_steps=4 agent.actor.losses.min_dist.latent_goal_keep_best=true agent.actor.losses.min_dist.latent_goal_lr=0.01 agent.actor.losses.min_dist.latent_goal_search=direct agent.quasimetric_critic.model.encoder.branch_normalization=none agent.actor.losses.min_dist.latent_goal_mode=min agent.actor.losses.min_dist.latent_goal_optim=sgd interaction.num_eval_episodes=100 interaction.num_test_episodes=100 agent.actor.losses.min_dist.adaptive_entropy_regularizer=true agent.actor.losses.min_dist.entropy_mc_samples=100 agent.actor.losses.min_dist.add_goal_as_future_state=true agent.actor.losses.behavior_cloning.weight=0 agent.goal_set_distance.enabled=false interaction.exploration_eps=0 interaction.validation_seed=1000 interaction.test_seed=2000000 eval_steps=null save_steps=20000 keep_only_latest_checkpoint=false save_replay_buffer=true save_final_replay_buffer=true
official_qrl_1q_GO-QRL+Min4-M_200k_20kckpt_val100_test100_dmc_manipulator_bring_ball_online_s1003	online	manipulator_bring_ball	1003	200000	4.4m	env.kind=dmc +go_qrl_model_size=m agent.actor.losses.min_dist.latent_goal_steps=4 agent.actor.losses.min_dist.latent_goal_keep_best=true agent.actor.losses.min_dist.latent_goal_lr=0.01 agent.actor.losses.min_dist.latent_goal_search=direct agent.quasimetric_critic.model.encoder.branch_normalization=none agent.actor.losses.min_dist.latent_goal_mode=min agent.actor.losses.min_dist.latent_goal_optim=sgd interaction.num_eval_episodes=100 interaction.num_test_episodes=100 agent.actor.losses.min_dist.adaptive_entropy_regularizer=true agent.actor.losses.min_dist.entropy_mc_samples=100 agent.actor.losses.min_dist.add_goal_as_future_state=true agent.actor.losses.behavior_cloning.weight=0 agent.goal_set_distance.enabled=false interaction.exploration_eps=0 interaction.validation_seed=1000 interaction.test_seed=2000000 eval_steps=null save_steps=20000 keep_only_latest_checkpoint=false save_replay_buffer=true save_final_replay_buffer=true
official_qrl_1q_GO-QRL+Min4-M_200k_20kckpt_val100_test100_dmc_manipulator_bring_ball_online_s1004	online	manipulator_bring_ball	1004	200000	4.4m	env.kind=dmc +go_qrl_model_size=m agent.actor.losses.min_dist.latent_goal_steps=4 agent.actor.losses.min_dist.latent_goal_keep_best=true agent.actor.losses.min_dist.latent_goal_lr=0.01 agent.actor.losses.min_dist.latent_goal_search=direct agent.quasimetric_critic.model.encoder.branch_normalization=none agent.actor.losses.min_dist.latent_goal_mode=min agent.actor.losses.min_dist.latent_goal_optim=sgd interaction.num_eval_episodes=100 interaction.num_test_episodes=100 agent.actor.losses.min_dist.adaptive_entropy_regularizer=true agent.actor.losses.min_dist.entropy_mc_samples=100 agent.actor.losses.min_dist.add_goal_as_future_state=true agent.actor.losses.behavior_cloning.weight=0 agent.goal_set_distance.enabled=false interaction.exploration_eps=0 interaction.validation_seed=1000 interaction.test_seed=2000000 eval_steps=null save_steps=20000 keep_only_latest_checkpoint=false save_replay_buffer=true save_final_replay_buffer=true
official_qrl_1q_GO-QRL+Max4+LN+RMSG-M_200k_20kckpt_val100_test100_dmc_manipulator_bring_ball_online_s1000	online	manipulator_bring_ball	1000	200000	4.4m	env.kind=dmc +go_qrl_model_size=m agent.actor.losses.min_dist.latent_goal_steps=4 agent.actor.losses.min_dist.latent_goal_keep_best=true agent.actor.losses.min_dist.latent_goal_lr=0.01 agent.actor.losses.min_dist.latent_goal_search=direct agent.quasimetric_critic.model.encoder.branch_normalization=layernorm agent.actor.losses.min_dist.latent_goal_mode=max agent.actor.losses.min_dist.latent_goal_optim=rmsg interaction.num_eval_episodes=100 interaction.num_test_episodes=100 agent.actor.losses.min_dist.adaptive_entropy_regularizer=true agent.actor.losses.min_dist.entropy_mc_samples=100 agent.actor.losses.min_dist.add_goal_as_future_state=true agent.actor.losses.behavior_cloning.weight=0 agent.goal_set_distance.enabled=false interaction.exploration_eps=0 interaction.validation_seed=1000 interaction.test_seed=2000000 eval_steps=null save_steps=20000 keep_only_latest_checkpoint=false save_replay_buffer=true save_final_replay_buffer=true
official_qrl_1q_GO-QRL+Max4+LN+RMSG-M_200k_20kckpt_val100_test100_dmc_manipulator_bring_ball_online_s1001	online	manipulator_bring_ball	1001	200000	4.4m	env.kind=dmc +go_qrl_model_size=m agent.actor.losses.min_dist.latent_goal_steps=4 agent.actor.losses.min_dist.latent_goal_keep_best=true agent.actor.losses.min_dist.latent_goal_lr=0.01 agent.actor.losses.min_dist.latent_goal_search=direct agent.quasimetric_critic.model.encoder.branch_normalization=layernorm agent.actor.losses.min_dist.latent_goal_mode=max agent.actor.losses.min_dist.latent_goal_optim=rmsg interaction.num_eval_episodes=100 interaction.num_test_episodes=100 agent.actor.losses.min_dist.adaptive_entropy_regularizer=true agent.actor.losses.min_dist.entropy_mc_samples=100 agent.actor.losses.min_dist.add_goal_as_future_state=true agent.actor.losses.behavior_cloning.weight=0 agent.goal_set_distance.enabled=false interaction.exploration_eps=0 interaction.validation_seed=1000 interaction.test_seed=2000000 eval_steps=null save_steps=20000 keep_only_latest_checkpoint=false save_replay_buffer=true save_final_replay_buffer=true
official_qrl_1q_GO-QRL+Max4+LN+RMSG-M_200k_20kckpt_val100_test100_dmc_manipulator_bring_ball_online_s1002	online	manipulator_bring_ball	1002	200000	4.4m	env.kind=dmc +go_qrl_model_size=m agent.actor.losses.min_dist.latent_goal_steps=4 agent.actor.losses.min_dist.latent_goal_keep_best=true agent.actor.losses.min_dist.latent_goal_lr=0.01 agent.actor.losses.min_dist.latent_goal_search=direct agent.quasimetric_critic.model.encoder.branch_normalization=layernorm agent.actor.losses.min_dist.latent_goal_mode=max agent.actor.losses.min_dist.latent_goal_optim=rmsg interaction.num_eval_episodes=100 interaction.num_test_episodes=100 agent.actor.losses.min_dist.adaptive_entropy_regularizer=true agent.actor.losses.min_dist.entropy_mc_samples=100 agent.actor.losses.min_dist.add_goal_as_future_state=true agent.actor.losses.behavior_cloning.weight=0 agent.goal_set_distance.enabled=false interaction.exploration_eps=0 interaction.validation_seed=1000 interaction.test_seed=2000000 eval_steps=null save_steps=20000 keep_only_latest_checkpoint=false save_replay_buffer=true save_final_replay_buffer=true
official_qrl_1q_GO-QRL+Max4+LN+RMSG-M_200k_20kckpt_val100_test100_dmc_manipulator_bring_ball_online_s1003	online	manipulator_bring_ball	1003	200000	4.4m	env.kind=dmc +go_qrl_model_size=m agent.actor.losses.min_dist.latent_goal_steps=4 agent.actor.losses.min_dist.latent_goal_keep_best=true agent.actor.losses.min_dist.latent_goal_lr=0.01 agent.actor.losses.min_dist.latent_goal_search=direct agent.quasimetric_critic.model.encoder.branch_normalization=layernorm agent.actor.losses.min_dist.latent_goal_mode=max agent.actor.losses.min_dist.latent_goal_optim=rmsg interaction.num_eval_episodes=100 interaction.num_test_episodes=100 agent.actor.losses.min_dist.adaptive_entropy_regularizer=true agent.actor.losses.min_dist.entropy_mc_samples=100 agent.actor.losses.min_dist.add_goal_as_future_state=true agent.actor.losses.behavior_cloning.weight=0 agent.goal_set_distance.enabled=false interaction.exploration_eps=0 interaction.validation_seed=1000 interaction.test_seed=2000000 eval_steps=null save_steps=20000 keep_only_latest_checkpoint=false save_replay_buffer=true save_final_replay_buffer=true
official_qrl_1q_GO-QRL+Max4+LN+RMSG-M_200k_20kckpt_val100_test100_dmc_manipulator_bring_ball_online_s1004	online	manipulator_bring_ball	1004	200000	4.4m	env.kind=dmc +go_qrl_model_size=m agent.actor.losses.min_dist.latent_goal_steps=4 agent.actor.losses.min_dist.latent_goal_keep_best=true agent.actor.losses.min_dist.latent_goal_lr=0.01 agent.actor.losses.min_dist.latent_goal_search=direct agent.quasimetric_critic.model.encoder.branch_normalization=layernorm agent.actor.losses.min_dist.latent_goal_mode=max agent.actor.losses.min_dist.latent_goal_optim=rmsg interaction.num_eval_episodes=100 interaction.num_test_episodes=100 agent.actor.losses.min_dist.adaptive_entropy_regularizer=true agent.actor.losses.min_dist.entropy_mc_samples=100 agent.actor.losses.min_dist.add_goal_as_future_state=true agent.actor.losses.behavior_cloning.weight=0 agent.goal_set_distance.enabled=false interaction.exploration_eps=0 interaction.validation_seed=1000 interaction.test_seed=2000000 eval_steps=null save_steps=20000 keep_only_latest_checkpoint=false save_replay_buffer=true save_final_replay_buffer=true
official_qrl_1q_GO-QRL+Min4+LN+RMSG-M_200k_20kckpt_val100_test100_dmc_manipulator_bring_ball_online_s1000	online	manipulator_bring_ball	1000	200000	4.4m	env.kind=dmc +go_qrl_model_size=m agent.actor.losses.min_dist.latent_goal_steps=4 agent.actor.losses.min_dist.latent_goal_keep_best=true agent.actor.losses.min_dist.latent_goal_lr=0.01 agent.actor.losses.min_dist.latent_goal_search=direct agent.quasimetric_critic.model.encoder.branch_normalization=layernorm agent.actor.losses.min_dist.latent_goal_mode=min agent.actor.losses.min_dist.latent_goal_optim=rmsg interaction.num_eval_episodes=100 interaction.num_test_episodes=100 agent.actor.losses.min_dist.adaptive_entropy_regularizer=true agent.actor.losses.min_dist.entropy_mc_samples=100 agent.actor.losses.min_dist.add_goal_as_future_state=true agent.actor.losses.behavior_cloning.weight=0 agent.goal_set_distance.enabled=false interaction.exploration_eps=0 interaction.validation_seed=1000 interaction.test_seed=2000000 eval_steps=null save_steps=20000 keep_only_latest_checkpoint=false save_replay_buffer=true save_final_replay_buffer=true
official_qrl_1q_GO-QRL+Min4+LN+RMSG-M_200k_20kckpt_val100_test100_dmc_manipulator_bring_ball_online_s1001	online	manipulator_bring_ball	1001	200000	4.4m	env.kind=dmc +go_qrl_model_size=m agent.actor.losses.min_dist.latent_goal_steps=4 agent.actor.losses.min_dist.latent_goal_keep_best=true agent.actor.losses.min_dist.latent_goal_lr=0.01 agent.actor.losses.min_dist.latent_goal_search=direct agent.quasimetric_critic.model.encoder.branch_normalization=layernorm agent.actor.losses.min_dist.latent_goal_mode=min agent.actor.losses.min_dist.latent_goal_optim=rmsg interaction.num_eval_episodes=100 interaction.num_test_episodes=100 agent.actor.losses.min_dist.adaptive_entropy_regularizer=true agent.actor.losses.min_dist.entropy_mc_samples=100 agent.actor.losses.min_dist.add_goal_as_future_state=true agent.actor.losses.behavior_cloning.weight=0 agent.goal_set_distance.enabled=false interaction.exploration_eps=0 interaction.validation_seed=1000 interaction.test_seed=2000000 eval_steps=null save_steps=20000 keep_only_latest_checkpoint=false save_replay_buffer=true save_final_replay_buffer=true
official_qrl_1q_GO-QRL+Min4+LN+RMSG-M_200k_20kckpt_val100_test100_dmc_manipulator_bring_ball_online_s1002	online	manipulator_bring_ball	1002	200000	4.4m	env.kind=dmc +go_qrl_model_size=m agent.actor.losses.min_dist.latent_goal_steps=4 agent.actor.losses.min_dist.latent_goal_keep_best=true agent.actor.losses.min_dist.latent_goal_lr=0.01 agent.actor.losses.min_dist.latent_goal_search=direct agent.quasimetric_critic.model.encoder.branch_normalization=layernorm agent.actor.losses.min_dist.latent_goal_mode=min agent.actor.losses.min_dist.latent_goal_optim=rmsg interaction.num_eval_episodes=100 interaction.num_test_episodes=100 agent.actor.losses.min_dist.adaptive_entropy_regularizer=true agent.actor.losses.min_dist.entropy_mc_samples=100 agent.actor.losses.min_dist.add_goal_as_future_state=true agent.actor.losses.behavior_cloning.weight=0 agent.goal_set_distance.enabled=false interaction.exploration_eps=0 interaction.validation_seed=1000 interaction.test_seed=2000000 eval_steps=null save_steps=20000 keep_only_latest_checkpoint=false save_replay_buffer=true save_final_replay_buffer=true
official_qrl_1q_GO-QRL+Min4+LN+RMSG-M_200k_20kckpt_val100_test100_dmc_manipulator_bring_ball_online_s1003	online	manipulator_bring_ball	1003	200000	4.4m	env.kind=dmc +go_qrl_model_size=m agent.actor.losses.min_dist.latent_goal_steps=4 agent.actor.losses.min_dist.latent_goal_keep_best=true agent.actor.losses.min_dist.latent_goal_lr=0.01 agent.actor.losses.min_dist.latent_goal_search=direct agent.quasimetric_critic.model.encoder.branch_normalization=layernorm agent.actor.losses.min_dist.latent_goal_mode=min agent.actor.losses.min_dist.latent_goal_optim=rmsg interaction.num_eval_episodes=100 interaction.num_test_episodes=100 agent.actor.losses.min_dist.adaptive_entropy_regularizer=true agent.actor.losses.min_dist.entropy_mc_samples=100 agent.actor.losses.min_dist.add_goal_as_future_state=true agent.actor.losses.behavior_cloning.weight=0 agent.goal_set_distance.enabled=false interaction.exploration_eps=0 interaction.validation_seed=1000 interaction.test_seed=2000000 eval_steps=null save_steps=20000 keep_only_latest_checkpoint=false save_replay_buffer=true save_final_replay_buffer=true
official_qrl_1q_GO-QRL+Min4+LN+RMSG-M_200k_20kckpt_val100_test100_dmc_manipulator_bring_ball_online_s1004	online	manipulator_bring_ball	1004	200000	4.4m	env.kind=dmc +go_qrl_model_size=m agent.actor.losses.min_dist.latent_goal_steps=4 agent.actor.losses.min_dist.latent_goal_keep_best=true agent.actor.losses.min_dist.latent_goal_lr=0.01 agent.actor.losses.min_dist.latent_goal_search=direct agent.quasimetric_critic.model.encoder.branch_normalization=layernorm agent.actor.losses.min_dist.latent_goal_mode=min agent.actor.losses.min_dist.latent_goal_optim=rmsg interaction.num_eval_episodes=100 interaction.num_test_episodes=100 agent.actor.losses.min_dist.adaptive_entropy_regularizer=true agent.actor.losses.min_dist.entropy_mc_samples=100 agent.actor.losses.min_dist.add_goal_as_future_state=true agent.actor.losses.behavior_cloning.weight=0 agent.goal_set_distance.enabled=false interaction.exploration_eps=0 interaction.validation_seed=1000 interaction.test_seed=2000000 eval_steps=null save_steps=20000 keep_only_latest_checkpoint=false save_replay_buffer=true save_final_replay_buffer=true
official_qrl_1q_Base-M_200k_20kckpt_val100_test100_dmc_manipulator_bring_peg_online_s1000	online	manipulator_bring_peg	1000	200000	4.2m	env.kind=dmc +qrl_model_size=m interaction.num_eval_episodes=100 interaction.num_test_episodes=100 agent.actor.losses.min_dist.adaptive_entropy_regularizer=true agent.actor.losses.min_dist.entropy_mc_samples=100 agent.actor.losses.min_dist.add_goal_as_future_state=true agent.actor.losses.behavior_cloning.weight=0 agent.goal_set_distance.enabled=false interaction.exploration_eps=0 interaction.validation_seed=1000 interaction.test_seed=2000000 eval_steps=null save_steps=20000 keep_only_latest_checkpoint=false save_replay_buffer=true save_final_replay_buffer=true
official_qrl_1q_Base-M_200k_20kckpt_val100_test100_dmc_manipulator_bring_peg_online_s1001	online	manipulator_bring_peg	1001	200000	4.2m	env.kind=dmc +qrl_model_size=m interaction.num_eval_episodes=100 interaction.num_test_episodes=100 agent.actor.losses.min_dist.adaptive_entropy_regularizer=true agent.actor.losses.min_dist.entropy_mc_samples=100 agent.actor.losses.min_dist.add_goal_as_future_state=true agent.actor.losses.behavior_cloning.weight=0 agent.goal_set_distance.enabled=false interaction.exploration_eps=0 interaction.validation_seed=1000 interaction.test_seed=2000000 eval_steps=null save_steps=20000 keep_only_latest_checkpoint=false save_replay_buffer=true save_final_replay_buffer=true
official_qrl_1q_Base-M_200k_20kckpt_val100_test100_dmc_manipulator_bring_peg_online_s1002	online	manipulator_bring_peg	1002	200000	4.2m	env.kind=dmc +qrl_model_size=m interaction.num_eval_episodes=100 interaction.num_test_episodes=100 agent.actor.losses.min_dist.adaptive_entropy_regularizer=true agent.actor.losses.min_dist.entropy_mc_samples=100 agent.actor.losses.min_dist.add_goal_as_future_state=true agent.actor.losses.behavior_cloning.weight=0 agent.goal_set_distance.enabled=false interaction.exploration_eps=0 interaction.validation_seed=1000 interaction.test_seed=2000000 eval_steps=null save_steps=20000 keep_only_latest_checkpoint=false save_replay_buffer=true save_final_replay_buffer=true
official_qrl_1q_Base-M_200k_20kckpt_val100_test100_dmc_manipulator_bring_peg_online_s1003	online	manipulator_bring_peg	1003	200000	4.2m	env.kind=dmc +qrl_model_size=m interaction.num_eval_episodes=100 interaction.num_test_episodes=100 agent.actor.losses.min_dist.adaptive_entropy_regularizer=true agent.actor.losses.min_dist.entropy_mc_samples=100 agent.actor.losses.min_dist.add_goal_as_future_state=true agent.actor.losses.behavior_cloning.weight=0 agent.goal_set_distance.enabled=false interaction.exploration_eps=0 interaction.validation_seed=1000 interaction.test_seed=2000000 eval_steps=null save_steps=20000 keep_only_latest_checkpoint=false save_replay_buffer=true save_final_replay_buffer=true
official_qrl_1q_Base-M_200k_20kckpt_val100_test100_dmc_manipulator_bring_peg_online_s1004	online	manipulator_bring_peg	1004	200000	4.2m	env.kind=dmc +qrl_model_size=m interaction.num_eval_episodes=100 interaction.num_test_episodes=100 agent.actor.losses.min_dist.adaptive_entropy_regularizer=true agent.actor.losses.min_dist.entropy_mc_samples=100 agent.actor.losses.min_dist.add_goal_as_future_state=true agent.actor.losses.behavior_cloning.weight=0 agent.goal_set_distance.enabled=false interaction.exploration_eps=0 interaction.validation_seed=1000 interaction.test_seed=2000000 eval_steps=null save_steps=20000 keep_only_latest_checkpoint=false save_replay_buffer=true save_final_replay_buffer=true
official_qrl_1q_GO-QRL+Max4-M_200k_20kckpt_val100_test100_dmc_manipulator_bring_peg_online_s1000	online	manipulator_bring_peg	1000	200000	4.4m	env.kind=dmc +go_qrl_model_size=m agent.actor.losses.min_dist.latent_goal_steps=4 agent.actor.losses.min_dist.latent_goal_keep_best=true agent.actor.losses.min_dist.latent_goal_lr=0.01 agent.actor.losses.min_dist.latent_goal_search=direct agent.quasimetric_critic.model.encoder.branch_normalization=none agent.actor.losses.min_dist.latent_goal_mode=max agent.actor.losses.min_dist.latent_goal_optim=sgd interaction.num_eval_episodes=100 interaction.num_test_episodes=100 agent.actor.losses.min_dist.adaptive_entropy_regularizer=true agent.actor.losses.min_dist.entropy_mc_samples=100 agent.actor.losses.min_dist.add_goal_as_future_state=true agent.actor.losses.behavior_cloning.weight=0 agent.goal_set_distance.enabled=false interaction.exploration_eps=0 interaction.validation_seed=1000 interaction.test_seed=2000000 eval_steps=null save_steps=20000 keep_only_latest_checkpoint=false save_replay_buffer=true save_final_replay_buffer=true
official_qrl_1q_GO-QRL+Max4-M_200k_20kckpt_val100_test100_dmc_manipulator_bring_peg_online_s1001	online	manipulator_bring_peg	1001	200000	4.4m	env.kind=dmc +go_qrl_model_size=m agent.actor.losses.min_dist.latent_goal_steps=4 agent.actor.losses.min_dist.latent_goal_keep_best=true agent.actor.losses.min_dist.latent_goal_lr=0.01 agent.actor.losses.min_dist.latent_goal_search=direct agent.quasimetric_critic.model.encoder.branch_normalization=none agent.actor.losses.min_dist.latent_goal_mode=max agent.actor.losses.min_dist.latent_goal_optim=sgd interaction.num_eval_episodes=100 interaction.num_test_episodes=100 agent.actor.losses.min_dist.adaptive_entropy_regularizer=true agent.actor.losses.min_dist.entropy_mc_samples=100 agent.actor.losses.min_dist.add_goal_as_future_state=true agent.actor.losses.behavior_cloning.weight=0 agent.goal_set_distance.enabled=false interaction.exploration_eps=0 interaction.validation_seed=1000 interaction.test_seed=2000000 eval_steps=null save_steps=20000 keep_only_latest_checkpoint=false save_replay_buffer=true save_final_replay_buffer=true
official_qrl_1q_GO-QRL+Max4-M_200k_20kckpt_val100_test100_dmc_manipulator_bring_peg_online_s1002	online	manipulator_bring_peg	1002	200000	4.4m	env.kind=dmc +go_qrl_model_size=m agent.actor.losses.min_dist.latent_goal_steps=4 agent.actor.losses.min_dist.latent_goal_keep_best=true agent.actor.losses.min_dist.latent_goal_lr=0.01 agent.actor.losses.min_dist.latent_goal_search=direct agent.quasimetric_critic.model.encoder.branch_normalization=none agent.actor.losses.min_dist.latent_goal_mode=max agent.actor.losses.min_dist.latent_goal_optim=sgd interaction.num_eval_episodes=100 interaction.num_test_episodes=100 agent.actor.losses.min_dist.adaptive_entropy_regularizer=true agent.actor.losses.min_dist.entropy_mc_samples=100 agent.actor.losses.min_dist.add_goal_as_future_state=true agent.actor.losses.behavior_cloning.weight=0 agent.goal_set_distance.enabled=false interaction.exploration_eps=0 interaction.validation_seed=1000 interaction.test_seed=2000000 eval_steps=null save_steps=20000 keep_only_latest_checkpoint=false save_replay_buffer=true save_final_replay_buffer=true
official_qrl_1q_GO-QRL+Max4-M_200k_20kckpt_val100_test100_dmc_manipulator_bring_peg_online_s1003	online	manipulator_bring_peg	1003	200000	4.4m	env.kind=dmc +go_qrl_model_size=m agent.actor.losses.min_dist.latent_goal_steps=4 agent.actor.losses.min_dist.latent_goal_keep_best=true agent.actor.losses.min_dist.latent_goal_lr=0.01 agent.actor.losses.min_dist.latent_goal_search=direct agent.quasimetric_critic.model.encoder.branch_normalization=none agent.actor.losses.min_dist.latent_goal_mode=max agent.actor.losses.min_dist.latent_goal_optim=sgd interaction.num_eval_episodes=100 interaction.num_test_episodes=100 agent.actor.losses.min_dist.adaptive_entropy_regularizer=true agent.actor.losses.min_dist.entropy_mc_samples=100 agent.actor.losses.min_dist.add_goal_as_future_state=true agent.actor.losses.behavior_cloning.weight=0 agent.goal_set_distance.enabled=false interaction.exploration_eps=0 interaction.validation_seed=1000 interaction.test_seed=2000000 eval_steps=null save_steps=20000 keep_only_latest_checkpoint=false save_replay_buffer=true save_final_replay_buffer=true
official_qrl_1q_GO-QRL+Max4-M_200k_20kckpt_val100_test100_dmc_manipulator_bring_peg_online_s1004	online	manipulator_bring_peg	1004	200000	4.4m	env.kind=dmc +go_qrl_model_size=m agent.actor.losses.min_dist.latent_goal_steps=4 agent.actor.losses.min_dist.latent_goal_keep_best=true agent.actor.losses.min_dist.latent_goal_lr=0.01 agent.actor.losses.min_dist.latent_goal_search=direct agent.quasimetric_critic.model.encoder.branch_normalization=none agent.actor.losses.min_dist.latent_goal_mode=max agent.actor.losses.min_dist.latent_goal_optim=sgd interaction.num_eval_episodes=100 interaction.num_test_episodes=100 agent.actor.losses.min_dist.adaptive_entropy_regularizer=true agent.actor.losses.min_dist.entropy_mc_samples=100 agent.actor.losses.min_dist.add_goal_as_future_state=true agent.actor.losses.behavior_cloning.weight=0 agent.goal_set_distance.enabled=false interaction.exploration_eps=0 interaction.validation_seed=1000 interaction.test_seed=2000000 eval_steps=null save_steps=20000 keep_only_latest_checkpoint=false save_replay_buffer=true save_final_replay_buffer=true
official_qrl_1q_GO-QRL+Min4-M_200k_20kckpt_val100_test100_dmc_manipulator_bring_peg_online_s1000	online	manipulator_bring_peg	1000	200000	4.4m	env.kind=dmc +go_qrl_model_size=m agent.actor.losses.min_dist.latent_goal_steps=4 agent.actor.losses.min_dist.latent_goal_keep_best=true agent.actor.losses.min_dist.latent_goal_lr=0.01 agent.actor.losses.min_dist.latent_goal_search=direct agent.quasimetric_critic.model.encoder.branch_normalization=none agent.actor.losses.min_dist.latent_goal_mode=min agent.actor.losses.min_dist.latent_goal_optim=sgd interaction.num_eval_episodes=100 interaction.num_test_episodes=100 agent.actor.losses.min_dist.adaptive_entropy_regularizer=true agent.actor.losses.min_dist.entropy_mc_samples=100 agent.actor.losses.min_dist.add_goal_as_future_state=true agent.actor.losses.behavior_cloning.weight=0 agent.goal_set_distance.enabled=false interaction.exploration_eps=0 interaction.validation_seed=1000 interaction.test_seed=2000000 eval_steps=null save_steps=20000 keep_only_latest_checkpoint=false save_replay_buffer=true save_final_replay_buffer=true
official_qrl_1q_GO-QRL+Min4-M_200k_20kckpt_val100_test100_dmc_manipulator_bring_peg_online_s1001	online	manipulator_bring_peg	1001	200000	4.4m	env.kind=dmc +go_qrl_model_size=m agent.actor.losses.min_dist.latent_goal_steps=4 agent.actor.losses.min_dist.latent_goal_keep_best=true agent.actor.losses.min_dist.latent_goal_lr=0.01 agent.actor.losses.min_dist.latent_goal_search=direct agent.quasimetric_critic.model.encoder.branch_normalization=none agent.actor.losses.min_dist.latent_goal_mode=min agent.actor.losses.min_dist.latent_goal_optim=sgd interaction.num_eval_episodes=100 interaction.num_test_episodes=100 agent.actor.losses.min_dist.adaptive_entropy_regularizer=true agent.actor.losses.min_dist.entropy_mc_samples=100 agent.actor.losses.min_dist.add_goal_as_future_state=true agent.actor.losses.behavior_cloning.weight=0 agent.goal_set_distance.enabled=false interaction.exploration_eps=0 interaction.validation_seed=1000 interaction.test_seed=2000000 eval_steps=null save_steps=20000 keep_only_latest_checkpoint=false save_replay_buffer=true save_final_replay_buffer=true
official_qrl_1q_GO-QRL+Min4-M_200k_20kckpt_val100_test100_dmc_manipulator_bring_peg_online_s1002	online	manipulator_bring_peg	1002	200000	4.4m	env.kind=dmc +go_qrl_model_size=m agent.actor.losses.min_dist.latent_goal_steps=4 agent.actor.losses.min_dist.latent_goal_keep_best=true agent.actor.losses.min_dist.latent_goal_lr=0.01 agent.actor.losses.min_dist.latent_goal_search=direct agent.quasimetric_critic.model.encoder.branch_normalization=none agent.actor.losses.min_dist.latent_goal_mode=min agent.actor.losses.min_dist.latent_goal_optim=sgd interaction.num_eval_episodes=100 interaction.num_test_episodes=100 agent.actor.losses.min_dist.adaptive_entropy_regularizer=true agent.actor.losses.min_dist.entropy_mc_samples=100 agent.actor.losses.min_dist.add_goal_as_future_state=true agent.actor.losses.behavior_cloning.weight=0 agent.goal_set_distance.enabled=false interaction.exploration_eps=0 interaction.validation_seed=1000 interaction.test_seed=2000000 eval_steps=null save_steps=20000 keep_only_latest_checkpoint=false save_replay_buffer=true save_final_replay_buffer=true
official_qrl_1q_GO-QRL+Min4-M_200k_20kckpt_val100_test100_dmc_manipulator_bring_peg_online_s1003	online	manipulator_bring_peg	1003	200000	4.4m	env.kind=dmc +go_qrl_model_size=m agent.actor.losses.min_dist.latent_goal_steps=4 agent.actor.losses.min_dist.latent_goal_keep_best=true agent.actor.losses.min_dist.latent_goal_lr=0.01 agent.actor.losses.min_dist.latent_goal_search=direct agent.quasimetric_critic.model.encoder.branch_normalization=none agent.actor.losses.min_dist.latent_goal_mode=min agent.actor.losses.min_dist.latent_goal_optim=sgd interaction.num_eval_episodes=100 interaction.num_test_episodes=100 agent.actor.losses.min_dist.adaptive_entropy_regularizer=true agent.actor.losses.min_dist.entropy_mc_samples=100 agent.actor.losses.min_dist.add_goal_as_future_state=true agent.actor.losses.behavior_cloning.weight=0 agent.goal_set_distance.enabled=false interaction.exploration_eps=0 interaction.validation_seed=1000 interaction.test_seed=2000000 eval_steps=null save_steps=20000 keep_only_latest_checkpoint=false save_replay_buffer=true save_final_replay_buffer=true
official_qrl_1q_GO-QRL+Min4-M_200k_20kckpt_val100_test100_dmc_manipulator_bring_peg_online_s1004	online	manipulator_bring_peg	1004	200000	4.4m	env.kind=dmc +go_qrl_model_size=m agent.actor.losses.min_dist.latent_goal_steps=4 agent.actor.losses.min_dist.latent_goal_keep_best=true agent.actor.losses.min_dist.latent_goal_lr=0.01 agent.actor.losses.min_dist.latent_goal_search=direct agent.quasimetric_critic.model.encoder.branch_normalization=none agent.actor.losses.min_dist.latent_goal_mode=min agent.actor.losses.min_dist.latent_goal_optim=sgd interaction.num_eval_episodes=100 interaction.num_test_episodes=100 agent.actor.losses.min_dist.adaptive_entropy_regularizer=true agent.actor.losses.min_dist.entropy_mc_samples=100 agent.actor.losses.min_dist.add_goal_as_future_state=true agent.actor.losses.behavior_cloning.weight=0 agent.goal_set_distance.enabled=false interaction.exploration_eps=0 interaction.validation_seed=1000 interaction.test_seed=2000000 eval_steps=null save_steps=20000 keep_only_latest_checkpoint=false save_replay_buffer=true save_final_replay_buffer=true
official_qrl_1q_GO-QRL+Max4+LN+RMSG-M_200k_20kckpt_val100_test100_dmc_manipulator_bring_peg_online_s1000	online	manipulator_bring_peg	1000	200000	4.4m	env.kind=dmc +go_qrl_model_size=m agent.actor.losses.min_dist.latent_goal_steps=4 agent.actor.losses.min_dist.latent_goal_keep_best=true agent.actor.losses.min_dist.latent_goal_lr=0.01 agent.actor.losses.min_dist.latent_goal_search=direct agent.quasimetric_critic.model.encoder.branch_normalization=layernorm agent.actor.losses.min_dist.latent_goal_mode=max agent.actor.losses.min_dist.latent_goal_optim=rmsg interaction.num_eval_episodes=100 interaction.num_test_episodes=100 agent.actor.losses.min_dist.adaptive_entropy_regularizer=true agent.actor.losses.min_dist.entropy_mc_samples=100 agent.actor.losses.min_dist.add_goal_as_future_state=true agent.actor.losses.behavior_cloning.weight=0 agent.goal_set_distance.enabled=false interaction.exploration_eps=0 interaction.validation_seed=1000 interaction.test_seed=2000000 eval_steps=null save_steps=20000 keep_only_latest_checkpoint=false save_replay_buffer=true save_final_replay_buffer=true
official_qrl_1q_GO-QRL+Max4+LN+RMSG-M_200k_20kckpt_val100_test100_dmc_manipulator_bring_peg_online_s1001	online	manipulator_bring_peg	1001	200000	4.4m	env.kind=dmc +go_qrl_model_size=m agent.actor.losses.min_dist.latent_goal_steps=4 agent.actor.losses.min_dist.latent_goal_keep_best=true agent.actor.losses.min_dist.latent_goal_lr=0.01 agent.actor.losses.min_dist.latent_goal_search=direct agent.quasimetric_critic.model.encoder.branch_normalization=layernorm agent.actor.losses.min_dist.latent_goal_mode=max agent.actor.losses.min_dist.latent_goal_optim=rmsg interaction.num_eval_episodes=100 interaction.num_test_episodes=100 agent.actor.losses.min_dist.adaptive_entropy_regularizer=true agent.actor.losses.min_dist.entropy_mc_samples=100 agent.actor.losses.min_dist.add_goal_as_future_state=true agent.actor.losses.behavior_cloning.weight=0 agent.goal_set_distance.enabled=false interaction.exploration_eps=0 interaction.validation_seed=1000 interaction.test_seed=2000000 eval_steps=null save_steps=20000 keep_only_latest_checkpoint=false save_replay_buffer=true save_final_replay_buffer=true
official_qrl_1q_GO-QRL+Max4+LN+RMSG-M_200k_20kckpt_val100_test100_dmc_manipulator_bring_peg_online_s1002	online	manipulator_bring_peg	1002	200000	4.4m	env.kind=dmc +go_qrl_model_size=m agent.actor.losses.min_dist.latent_goal_steps=4 agent.actor.losses.min_dist.latent_goal_keep_best=true agent.actor.losses.min_dist.latent_goal_lr=0.01 agent.actor.losses.min_dist.latent_goal_search=direct agent.quasimetric_critic.model.encoder.branch_normalization=layernorm agent.actor.losses.min_dist.latent_goal_mode=max agent.actor.losses.min_dist.latent_goal_optim=rmsg interaction.num_eval_episodes=100 interaction.num_test_episodes=100 agent.actor.losses.min_dist.adaptive_entropy_regularizer=true agent.actor.losses.min_dist.entropy_mc_samples=100 agent.actor.losses.min_dist.add_goal_as_future_state=true agent.actor.losses.behavior_cloning.weight=0 agent.goal_set_distance.enabled=false interaction.exploration_eps=0 interaction.validation_seed=1000 interaction.test_seed=2000000 eval_steps=null save_steps=20000 keep_only_latest_checkpoint=false save_replay_buffer=true save_final_replay_buffer=true
official_qrl_1q_GO-QRL+Max4+LN+RMSG-M_200k_20kckpt_val100_test100_dmc_manipulator_bring_peg_online_s1003	online	manipulator_bring_peg	1003	200000	4.4m	env.kind=dmc +go_qrl_model_size=m agent.actor.losses.min_dist.latent_goal_steps=4 agent.actor.losses.min_dist.latent_goal_keep_best=true agent.actor.losses.min_dist.latent_goal_lr=0.01 agent.actor.losses.min_dist.latent_goal_search=direct agent.quasimetric_critic.model.encoder.branch_normalization=layernorm agent.actor.losses.min_dist.latent_goal_mode=max agent.actor.losses.min_dist.latent_goal_optim=rmsg interaction.num_eval_episodes=100 interaction.num_test_episodes=100 agent.actor.losses.min_dist.adaptive_entropy_regularizer=true agent.actor.losses.min_dist.entropy_mc_samples=100 agent.actor.losses.min_dist.add_goal_as_future_state=true agent.actor.losses.behavior_cloning.weight=0 agent.goal_set_distance.enabled=false interaction.exploration_eps=0 interaction.validation_seed=1000 interaction.test_seed=2000000 eval_steps=null save_steps=20000 keep_only_latest_checkpoint=false save_replay_buffer=true save_final_replay_buffer=true
official_qrl_1q_GO-QRL+Max4+LN+RMSG-M_200k_20kckpt_val100_test100_dmc_manipulator_bring_peg_online_s1004	online	manipulator_bring_peg	1004	200000	4.4m	env.kind=dmc +go_qrl_model_size=m agent.actor.losses.min_dist.latent_goal_steps=4 agent.actor.losses.min_dist.latent_goal_keep_best=true agent.actor.losses.min_dist.latent_goal_lr=0.01 agent.actor.losses.min_dist.latent_goal_search=direct agent.quasimetric_critic.model.encoder.branch_normalization=layernorm agent.actor.losses.min_dist.latent_goal_mode=max agent.actor.losses.min_dist.latent_goal_optim=rmsg interaction.num_eval_episodes=100 interaction.num_test_episodes=100 agent.actor.losses.min_dist.adaptive_entropy_regularizer=true agent.actor.losses.min_dist.entropy_mc_samples=100 agent.actor.losses.min_dist.add_goal_as_future_state=true agent.actor.losses.behavior_cloning.weight=0 agent.goal_set_distance.enabled=false interaction.exploration_eps=0 interaction.validation_seed=1000 interaction.test_seed=2000000 eval_steps=null save_steps=20000 keep_only_latest_checkpoint=false save_replay_buffer=true save_final_replay_buffer=true
official_qrl_1q_GO-QRL+Min4+LN+RMSG-M_200k_20kckpt_val100_test100_dmc_manipulator_bring_peg_online_s1000	online	manipulator_bring_peg	1000	200000	4.4m	env.kind=dmc +go_qrl_model_size=m agent.actor.losses.min_dist.latent_goal_steps=4 agent.actor.losses.min_dist.latent_goal_keep_best=true agent.actor.losses.min_dist.latent_goal_lr=0.01 agent.actor.losses.min_dist.latent_goal_search=direct agent.quasimetric_critic.model.encoder.branch_normalization=layernorm agent.actor.losses.min_dist.latent_goal_mode=min agent.actor.losses.min_dist.latent_goal_optim=rmsg interaction.num_eval_episodes=100 interaction.num_test_episodes=100 agent.actor.losses.min_dist.adaptive_entropy_regularizer=true agent.actor.losses.min_dist.entropy_mc_samples=100 agent.actor.losses.min_dist.add_goal_as_future_state=true agent.actor.losses.behavior_cloning.weight=0 agent.goal_set_distance.enabled=false interaction.exploration_eps=0 interaction.validation_seed=1000 interaction.test_seed=2000000 eval_steps=null save_steps=20000 keep_only_latest_checkpoint=false save_replay_buffer=true save_final_replay_buffer=true
official_qrl_1q_GO-QRL+Min4+LN+RMSG-M_200k_20kckpt_val100_test100_dmc_manipulator_bring_peg_online_s1001	online	manipulator_bring_peg	1001	200000	4.4m	env.kind=dmc +go_qrl_model_size=m agent.actor.losses.min_dist.latent_goal_steps=4 agent.actor.losses.min_dist.latent_goal_keep_best=true agent.actor.losses.min_dist.latent_goal_lr=0.01 agent.actor.losses.min_dist.latent_goal_search=direct agent.quasimetric_critic.model.encoder.branch_normalization=layernorm agent.actor.losses.min_dist.latent_goal_mode=min agent.actor.losses.min_dist.latent_goal_optim=rmsg interaction.num_eval_episodes=100 interaction.num_test_episodes=100 agent.actor.losses.min_dist.adaptive_entropy_regularizer=true agent.actor.losses.min_dist.entropy_mc_samples=100 agent.actor.losses.min_dist.add_goal_as_future_state=true agent.actor.losses.behavior_cloning.weight=0 agent.goal_set_distance.enabled=false interaction.exploration_eps=0 interaction.validation_seed=1000 interaction.test_seed=2000000 eval_steps=null save_steps=20000 keep_only_latest_checkpoint=false save_replay_buffer=true save_final_replay_buffer=true
official_qrl_1q_GO-QRL+Min4+LN+RMSG-M_200k_20kckpt_val100_test100_dmc_manipulator_bring_peg_online_s1002	online	manipulator_bring_peg	1002	200000	4.4m	env.kind=dmc +go_qrl_model_size=m agent.actor.losses.min_dist.latent_goal_steps=4 agent.actor.losses.min_dist.latent_goal_keep_best=true agent.actor.losses.min_dist.latent_goal_lr=0.01 agent.actor.losses.min_dist.latent_goal_search=direct agent.quasimetric_critic.model.encoder.branch_normalization=layernorm agent.actor.losses.min_dist.latent_goal_mode=min agent.actor.losses.min_dist.latent_goal_optim=rmsg interaction.num_eval_episodes=100 interaction.num_test_episodes=100 agent.actor.losses.min_dist.adaptive_entropy_regularizer=true agent.actor.losses.min_dist.entropy_mc_samples=100 agent.actor.losses.min_dist.add_goal_as_future_state=true agent.actor.losses.behavior_cloning.weight=0 agent.goal_set_distance.enabled=false interaction.exploration_eps=0 interaction.validation_seed=1000 interaction.test_seed=2000000 eval_steps=null save_steps=20000 keep_only_latest_checkpoint=false save_replay_buffer=true save_final_replay_buffer=true
official_qrl_1q_GO-QRL+Min4+LN+RMSG-M_200k_20kckpt_val100_test100_dmc_manipulator_bring_peg_online_s1003	online	manipulator_bring_peg	1003	200000	4.4m	env.kind=dmc +go_qrl_model_size=m agent.actor.losses.min_dist.latent_goal_steps=4 agent.actor.losses.min_dist.latent_goal_keep_best=true agent.actor.losses.min_dist.latent_goal_lr=0.01 agent.actor.losses.min_dist.latent_goal_search=direct agent.quasimetric_critic.model.encoder.branch_normalization=layernorm agent.actor.losses.min_dist.latent_goal_mode=min agent.actor.losses.min_dist.latent_goal_optim=rmsg interaction.num_eval_episodes=100 interaction.num_test_episodes=100 agent.actor.losses.min_dist.adaptive_entropy_regularizer=true agent.actor.losses.min_dist.entropy_mc_samples=100 agent.actor.losses.min_dist.add_goal_as_future_state=true agent.actor.losses.behavior_cloning.weight=0 agent.goal_set_distance.enabled=false interaction.exploration_eps=0 interaction.validation_seed=1000 interaction.test_seed=2000000 eval_steps=null save_steps=20000 keep_only_latest_checkpoint=false save_replay_buffer=true save_final_replay_buffer=true
official_qrl_1q_GO-QRL+Min4+LN+RMSG-M_200k_20kckpt_val100_test100_dmc_manipulator_bring_peg_online_s1004	online	manipulator_bring_peg	1004	200000	4.4m	env.kind=dmc +go_qrl_model_size=m agent.actor.losses.min_dist.latent_goal_steps=4 agent.actor.losses.min_dist.latent_goal_keep_best=true agent.actor.losses.min_dist.latent_goal_lr=0.01 agent.actor.losses.min_dist.latent_goal_search=direct agent.quasimetric_critic.model.encoder.branch_normalization=layernorm agent.actor.losses.min_dist.latent_goal_mode=min agent.actor.losses.min_dist.latent_goal_optim=rmsg interaction.num_eval_episodes=100 interaction.num_test_episodes=100 agent.actor.losses.min_dist.adaptive_entropy_regularizer=true agent.actor.losses.min_dist.entropy_mc_samples=100 agent.actor.losses.min_dist.add_goal_as_future_state=true agent.actor.losses.behavior_cloning.weight=0 agent.goal_set_distance.enabled=false interaction.exploration_eps=0 interaction.validation_seed=1000 interaction.test_seed=2000000 eval_steps=null save_steps=20000 keep_only_latest_checkpoint=false save_replay_buffer=true save_final_replay_buffer=true
# Pilot: GO-QRL+Max4+LNv1+RMSG on FetchReach with two seeds before the full five-seed run.
official_qrl_1q_GO-QRL+Max4+LNv1+RMSG-M_200k_20kckpt_val1000_test1000_fetchreach_online_s1000	online	FetchReach	1000	200000	4.4m	env.kind=gcrl +go_qrl_model_size=m agent.actor.losses.min_dist.latent_goal_steps=4 agent.actor.losses.min_dist.latent_goal_keep_best=true agent.actor.losses.min_dist.latent_goal_lr=0.01 agent.actor.losses.min_dist.latent_goal_search=direct agent.quasimetric_critic.model.encoder.branch_normalization=layernorm agent.quasimetric_critic.model.dynamics_output_normalization=none agent.actor.losses.min_dist.latent_goal_mode=max agent.actor.losses.min_dist.latent_goal_optim=rmsg interaction.num_eval_episodes=1000 interaction.num_test_episodes=1000 agent.actor.losses.min_dist.adaptive_entropy_regularizer=true agent.actor.losses.min_dist.entropy_mc_samples=100 agent.actor.losses.min_dist.add_goal_as_future_state=true agent.actor.losses.behavior_cloning.weight=0 agent.goal_set_distance.enabled=false interaction.exploration_eps=0 interaction.validation_seed=1000 interaction.test_seed=2000000 eval_steps=null save_steps=20000 keep_only_latest_checkpoint=false save_replay_buffer=true save_final_replay_buffer=true
official_qrl_1q_GO-QRL+Max4+LNv1+RMSG-M_200k_20kckpt_val1000_test1000_fetchreach_online_s1001	online	FetchReach	1001	200000	4.4m	env.kind=gcrl +go_qrl_model_size=m agent.actor.losses.min_dist.latent_goal_steps=4 agent.actor.losses.min_dist.latent_goal_keep_best=true agent.actor.losses.min_dist.latent_goal_lr=0.01 agent.actor.losses.min_dist.latent_goal_search=direct agent.quasimetric_critic.model.encoder.branch_normalization=layernorm agent.quasimetric_critic.model.dynamics_output_normalization=none agent.actor.losses.min_dist.latent_goal_mode=max agent.actor.losses.min_dist.latent_goal_optim=rmsg interaction.num_eval_episodes=1000 interaction.num_test_episodes=1000 agent.actor.losses.min_dist.adaptive_entropy_regularizer=true agent.actor.losses.min_dist.entropy_mc_samples=100 agent.actor.losses.min_dist.add_goal_as_future_state=true agent.actor.losses.behavior_cloning.weight=0 agent.goal_set_distance.enabled=false interaction.exploration_eps=0 interaction.validation_seed=1000 interaction.test_seed=2000000 eval_steps=null save_steps=20000 keep_only_latest_checkpoint=false save_replay_buffer=true save_final_replay_buffer=true
